4417220,BROOKLYN,5,14,0,0,Distraction,SEDAN
4424956,UNKNOWN,6,9,1,1,Human_Error,SEDAN
4415615,UNKNOWN,5,23,0,0,Distraction,STATION WAGON/SPORT UTILITY VEHICLE
4424877,BROOKLYN,6,13,0,0,Other_Unknown,SEDAN
4491303,BROOKLYN,12,19,0,0,Other_Unknown,SEDAN
4407500,BRONX,4,16,1,0,Other_Unknown,SEDAN
4417026,BROOKLYN,5,2,0,0,Other_Unknown,OTHER
4491284,BROOKLYN,12,11,0,0,Distraction,SEDAN
4415920,QUEENS,5,22,0,0,Human_Error,SEDAN
4456170,QUEENS,9,8,1,1,Human_Error,STATION WAGON/SPORT UTILITY VEHICLE
4425716,UNKNOWN,6,17,1,1,Other_Unknown,STATION WAGON/SPORT UTILITY VEHICLE
4465739,BROOKLYN,10,19,0,0,Other_Unknown,SEDAN
4485653,UNKNOWN,12,9,1,0,Aggressive_Driving,SEDAN
4460042,UNKNOWN,9,0,0,0,Human_Error,SEDAN
4416783,BRONX,5,20,0,1,Distraction,STATION WAGON/SPORT UTILITY VEHICLE
4542732,UNKNOWN,6,9,1,0,Distraction,BUS
4417263,BROOKLYN,5,14,0,1,Human_Error,SEDAN
4408881,BROOKLYN,4,8,1,0,Distraction,STATION WAGON/SPORT UTILITY VEHICLE
4409289,QUEENS,4,14,0,0,Other_Unknown,STATION WAGON/SPORT UTILITY VEHICLE
4417891,BROOKLYN,5,22,0,1,Distraction,SEDAN
4425583,UNKNOWN,6,23,0,0,Other_Unknown,STATION WAGON/SPORT UTILITY VEHICLE
4504418,BRONX,2,21,0,1,Other_Unknown,STATION WAGON/SPORT UTILITY VEHICLE
4515720,UNKNOWN,4,22,0,1,Human_Error,STATION WAGON/SPORT UTILITY VEHICLE
4426308,UNKNOWN,6,17,1,1,Distraction,SEDAN
4417966,BRONX,5,15,0,0,Other_Unknown,STATION WAGON/SPORT UTILITY VEHICLE
4427050,QUEENS,6,21,0,1,Other_Unknown,SEDAN
4457069,UNKNOWN,9,5,0,0,Human_Error,SEDAN
4409280,UNKNOWN,4,1,0,0,Distraction,SEDAN
4409712,STATEN ISLAND,4,13,0,0,Distraction,SEDAN
4457875,BRONX,9,12,0,0,Other_Unknown,OTHER
4457733,QUEENS,9,14,0,0,Other_Unknown,SEDAN
4410926,UNKNOWN,4,11,0,1,Human_Error,SEDAN
4418681,QUEENS,5,19,0,0,Other_Unknown,SEDAN
4411002,STATEN ISLAND,4,19,0,1,Distraction,SEDAN
4410429,BRONX,4,1,0,1,Distraction,SEDAN
4489141,BROOKLYN,12,11,0,0,Other_Unknown,TAXI
4461970,UNKNOWN,9,15,0,0,Other_Unknown,STATION WAGON/SPORT UTILITY VEHICLE
4462033,MANHATTAN,9,12,0,0,Other_Unknown,SEDAN
4419823,UNKNOWN,5,20,0,1,Human_Error,STATION WAGON/SPORT UTILITY VEHICLE
4420023,UNKNOWN,5,12,0,0,Distraction,STATION WAGON/SPORT UTILITY VEHICLE
4411281,MANHATTAN,4,15,0,0,Other_Unknown,OTHER
4419623,UNKNOWN,5,10,0,1,Other_Unknown,SEDAN
4541789,QUEENS,6,7,1,0,Distraction,SEDAN
4484754,QUEENS,12,17,1,0,Other_Unknown,SEDAN
4458637,QUEENS,9,3,0,1,Human_Error,STATION WAGON/SPORT UTILITY VEHICLE
4457602,QUEENS,9,17,1,0,Human_Error,BOX TRUCK
4457766,UNKNOWN,9,17,1,0,Other_Unknown,SEDAN
4487905,UNKNOWN,12,4,0,1,Human_Error,SEDAN
4567274,BROOKLYN,9,8,1,0,Human_Error,SEDAN
4515192,BROOKLYN,3,5,0,0,Distraction,OTHER
4429310,BRONX,6,23,0,1,Other_Unknown,SEDAN
4462210,QUEENS,9,8,1,0,Other_Unknown,SEDAN
4412245,UNKNOWN,5,0,0,1,Aggressive_Driving,MOTORCYCLE
4420911,QUEENS,5,8,1,0,Distraction,PICK-UP TRUCK
4430362,UNKNOWN,6,1,0,0,Other_Unknown,STATION WAGON/SPORT UTILITY VEHICLE
4412629,UNKNOWN,5,17,1,1,Other_Unknown,BOX TRUCK
4458663,BROOKLYN,9,10,0,1,Other_Unknown,STATION WAGON/SPORT UTILITY VEHICLE
4413702,BROOKLYN,4,21,0,0,Other_Unknown,SEDAN
4421922,UNKNOWN,5,7,1,1,Vehicle_Fail,SEDAN
4459322,MANHATTAN,9,4,0,1,Other_Unknown,SEDAN
4458972,BRONX,9,16,1,1,Distraction,SEDAN
4458613,BROOKLYN,9,10,0,1,Other_Unknown,SEDAN
4431206,BROOKLYN,6,4,0,0,Other_Unknown,SEDAN
4514597,QUEENS,3,2,0,0,Distraction,OTHER
4463522,QUEENS,10,11,0,1,Other_Unknown,SEDAN
4430922,BROOKLYN,6,12,0,0,Other_Unknown,STATION WAGON/SPORT UTILITY VEHICLE
4459853,BRONX,9,4,0,1,Other_Unknown,SEDAN
4517020,UNKNOWN,4,21,0,0,Distraction,STATION WAGON/SPORT UTILITY VEHICLE
4485585,QUEENS,12,15,0,0,Human_Error,STATION WAGON/SPORT UTILITY VEHICLE
4493811,MANHATTAN,1,22,0,0,Aggressive_Driving,OTHER
4515444,UNKNOWN,4,10,0,0,Other_Unknown,SEDAN
4459660,STATEN ISLAND,9,10,0,0,Human_Error,STATION WAGON/SPORT UTILITY VEHICLE
4494131,UNKNOWN,1,5,0,0,Human_Error,STATION WAGON/SPORT UTILITY VEHICLE
4424271,BRONX,6,16,1,0,Distraction,SEDAN
4423797,QUEENS,5,17,1,0,Other_Unknown,MOTORCYCLE
4459993,QUEENS,9,15,0,0,Distraction,SEDAN
4415188,UNKNOWN,5,12,0,1,Other_Unknown,SEDAN
4493654,UNKNOWN,1,15,0,0,Human_Error,SEDAN
4423557,UNKNOWN,6,19,0,0,Distraction,OTHER
4423507,QUEENS,6,16,1,0,Other_Unknown,STATION WAGON/SPORT UTILITY VEHICLE
4543113,STATEN ISLAND,7,0,0,0,Distraction,STATION WAGON/SPORT UTILITY VEHICLE
4542606,QUEENS,7,22,0,0,DUI_Drugs,STATION WAGON/SPORT UTILITY VEHICLE
4515073,MANHATTAN,3,11,0,0,Distraction,BOX TRUCK
4514714,BROOKLYN,3,16,1,0,Distraction,STATION WAGON/SPORT UTILITY VEHICLE
4424590,BROOKLYN,6,16,1,1,Distraction,SEDAN
4424268,BRONX,6,15,0,1,Aggressive_Driving,SEDAN
4456628,BROOKLYN,7,17,1,0,Human_Error,E-BIKE
4408057,UNKNOWN,4,16,1,0,Other_Unknown,STATION WAGON/SPORT UTILITY VEHICLE
4424585,UNKNOWN,6,15,0,0,Aggressive_Driving,BUS
4424758,QUEENS,6,14,0,0,Distraction,E-BIKE
4417225,BROOKLYN,5,23,0,0,Human_Error,SEDAN
4415202,QUEENS,5,14,0,0,Aggressive_Driving,SEDAN
4407974,UNKNOWN,4,0,0,1,Aggressive_Driving,SEDAN
4407364,QUEENS,4,6,0,0,Other_Unknown,SEDAN
4408414,QUEENS,4,19,0,0,Human_Error,SEDAN
4425722,MANHATTAN,5,16,1,1,Other_Unknown,UNKNOWN
4456551,MANHATTAN,9,16,1,1,Other_Unknown,STATION WAGON/SPORT UTILITY VEHICLE
4455897,BROOKLYN,9,18,1,1,Other_Unknown,E-BIKE
4425151,BROOKLYN,6,15,0,0,Vehicle_Fail,STATION WAGON/SPORT UTILITY VEHICLE
4408681,BROOKLYN,4,15,0,0,Distraction,STATION WAGON/SPORT UTILITY VEHICLE
4465683,STATEN ISLAND,10,22,0,0,Distraction,SEDAN
4416674,QUEENS,5,12,0,1,Human_Error,SEDAN
4408029,BROOKLYN,4,0,0,1,Other_Unknown,SEDAN
4464629,MANHATTAN,10,3,0,0,Other_Unknown,BIKE
4542735,UNKNOWN,6,2,0,0,Other_Unknown,OTHER
4425252,UNKNOWN,6,16,1,0,Human_Error,STATION WAGON/SPORT UTILITY VEHICLE
4426378,UNKNOWN,6,17,1,0,Other_Unknown,STATION WAGON/SPORT UTILITY VEHICLE
4417930,UNKNOWN,5,19,0,0,Other_Unknown,SEDAN
4427273,MANHATTAN,6,11,0,1,Human_Error,STATION WAGON/SPORT UTILITY VEHICLE
4418137,BROOKLYN,5,6,0,0,Other_Unknown,OTHER
4522085,BROOKLYN,4,18,1,0,Other_Unknown,STATION WAGON/SPORT UTILITY VEHICLE
4461912,QUEENS,9,10,0,0,Other_Unknown,STATION WAGON/SPORT UTILITY VEHICLE
4457454,BRONX,9,15,0,0,Other_Unknown,SEDAN
4409802,BROOKLYN,4,11,0,0,Other_Unknown,SEDAN
4489155,UNKNOWN,12,6,0,0,Human_Error,SEDAN
4409649,BROOKLYN,4,16,1,0,Other_Unknown,SEDAN
4462109,MANHATTAN,9,5,0,1,Distraction,STATION WAGON/SPORT UTILITY VEHICLE
4409168,UNKNOWN,4,0,0,0,Other_Unknown,PICK-UP TRUCK
4465896,UNKNOWN,10,20,0,1,Other_Unknown,SEDAN
4427108,UNKNOWN,6,14,0,0,Other_Unknown,STATION WAGON/SPORT UTILITY VEHICLE
4418988,BROOKLYN,5,16,1,0,Other_Unknown,STATION WAGON/SPORT UTILITY VEHICLE
4427558,UNKNOWN,6,16,1,0,Human_Error,STATION WAGON/SPORT UTILITY VEHICLE
4491510,QUEENS,1,16,1,1,Human_Error,SEDAN
4598353,UNKNOWN,1,1,0,1,Human_Error,SEDAN
4491638,QUEENS,1,20,0,1,Aggressive_Driving,SEDAN
4489451,BRONX,12,17,1,0,Distraction,STATION WAGON/SPORT UTILITY VEHICLE
4411030,QUEENS,4,15,0,1,Other_Unknown,SEDAN
4466211,BROOKLYN,10,16,1,0,Distraction,STATION WAGON/SPORT UTILITY VEHICLE
4462190,MANHATTAN,9,18,1,0,Distraction,STATION WAGON/SPORT UTILITY VEHICLE
4516436,MANHATTAN,3,14,0,0,Human_Error,SEDAN
4488093,UNKNOWN,12,18,1,0,Distraction,STATION WAGON/SPORT UTILITY VEHICLE
4492092,BRONX,12,19,0,0,Distraction,BUS
4419086,QUEENS,5,17,1,1,Distraction,SEDAN
4462032,UNKNOWN,9,12,0,0,Other_Unknown,STATION WAGON/SPORT UTILITY VEHICLE
4488143,UNKNOWN,12,7,1,0,Road_Conditions,SEDAN
4489894,BRONX,12,23,0,1,Other_Unknown,SEDAN
4411853,MANHATTAN,4,2,0,0,Distraction,OTHER
4419433,UNKNOWN,5,10,0,1,Aggressive_Driving,STATION WAGON/SPORT UTILITY VEHICLE
4428469,UNKNOWN,6,18,1,0,Human_Error,BOX TRUCK
4411054,UNKNOWN,4,9,1,0,Distraction,STATION WAGON/SPORT UTILITY VEHICLE
4429201,UNKNOWN,6,2,0,1,Other_Unknown,SEDAN
4420309,UNKNOWN,5,11,0,0,Human_Error,STATION WAGON/SPORT UTILITY VEHICLE
4411937,BROOKLYN,4,8,1,0,Human_Error,SEDAN
4566317,QUEENS,9,0,0,0,Other_Unknown,OTHER
4420621,QUEENS,5,10,0,0,Distraction,SEDAN
4411382,BROOKLYN,4,8,1,0,Distraction,SEDAN
4429913,QUEENS,6,0,0,0,Aggressive_Driving,SEDAN
4462520,UNKNOWN,9,9,1,0,Other_Unknown,SEDAN
4516415,UNKNOWN,4,4,0,0,Human_Error,STATION WAGON/SPORT UTILITY VEHICLE
4462430,UNKNOWN,9,6,0,0,Other_Unknown,BUS
4459235,UNKNOWN,9,16,1,1,Distraction,STATION WAGON/SPORT UTILITY VEHICLE
4412113,UNKNOWN,5,2,0,1,Other_Unknown,STATION WAGON/SPORT UTILITY VEHICLE
4429661,QUEENS,6,21,0,0,Human_Error,SEDAN
4412956,QUEENS,4,5,0,0,Human_Error,SEDAN
4651356,UNKNOWN,8,1,0,0,Human_Error,SEDAN
4430161,UNKNOWN,6,11,0,0,Other_Unknown,SEDAN
4420773,UNKNOWN,5,8,1,0,Human_Error,SEDAN
4430480,QUEENS,6,0,0,0,Other_Unknown,STATION WAGON/SPORT UTILITY VEHICLE
4413273,QUEENS,5,23,0,0,Aggressive_Driving,STATION WAGON/SPORT UTILITY VEHICLE
4516844,UNKNOWN,4,17,1,0,Human_Error,SEDAN
4422284,MANHATTAN,5,18,1,0,Human_Error,SEDAN
4493458,MANHATTAN,1,20,0,1,Distraction,BUS
4485279,BROOKLYN,12,22,0,1,Other_Unknown,SEDAN
4430755,UNKNOWN,6,22,0,0,Distraction,STATION WAGON/SPORT UTILITY VEHICLE
4422858,UNKNOWN,5,20,0,0,Other_Unknown,STATION WAGON/SPORT UTILITY VEHICLE
4516576,UNKNOWN,4,0,0,0,Distraction,STATION WAGON/SPORT UTILITY VEHICLE
4516952,UNKNOWN,4,20,0,1,Aggressive_Driving,SEDAN
4414608,UNKNOWN,5,12,0,0,Distraction,OTHER
4413816,MANHATTAN,5,23,0,0,Other_Unknown,SEDAN
4414435,UNKNOWN,5,17,1,0,Aggressive_Driving,OTHER
4414215,UNKNOWN,5,21,0,0,Other_Unknown,STATION WAGON/SPORT UTILITY VEHICLE
4543620,MANHATTAN,7,16,1,1,Other_Unknown,SEDAN
4490247,STATEN ISLAND,12,15,0,0,Other_Unknown,SEDAN
4463666,QUEENS,10,19,0,1,Human_Error,SEDAN
4413786,QUEENS,5,21,0,0,Distraction,SEDAN
4459983,BROOKLYN,9,14,0,0,Other_Unknown,SEDAN
4423107,UNKNOWN,6,10,0,0,Aggressive_Driving,STATION WAGON/SPORT UTILITY VEHICLE
4423661,BROOKLYN,5,8,1,0,Distraction,STATION WAGON/SPORT UTILITY VEHICLE
4424263,UNKNOWN,6,23,0,0,Distraction,STATION WAGON/SPORT UTILITY VEHICLE
4424053,UNKNOWN,6,14,0,0,Distraction,OTHER
4423889,UNKNOWN,4,8,1,0,Other_Unknown,BOX TRUCK
4542913,BRONX,7,12,0,0,Aggressive_Driving,SEDAN
4432695,UNKNOWN,6,23,0,0,Other_Unknown,SEDAN
4423657,QUEENS,6,2,0,1,Other_Unknown,PICK-UP TRUCK
4424467,STATEN ISLAND,6,13,0,1,Other_Unknown,SEDAN
4494229,BRONX,1,10,0,0,Other_Unknown,SEDAN
4517320,BROOKLYN,4,17,1,0,Other_Unknown,STATION WAGON/SPORT UTILITY VEHICLE
4456522,UNKNOWN,9,14,0,0,Human_Error,SEDAN
4424701,BROOKLYN,6,17,1,0,Aggressive_Driving,E-BIKE
4416515,MANHATTAN,5,13,0,0,Other_Unknown,SEDAN
4465369,QUEENS,10,16,1,0,Distraction,SEDAN
4456931,BROOKLYN,9,22,0,1,Other_Unknown,SEDAN
4426782,UNKNOWN,5,11,0,0,Other_Unknown,SEDAN
4456194,UNKNOWN,9,0,0,1,Human_Error,STATION WAGON/SPORT UTILITY VEHICLE
4456414,UNKNOWN,9,14,0,1,Distraction,SEDAN
4416914,BROOKLYN,5,7,1,1,Other_Unknown,PICK-UP TRUCK
4425980,UNKNOWN,6,16,1,0,Distraction,STATION WAGON/SPORT UTILITY VEHICLE
4408836,BROOKLYN,4,0,0,0,Human_Error,SEDAN
4487438,QUEENS,12,2,0,0,Distraction,SEDAN
4465873,QUEENS,10,12,0,0,Other_Unknown,SEDAN
4489337,UNKNOWN,12,23,0,0,Distraction,SEDAN
4457715,UNKNOWN,9,21,0,0,Other_Unknown,OTHER
4426590,STATEN ISLAND,6,17,1,1,Other_Unknown,SEDAN
4465987,QUEENS,10,16,1,1,Other_Unknown,SEDAN
4408099,BROOKLYN,4,13,0,1,Distraction,STATION WAGON/SPORT UTILITY VEHICLE
4465626,UNKNOWN,10,2,0,1,Other_Unknown,SEDAN
4488971,UNKNOWN,12,19,0,0,Distraction,STATION WAGON/SPORT UTILITY VEHICLE
4491696,UNKNOWN,12,17,1,0,Other_Unknown,SEDAN
4418399,MANHATTAN,5,14,0,0,Human_Error,SEDAN
4504407,MANHATTAN,2,6,0,1,Other_Unknown,STATION WAGON/SPORT UTILITY VEHICLE
4465927,QUEENS,10,14,0,1,Other_Unknown,STATION WAGON/SPORT UTILITY VEHICLE
4418784,BROOKLYN,5,17,1,0,Other_Unknown,SEDAN
4504062,QUEENS,2,16,1,1,Distraction,SEDAN
4516039,UNKNOWN,4,20,0,1,Other_Unknown,SEDAN
4462241,UNKNOWN,9,15,0,0,Human_Error,STATION WAGON/SPORT UTILITY VEHICLE
4489518,UNKNOWN,12,19,0,1,Distraction,SEDAN
4487792,QUEENS,12,18,1,1,Other_Unknown,UNKNOWN
4420172,QUEENS,5,21,0,1,Distraction,SEDAN
4419639,BROOKLYN,5,11,0,1,Distraction,SEDAN
4466569,QUEENS,10,16,1,0,Vehicle_Fail,SEDAN
4420216,BROOKLYN,5,4,0,0,Distraction,SEDAN
4411916,UNKNOWN,4,16,1,0,Other_Unknown,OTHER
4486109,BRONX,12,6,0,0,Distraction,STATION WAGON/SPORT UTILITY VEHICLE
4490155,QUEENS,12,8,1,0,Human_Error,SEDAN
4429612,BROOKLYN,6,19,0,0,Distraction,SEDAN
4420396,UNKNOWN,5,16,1,0,Distraction,SEDAN
4412226,BROOKLYN,4,3,0,0,Distraction,STATION WAGON/SPORT UTILITY VEHICLE
4462655,QUEENS,9,14,0,0,Human_Error,STATION WAGON/SPORT UTILITY VEHICLE
4412175,MANHATTAN,4,14,0,0,Aggressive_Driving,SEDAN
4566456,UNKNOWN,9,16,1,0,Human_Error,SEDAN
4463060,BROOKLYN,10,22,0,0,Other_Unknown,SEDAN
4412211,MANHATTAN,5,18,1,1,Aggressive_Driving,SEDAN
4420834,UNKNOWN,5,4,0,0,Other_Unknown,BOX TRUCK
4412990,MANHATTAN,4,14,0,0,Road_Conditions,STATION WAGON/SPORT UTILITY VEHICLE
4543114,BROOKLYN,7,0,0,1,Other_Unknown,SEDAN
4412382,BRONX,5,18,1,1,Other_Unknown,SEDAN
4459171,MANHATTAN,9,0,0,1,Other_Unknown,SEDAN
4421190,BRONX,5,17,1,0,Other_Unknown,BIKE
4463030,BROOKLYN,9,23,0,1,Other_Unknown,SEDAN
4458913,BROOKLYN,9,2,0,1,Other_Unknown,SEDAN
4413471,UNKNOWN,5,18,1,1,Human_Error,SEDAN
4413554,QUEENS,5,15,0,1,Other_Unknown,PICK-UP TRUCK
4413555,BRONX,5,16,1,0,Other_Unknown,SEDAN
4493247,BROOKLYN,1,11,0,1,Other_Unknown,SEDAN
4458834,BROOKLYN,9,20,0,1,Distraction,SEDAN
4431277,QUEENS,6,23,0,0,Other_Unknown,SEDAN
4430980,BROOKLYN,6,14,0,0,Distraction,SEDAN
4543531,BROOKLYN,6,15,0,0,Distraction,SEDAN
4422790,BROOKLYN,6,19,0,0,Other_Unknown,SEDAN
4431901,UNKNOWN,6,16,1,0,Distraction,SEDAN
4431398,BRONX,6,15,0,1,Aggressive_Driving,OTHER
4504801,UNKNOWN,2,12,0,0,Distraction,STATION WAGON/SPORT UTILITY VEHICLE
4493736,STATEN ISLAND,1,8,1,0,Road_Conditions,SEDAN
4468929,BROOKLYN,10,13,0,0,Other_Unknown,SEDAN
4516913,BRONX,4,15,0,0,Other_Unknown,TAXI
4432163,QUEENS,6,3,0,1,Other_Unknown,STATION WAGON/SPORT UTILITY VEHICLE
4460374,MANHATTAN,9,11,0,1,Other_Unknown,OTHER
4423892,UNKNOWN,5,21,0,1,Distraction,SEDAN
4493671,BROOKLYN,1,10,0,0,Other_Unknown,STATION WAGON/SPORT UTILITY VEHICLE
4415008,UNKNOWN,5,10,0,0,Other_Unknown,SEDAN
4423909,UNKNOWN,6,9,1,0,Human_Error,STATION WAGON/SPORT UTILITY VEHICLE
4423551,QUEENS,6,4,0,0,Other_Unknown,SEDAN
4464306,UNKNOWN,10,18,1,0,Human_Error,STATION WAGON/SPORT UTILITY VEHICLE
4461230,UNKNOWN,9,21,0,0,Distraction,SEDAN
4460973,STATEN ISLAND,9,7,1,0,Distraction,SEDAN
4416285,UNKNOWN,5,13,0,0,Distraction,OTHER
4407890,BROOKLYN,4,20,0,0,Other_Unknown,PICK-UP TRUCK
4416174,BROOKLYN,5,19,0,0,Human_Error,STATION WAGON/SPORT UTILITY VEHICLE
4456845,UNKNOWN,9,12,0,0,Distraction,SEDAN
4491338,BROOKLYN,12,15,0,0,Other_Unknown,STATION WAGON/SPORT UTILITY VEHICLE
4416696,BROOKLYN,5,17,1,0,Other_Unknown,SEDAN
4416514,MANHATTAN,5,10,0,0,Other_Unknown,SEDAN
4456677,QUEENS,6,10,0,0,Human_Error,SEDAN
4491358,QUEENS,12,16,1,0,Aggressive_Driving,STATION WAGON/SPORT UTILITY VEHICLE
4491318,UNKNOWN,12,0,0,0,Distraction,SEDAN
4491540,STATEN ISLAND,12,20,0,0,Other_Unknown,SEDAN
4465508,UNKNOWN,10,20,0,0,DUI_Drugs,STATION WAGON/SPORT UTILITY VEHICLE
4425246,BROOKLYN,6,10,0,0,Other_Unknown,SEDAN
4417345,BRONX,5,6,0,1,Other_Unknown,SEDAN
4426066,BRONX,6,8,1,0,Other_Unknown,SEDAN
4417675,BROOKLYN,5,12,0,0,Human_Error,SEDAN
4490985,BROOKLYN,12,11,0,0,Other_Unknown,SEDAN
4409395,UNKNOWN,4,18,1,0,Distraction,SEDAN
4489072,BROOKLYN,12,10,0,0,Distraction,SEDAN
4489115,BROOKLYN,12,7,1,0,Human_Error,SEDAN
4457455,BROOKLYN,9,19,0,0,Other_Unknown,STATION WAGON/SPORT UTILITY VEHICLE
4426176,UNKNOWN,6,6,0,1,Other_Unknown,SEDAN
4418183,BRONX,5,17,1,0,Other_Unknown,STATION WAGON/SPORT UTILITY VEHICLE
4418172,UNKNOWN,5,12,0,0,Human_Error,STATION WAGON/SPORT UTILITY VEHICLE
4417959,UNKNOWN,5,21,0,0,Distraction,SEDAN
4461337,QUEENS,9,4,0,1,Distraction,TAXI
4461954,QUEENS,9,20,0,1,Human_Error,SEDAN
4522502,UNKNOWN,4,4,0,1,DUI_Drugs,SEDAN
4465617,BROOKLYN,10,21,0,1,Other_Unknown,E-BIKE
4409886,BROOKLYN,4,0,0,0,Aggressive_Driving,SEDAN
4489553,UNKNOWN,12,1,0,0,Other_Unknown,SEDAN
4461680,BROOKLYN,9,22,0,0,Human_Error,STATION WAGON/SPORT UTILITY VEHICLE
4410385,BRONX,4,11,0,0,Other_Unknown,STATION WAGON/SPORT UTILITY VEHICLE
4504725,BRONX,2,19,0,0,Distraction,SEDAN
4418298,BROOKLYN,5,17,1,0,Other_Unknown,OTHER
4419110,UNKNOWN,5,8,1,0,Human_Error,UNKNOWN
4543090,BRONX,7,4,0,1,DUI_Drugs,SEDAN
4465736,QUEENS,10,12,0,1,Distraction,SEDAN
4418920,QUEENS,5,12,0,0,Human_Error,STATION WAGON/SPORT UTILITY VEHICLE
4410125,BRONX,4,17,1,1,Other_Unknown,TAXI
4428064,BROOKLYN,6,16,1,0,Aggressive_Driving,SEDAN
4410681,BROOKLYN,4,21,0,1,Other_Unknown,SEDAN
4513944,QUEENS,3,16,1,1,Aggressive_Driving,SEDAN
4515895,QUEENS,4,17,1,1,Human_Error,SEDAN
4419837,STATEN ISLAND,5,19,0,0,Other_Unknown,SEDAN
4516568,UNKNOWN,4,15,0,0,Distraction,STATION WAGON/SPORT UTILITY VEHICLE
4516636,UNKNOWN,4,22,0,1,Aggressive_Driving,SEDAN
4428770,BROOKLYN,6,10,0,0,Distraction,OTHER
4411012,UNKNOWN,4,11,0,0,Aggressive_Driving,SEDAN
4541947,QUEENS,6,21,0,0,Human_Error,SEDAN
4458134,BROOKLYN,9,6,0,0,DUI_Drugs,STATION WAGON/SPORT UTILITY VEHICLE
4597869,QUEENS,1,14,0,1,Human_Error,SEDAN
4567365,MANHATTAN,9,15,0,0,Distraction,STATION WAGON/SPORT UTILITY VEHICLE
4488092,UNKNOWN,12,6,0,1,Other_Unknown,SEDAN
4490269,BRONX,12,14,0,0,Other_Unknown,STATION WAGON/SPORT UTILITY VEHICLE
4411880,BRONX,4,22,0,0,Distraction,SEDAN
4462789,UNKNOWN,9,0,0,0,Distraction,SEDAN
4411477,UNKNOWN,4,0,0,0,Other_Unknown,STATION WAGON/SPORT UTILITY VEHICLE
4566627,UNKNOWN,9,21,0,0,Distraction,STATION WAGON/SPORT UTILITY VEHICLE
4522144,BROOKLYN,4,13,0,1,Other_Unknown,SEDAN
4598884,UNKNOWN,1,18,1,0,Other_Unknown,STATION WAGON/SPORT UTILITY VEHICLE
4430212,BROOKLYN,6,18,1,1,Other_Unknown,STATION WAGON/SPORT UTILITY VEHICLE
4492809,QUEENS,1,19,0,0,Aggressive_Driving,SEDAN
4459216,BRONX,9,13,0,1,DUI_Drugs,SEDAN
4421254,UNKNOWN,5,2,0,0,Human_Error,SEDAN
4412768,BROOKLYN,5,20,0,1,Distraction,STATION WAGON/SPORT UTILITY VEHICLE
4493097,BRONX,1,18,1,0,Other_Unknown,SEDAN
4487655,QUEENS,12,4,0,1,Road_Conditions,SEDAN
4487980,UNKNOWN,12,3,0,1,Road_Conditions,STATION WAGON/SPORT UTILITY VEHICLE
4464049,BROOKLYN,9,8,1,0,Distraction,SEDAN
4459256,UNKNOWN,9,13,0,0,Aggressive_Driving,SEDAN
4493510,UNKNOWN,1,21,0,0,Human_Error,SEDAN
4490706,BRONX,12,7,1,0,Other_Unknown,SEDAN
4488168,UNKNOWN,12,8,1,0,Human_Error,OTHER
4414096,UNKNOWN,5,11,0,0,Distraction,SEDAN
4515671,MANHATTAN,3,18,1,0,Distraction,TAXI
4463471,MANHATTAN,10,13,0,1,Distraction,STATION WAGON/SPORT UTILITY VEHICLE
4463961,BROOKLYN,10,18,1,1,Human_Error,SEDAN
4566499,BROOKLYN,9,16,1,0,Distraction,SEDAN
4423432,UNKNOWN,6,19,0,0,Distraction,SEDAN
4415064,BROOKLYN,5,10,0,0,Distraction,MOTORCYCLE
4459527,UNKNOWN,9,12,0,0,Human_Error,OTHER
4459663,BROOKLYN,9,18,1,0,Other_Unknown,SEDAN
4432188,BROOKLYN,6,14,0,0,Distraction,STATION WAGON/SPORT UTILITY VEHICLE
4432589,BROOKLYN,6,18,1,0,Other_Unknown,MOTORCYCLE
4493572,UNKNOWN,1,18,1,0,Other_Unknown,SEDAN
4493882,UNKNOWN,1,14,0,0,Human_Error,OTHER
4493957,UNKNOWN,1,13,0,0,Distraction,SEDAN
4493939,BROOKLYN,1,15,0,0,Other_Unknown,SEDAN
4543945,UNKNOWN,6,17,1,0,Distraction,SEDAN
4566956,BRONX,9,8,1,0,Distraction,STATION WAGON/SPORT UTILITY VEHICLE
4459758,UNKNOWN,9,10,0,0,Human_Error,SEDAN
4424301,UNKNOWN,6,19,0,1,Human_Error,STATION WAGON/SPORT UTILITY VEHICLE
4424906,BROOKLYN,5,17,1,0,Other_Unknown,SEDAN
4416321,UNKNOWN,5,0,0,0,Aggressive_Driving,STATION WAGON/SPORT UTILITY VEHICLE
4455834,UNKNOWN,9,10,0,1,Human_Error,SEDAN
4464795,QUEENS,10,17,1,0,Other_Unknown,SEDAN
4460721,QUEENS,9,16,1,0,Other_Unknown,SEDAN
4489254,UNKNOWN,12,8,1,0,Other_Unknown,SEDAN
4456417,UNKNOWN,9,20,0,1,Distraction,TAXI
4408576,BROOKLYN,4,14,0,1,Other_Unknown,UNKNOWN
4424776,UNKNOWN,6,11,0,0,Human_Error,SEDAN
4490896,UNKNOWN,12,18,1,0,Other_Unknown,SEDAN
4416318,UNKNOWN,5,13,0,0,Other_Unknown,SEDAN
4410228,BRONX,4,8,1,0,Other_Unknown,SEDAN
4426361,UNKNOWN,6,4,0,1,Distraction,STATION WAGON/SPORT UTILITY VEHICLE
4410220,UNKNOWN,4,20,0,0,Distraction,STATION WAGON/SPORT UTILITY VEHICLE
4485693,UNKNOWN,12,18,1,1,Other_Unknown,SEDAN
4487276,BROOKLYN,12,9,1,0,Distraction,PICK-UP TRUCK
4457318,BROOKLYN,9,17,1,0,Distraction,STATION WAGON/SPORT UTILITY VEHICLE
4410490,BRONX,4,23,0,1,Other_Unknown,SEDAN
4461934,BRONX,9,9,1,0,Other_Unknown,STATION WAGON/SPORT UTILITY VEHICLE
4462111,BROOKLYN,9,14,0,0,Other_Unknown,UNKNOWN
4513886,BROOKLYN,3,15,0,1,Distraction,STATION WAGON/SPORT UTILITY VEHICLE
4462562,UNKNOWN,9,15,0,0,Other_Unknown,SEDAN
4462567,MANHATTAN,9,15,0,0,Other_Unknown,BOX TRUCK
4419174,BRONX,5,11,0,1,Distraction,SEDAN
4491827,MANHATTAN,1,22,0,0,Distraction,STATION WAGON/SPORT UTILITY VEHICLE
4487917,BROOKLYN,12,18,1,1,Distraction,STATION WAGON/SPORT UTILITY VEHICLE
4542520,QUEENS,6,17,1,0,Distraction,STATION WAGON/SPORT UTILITY VEHICLE
4542223,BROOKLYN,6,8,1,0,Other_Unknown,STATION WAGON/SPORT UTILITY VEHICLE
4420036,QUEENS,5,19,0,0,Other_Unknown,STATION WAGON/SPORT UTILITY VEHICLE
4492006,BROOKLYN,1,13,0,0,Other_Unknown,OTHER
4420268,BROOKLYN,5,11,0,0,Other_Unknown,STATION WAGON/SPORT UTILITY VEHICLE
4598601,BROOKLYN,1,10,0,0,Other_Unknown,BUS
4463496,UNKNOWN,9,1,0,0,Other_Unknown,SEDAN
4566579,BROOKLYN,9,8,1,0,Other_Unknown,STATION WAGON/SPORT UTILITY VEHICLE
4542935,BROOKLYN,7,19,0,0,Other_Unknown,SEDAN
4542997,UNKNOWN,6,8,1,0,Human_Error,STATION WAGON/SPORT UTILITY VEHICLE
4541823,QUEENS,6,5,0,0,Aggressive_Driving,SEDAN
4426072,BRONX,6,15,0,0,Other_Unknown,STATION WAGON/SPORT UTILITY VEHICLE
4461694,UNKNOWN,9,13,0,0,Other_Unknown,OTHER
4425868,QUEENS,6,8,1,0,Distraction,SEDAN
4457279,QUEENS,9,13,0,0,Distraction,SEDAN
4542469,MANHATTAN,6,16,1,0,Distraction,STATION WAGON/SPORT UTILITY VEHICLE
4457034,UNKNOWN,9,17,1,0,Human_Error,MOTORCYCLE
4486898,QUEENS,12,4,0,0,Distraction,SEDAN
4487758,BROOKLYN,12,3,0,1,Distraction,SEDAN
4466189,STATEN ISLAND,10,8,1,0,Distraction,STATION WAGON/SPORT UTILITY VEHICLE
4457135,BROOKLYN,9,0,0,0,Other_Unknown,STATION WAGON/SPORT UTILITY VEHICLE
4504202,QUEENS,2,13,0,1,Other_Unknown,STATION WAGON/SPORT UTILITY VEHICLE
4490064,BROOKLYN,12,5,0,0,Other_Unknown,STATION WAGON/SPORT UTILITY VEHICLE
4429309,UNKNOWN,6,22,0,1,Distraction,SEDAN
4411590,UNKNOWN,4,23,0,0,Distraction,SEDAN
4543671,BRONX,6,21,0,0,Distraction,SEDAN
4459072,MANHATTAN,9,0,0,0,Human_Error,SEDAN
4420667,BROOKLYN,5,5,0,0,Distraction,STATION WAGON/SPORT UTILITY VEHICLE
4412654,BROOKLYN,5,13,0,1,Other_Unknown,SEDAN
4421784,BROOKLYN,4,13,0,0,Distraction,BUS
4413380,UNKNOWN,5,5,0,1,Aggressive_Driving,STATION WAGON/SPORT UTILITY VEHICLE
4462697,UNKNOWN,9,18,1,0,Other_Unknown,SEDAN
4413075,BROOKLYN,5,12,0,0,Other_Unknown,SEDAN
4413586,BRONX,5,17,1,0,Distraction,STATION WAGON/SPORT UTILITY VEHICLE
4430905,BROOKLYN,6,5,0,0,Other_Unknown,SEDAN
4421662,BRONX,5,4,0,1,Distraction,SEDAN
4413550,BROOKLYN,5,8,1,0,Human_Error,UNKNOWN
4431197,BROOKLYN,6,23,0,0,Distraction,STATION WAGON/SPORT UTILITY VEHICLE
4422380,UNKNOWN,5,21,0,0,Other_Unknown,BOX TRUCK
4422336,QUEENS,5,16,1,0,Other_Unknown,SEDAN
4516746,UNKNOWN,4,21,0,0,Human_Error,SEDAN
4490268,UNKNOWN,12,11,0,0,Human_Error,SEDAN
4431722,MANHATTAN,6,3,0,1,Other_Unknown,SEDAN
4543813,BROOKLYN,6,23,0,1,Human_Error,STATION WAGON/SPORT UTILITY VEHICLE
4431502,QUEENS,6,0,0,1,Other_Unknown,SEDAN
4431242,UNKNOWN,6,0,0,1,Distraction,STATION WAGON/SPORT UTILITY VEHICLE
4431821,BRONX,6,9,1,1,DUI_Drugs,STATION WAGON/SPORT UTILITY VEHICLE
4515695,BRONX,3,10,0,1,Human_Error,STATION WAGON/SPORT UTILITY VEHICLE
4566139,QUEENS,9,12,0,0,Aggressive_Driving,STATION WAGON/SPORT UTILITY VEHICLE
4421892,UNKNOWN,5,12,0,0,Human_Error,SEDAN
4414452,QUEENS,5,13,0,1,Other_Unknown,STATION WAGON/SPORT UTILITY VEHICLE
4493474,UNKNOWN,1,5,0,0,Other_Unknown,STATION WAGON/SPORT UTILITY VEHICLE
4431829,MANHATTAN,6,12,0,0,Distraction,OTHER
4430957,QUEENS,6,8,1,0,Human_Error,STATION WAGON/SPORT UTILITY VEHICLE
4464129,BROOKLYN,10,5,0,0,Distraction,SEDAN
4432241,BROOKLYN,6,8,1,0,Aggressive_Driving,BOX TRUCK
4485313,UNKNOWN,12,2,0,1,Other_Unknown,STATION WAGON/SPORT UTILITY VEHICLE
4424077,BROOKLYN,6,17,1,1,Distraction,OTHER
4423651,BROOKLYN,6,13,0,1,Other_Unknown,SEDAN
4460823,BRONX,9,9,1,0,Distraction,SEDAN
4485214,UNKNOWN,12,8,1,0,Human_Error,SEDAN
4485586,BROOKLYN,12,19,0,0,Other_Unknown,SEDAN
4515545,MANHATTAN,4,23,0,1,Other_Unknown,SEDAN
4416288,UNKNOWN,5,0,0,0,Other_Unknown,SEDAN
4407642,BROOKLYN,4,20,0,0,Other_Unknown,TAXI
4516267,UNKNOWN,3,15,0,0,Aggressive_Driving,STATION WAGON/SPORT UTILITY VEHICLE
4424816,BRONX,6,8,1,0,Other_Unknown,STATION WAGON/SPORT UTILITY VEHICLE
4415581,BROOKLYN,5,15,0,0,Human_Error,SEDAN
4424841,BROOKLYN,6,11,0,0,Distraction,SEDAN
4414835,BROOKLYN,5,2,0,0,Road_Conditions,SEDAN
4408468,UNKNOWN,4,0,0,1,Distraction,STATION WAGON/SPORT UTILITY VEHICLE
4417067,BROOKLYN,5,20,0,1,Other_Unknown,SEDAN
4408595,UNKNOWN,4,14,0,1,Vehicle_Fail,SEDAN
4409049,QUEENS,4,4,0,1,Other_Unknown,STATION WAGON/SPORT UTILITY VEHICLE
4542421,QUEENS,6,17,1,0,Human_Error,STATION WAGON/SPORT UTILITY VEHICLE
4417869,UNKNOWN,5,20,0,1,Other_Unknown,STATION WAGON/SPORT UTILITY VEHICLE
4425390,BROOKLYN,6,9,1,0,Other_Unknown,STATION WAGON/SPORT UTILITY VEHICLE
4417829,UNKNOWN,5,2,0,1,DUI_Drugs,SEDAN
4408727,BROOKLYN,4,9,1,0,Distraction,SEDAN
4425514,BRONX,6,16,1,0,Other_Unknown,OTHER
4426011,MANHATTAN,6,23,0,0,Other_Unknown,TAXI
4461732,BRONX,9,8,1,1,Other_Unknown,STATION WAGON/SPORT UTILITY VEHICLE
4409646,STATEN ISLAND,4,16,1,1,Road_Conditions,SEDAN
4457172,QUEENS,9,7,1,0,Human_Error,BUS
4457043,BRONX,9,22,0,0,Aggressive_Driving,SEDAN
4418395,BRONX,5,10,0,0,Human_Error,BOX TRUCK
4418053,QUEENS,5,20,0,0,DUI_Drugs,TAXI
4465686,QUEENS,10,23,0,1,Aggressive_Driving,SEDAN
4461356,UNKNOWN,9,9,1,1,Distraction,SEDAN
4489837,BRONX,12,17,1,0,Other_Unknown,STATION WAGON/SPORT UTILITY VEHICLE
4427550,QUEENS,6,0,0,0,DUI_Drugs,SEDAN
4427182,UNKNOWN,6,1,0,0,Human_Error,STATION WAGON/SPORT UTILITY VEHICLE
4427174,UNKNOWN,6,16,1,0,Other_Unknown,SEDAN
4427183,QUEENS,6,22,0,0,Other_Unknown,STATION WAGON/SPORT UTILITY VEHICLE
4465911,BROOKLYN,10,10,0,1,Other_Unknown,STATION WAGON/SPORT UTILITY VEHICLE
4418878,UNKNOWN,5,23,0,0,Human_Error,STATION WAGON/SPORT UTILITY VEHICLE
4427375,BRONX,6,8,1,0,Human_Error,BUS
4488821,UNKNOWN,12,12,0,0,Distraction,STATION WAGON/SPORT UTILITY VEHICLE
4419603,BROOKLYN,5,21,0,1,Other_Unknown,SEDAN
4410735,BROOKLYN,4,9,1,0,Human_Error,STATION WAGON/SPORT UTILITY VEHICLE
4411413,UNKNOWN,4,5,0,0,Aggressive_Driving,STATION WAGON/SPORT UTILITY VEHICLE
4428473,BROOKLYN,6,9,1,0,Distraction,STATION WAGON/SPORT UTILITY VEHICLE
4411803,BROOKLYN,4,19,0,0,Other_Unknown,SEDAN
4428757,UNKNOWN,6,9,1,0,Human_Error,STATION WAGON/SPORT UTILITY VEHICLE
4541827,QUEENS,6,11,0,0,Other_Unknown,SEDAN
4428959,BROOKLYN,6,15,0,0,Distraction,STATION WAGON/SPORT UTILITY VEHICLE
4542213,QUEENS,6,9,1,0,Distraction,STATION WAGON/SPORT UTILITY VEHICLE
4428280,UNKNOWN,6,11,0,0,Human_Error,SEDAN
4429111,QUEENS,6,17,1,0,Other_Unknown,STATION WAGON/SPORT UTILITY VEHICLE
4428819,UNKNOWN,6,6,0,0,Distraction,STATION WAGON/SPORT UTILITY VEHICLE
4428976,BROOKLYN,6,0,0,0,Human_Error,TAXI
4420594,UNKNOWN,5,17,1,1,Aggressive_Driving,SEDAN
4504767,BRONX,2,15,0,0,Human_Error,SEDAN
4420817,BROOKLYN,5,8,1,0,Other_Unknown,PICK-UP TRUCK
4457716,UNKNOWN,9,0,0,0,Human_Error,SEDAN
4458312,QUEENS,9,18,1,0,Distraction,SEDAN
4489807,UNKNOWN,12,16,1,1,Distraction,SEDAN
4412075,BROOKLYN,4,15,0,0,Other_Unknown,STATION WAGON/SPORT UTILITY VEHICLE
4429761,UNKNOWN,6,2,0,1,Human_Error,BIKE
4429179,BRONX,6,14,0,1,Aggressive_Driving,STATION WAGON/SPORT UTILITY VEHICLE
4412266,BROOKLYN,4,13,0,0,Human_Error,SEDAN
4516497,UNKNOWN,4,14,0,0,Human_Error,SEDAN
4429945,UNKNOWN,6,20,0,0,Other_Unknown,TAXI
4458517,BROOKLYN,9,14,0,1,Other_Unknown,SEDAN
4430605,BROOKLYN,5,16,1,1,Other_Unknown,TAXI
4463135,BRONX,9,8,1,1,Other_Unknown,SEDAN
4422295,UNKNOWN,5,16,1,0,Other_Unknown,SEDAN
4421552,UNKNOWN,5,19,0,1,Road_Conditions,STATION WAGON/SPORT UTILITY VEHICLE
4421939,UNKNOWN,5,15,0,1,Other_Unknown,SEDAN
4430844,MANHATTAN,6,9,1,0,Other_Unknown,SEDAN
4459117,QUEENS,9,8,1,0,Other_Unknown,STATION WAGON/SPORT UTILITY VEHICLE
4459150,UNKNOWN,9,10,0,0,Distraction,SEDAN
4422499,BRONX,5,16,1,0,Distraction,STATION WAGON/SPORT UTILITY VEHICLE
4422989,BROOKLYN,6,15,0,0,Other_Unknown,STATION WAGON/SPORT UTILITY VEHICLE
4413972,BROOKLYN,5,9,1,0,Other_Unknown,SEDAN
4422734,BROOKLYN,6,19,0,0,Other_Unknown,STATION WAGON/SPORT UTILITY VEHICLE
4414258,UNKNOWN,5,5,0,0,Other_Unknown,OTHER
4493830,UNKNOWN,1,14,0,1,Human_Error,SEDAN
4515520,QUEENS,4,16,1,0,Human_Error,STATION WAGON/SPORT UTILITY VEHICLE
4488686,UNKNOWN,12,10,0,0,Aggressive_Driving,STATION WAGON/SPORT UTILITY VEHICLE
4515519,UNKNOWN,4,14,0,0,Distraction,STATION WAGON/SPORT UTILITY VEHICLE
4460138,UNKNOWN,9,14,0,0,Other_Unknown,SEDAN
4460017,UNKNOWN,9,23,0,0,Aggressive_Driving,STATION WAGON/SPORT UTILITY VEHICLE
4423461,STATEN ISLAND,6,21,0,0,Road_Conditions,STATION WAGON/SPORT UTILITY VEHICLE
4415170,UNKNOWN,5,12,0,1,Other_Unknown,SEDAN
4423007,UNKNOWN,6,16,1,0,Distraction,STATION WAGON/SPORT UTILITY VEHICLE
4423815,BROOKLYN,5,17,1,1,Distraction,SEDAN
4414802,UNKNOWN,5,19,0,1,Human_Error,SEDAN
4464076,BROOKLYN,10,8,1,0,Distraction,SEDAN
4566237,BROOKLYN,9,20,0,0,Other_Unknown,PICK-UP TRUCK
4423718,QUEENS,6,8,1,1,Other_Unknown,STATION WAGON/SPORT UTILITY VEHICLE
4415867,QUEENS,5,0,0,1,DUI_Drugs,SEDAN
4490942,STATEN ISLAND,12,13,0,0,Other_Unknown,STATION WAGON/SPORT UTILITY VEHICLE
4407366,UNKNOWN,4,11,0,0,Vehicle_Fail,STATION WAGON/SPORT UTILITY VEHICLE
4424925,UNKNOWN,6,18,1,0,Distraction,SEDAN
4490681,BROOKLYN,12,9,1,0,Other_Unknown,STATION WAGON/SPORT UTILITY VEHICLE
4424620,UNKNOWN,6,13,0,0,Distraction,STATION WAGON/SPORT UTILITY VEHICLE
4424887,BRONX,6,10,0,0,Human_Error,SEDAN
4491252,UNKNOWN,12,17,1,0,Other_Unknown,SEDAN
4417163,BROOKLYN,5,4,0,0,DUI_Drugs,STATION WAGON/SPORT UTILITY VEHICLE
4408209,UNKNOWN,4,12,0,1,Human_Error,SEDAN
4484818,BROOKLYN,12,9,1,0,Human_Error,STATION WAGON/SPORT UTILITY VEHICLE
4461465,BROOKLYN,9,18,1,0,Distraction,STATION WAGON/SPORT UTILITY VEHICLE
4504555,BROOKLYN,2,16,1,0,Other_Unknown,STATION WAGON/SPORT UTILITY VEHICLE
4513681,BROOKLYN,3,10,0,1,Aggressive_Driving,STATION WAGON/SPORT UTILITY VEHICLE
4424413,BRONX,6,5,0,0,Other_Unknown,STATION WAGON/SPORT UTILITY VEHICLE
4416123,BRONX,5,14,0,0,Human_Error,SEDAN
4417230,BROOKLYN,5,3,0,1,Other_Unknown,SEDAN
4425375,MANHATTAN,6,13,0,0,Distraction,OTHER
4408895,QUEENS,4,9,1,0,Other_Unknown,STATION WAGON/SPORT UTILITY VEHICLE
4418061,UNKNOWN,5,7,1,0,Other_Unknown,STATION WAGON/SPORT UTILITY VEHICLE
4417560,QUEENS,5,12,0,0,Distraction,SEDAN
4457306,QUEENS,9,23,0,0,DUI_Drugs,STATION WAGON/SPORT UTILITY VEHICLE
4456763,MANHATTAN,9,8,1,0,Other_Unknown,OTHER
4426666,UNKNOWN,6,13,0,1,Other_Unknown,SEDAN
4426291,BRONX,6,18,1,1,Aggressive_Driving,SEDAN
4409771,MANHATTAN,4,9,1,0,Other_Unknown,SEDAN
4409862,BROOKLYN,4,14,0,0,Distraction,BIKE
4426599,BRONX,6,14,0,1,Human_Error,SEDAN
4407972,UNKNOWN,4,19,0,1,Other_Unknown,SEDAN
4426661,UNKNOWN,6,22,0,1,Aggressive_Driving,STATION WAGON/SPORT UTILITY VEHICLE
4542684,STATEN ISLAND,6,12,0,1,Other_Unknown,STATION WAGON/SPORT UTILITY VEHICLE
4427420,QUEENS,6,0,0,0,Road_Conditions,STATION WAGON/SPORT UTILITY VEHICLE
4487673,QUEENS,12,11,0,0,Distraction,SEDAN
4427563,UNKNOWN,6,18,1,0,Distraction,SEDAN
4489436,QUEENS,12,21,0,0,Distraction,SEDAN
4418325,UNKNOWN,5,20,0,0,Distraction,SEDAN
4410042,MANHATTAN,4,4,0,1,Road_Conditions,STATION WAGON/SPORT UTILITY VEHICLE
4487544,BROOKLYN,12,19,0,1,Distraction,SEDAN
4515866,UNKNOWN,4,16,1,1,Aggressive_Driving,SEDAN
4515669,BROOKLYN,4,8,1,1,Other_Unknown,SEDAN
4515620,MANHATTAN,4,9,1,1,Distraction,STATION WAGON/SPORT UTILITY VEHICLE
4541986,UNKNOWN,6,22,0,0,Aggressive_Driving,PICK-UP TRUCK
4411396,UNKNOWN,4,9,1,1,Other_Unknown,STATION WAGON/SPORT UTILITY VEHICLE
4411008,QUEENS,4,6,0,0,Human_Error,PICK-UP TRUCK
4489835,UNKNOWN,12,2,0,1,Human_Error,TAXI
4457792,MANHATTAN,9,8,1,0,Other_Unknown,STATION WAGON/SPORT UTILITY VEHICLE
4458074,QUEENS,9,19,0,0,Other_Unknown,STATION WAGON/SPORT UTILITY VEHICLE
4420143,BRONX,5,7,1,0,Other_Unknown,STATION WAGON/SPORT UTILITY VEHICLE
4420166,BROOKLYN,5,11,0,0,Other_Unknown,OTHER
4490298,QUEENS,12,16,1,1,Aggressive_Driving,SEDAN
4458667,BROOKLYN,9,7,1,0,Human_Error,UNKNOWN
4489922,BROOKLYN,12,23,0,1,Other_Unknown,STATION WAGON/SPORT UTILITY VEHICLE
4412323,UNKNOWN,4,16,1,0,Aggressive_Driving,SEDAN
4516130,BRONX,3,17,1,1,Distraction,SEDAN
4412293,BRONX,4,21,0,0,Human_Error,TAXI
4425582,QUEENS,6,18,1,0,Human_Error,STATION WAGON/SPORT UTILITY VEHICLE
4415822,QUEENS,5,6,0,0,Other_Unknown,SEDAN
4416557,QUEENS,5,9,1,0,Other_Unknown,OTHER
4461149,BROOKLYN,9,16,1,0,Other_Unknown,STATION WAGON/SPORT UTILITY VEHICLE
4408435,MANHATTAN,4,12,0,0,Vehicle_Fail,STATION WAGON/SPORT UTILITY VEHICLE
4465813,BRONX,10,13,0,0,Human_Error,TAXI
4416629,BRONX,5,0,0,1,Other_Unknown,STATION WAGON/SPORT UTILITY VEHICLE
4408378,UNKNOWN,4,15,0,1,Distraction,SEDAN
4491855,UNKNOWN,12,0,0,0,Human_Error,SEDAN
4427389,BROOKLYN,6,23,0,1,Other_Unknown,SEDAN
4409209,BROOKLYN,4,12,0,0,Distraction,STATION WAGON/SPORT UTILITY VEHICLE
4461646,UNKNOWN,9,22,0,0,Vehicle_Fail,SEDAN
4466141,MANHATTAN,10,7,1,1,Distraction,STATION WAGON/SPORT UTILITY VEHICLE
4418661,UNKNOWN,5,15,0,0,Other_Unknown,SEDAN
4410474,UNKNOWN,4,16,1,1,Distraction,TAXI
4542916,UNKNOWN,6,21,0,0,Other_Unknown,SEDAN
4514643,BROOKLYN,3,2,0,1,Other_Unknown,STATION WAGON/SPORT UTILITY VEHICLE
4598129,QUEENS,12,5,0,0,Distraction,OTHER
4488307,BROOKLYN,12,10,0,0,Other_Unknown,SEDAN
4485422,QUEENS,12,17,1,0,Distraction,PICK-UP TRUCK
4420102,UNKNOWN,5,13,0,0,Other_Unknown,STATION WAGON/SPORT UTILITY VEHICLE
4410831,BROOKLYN,4,15,0,0,Distraction,STATION WAGON/SPORT UTILITY VEHICLE
4462484,UNKNOWN,9,19,0,0,Other_Unknown,SEDAN
4419513,QUEENS,5,8,1,1,Other_Unknown,SEDAN
4458033,UNKNOWN,9,12,0,0,Human_Error,OTHER
4457974,UNKNOWN,9,20,0,0,Distraction,SEDAN
4567152,BRONX,9,20,0,0,Human_Error,SEDAN
4504348,MANHATTAN,2,1,0,1,Distraction,TAXI
4458231,UNKNOWN,9,19,0,0,Aggressive_Driving,STATION WAGON/SPORT UTILITY VEHICLE
4420344,UNKNOWN,5,16,1,0,Other_Unknown,SEDAN
4491953,UNKNOWN,1,9,1,0,Vehicle_Fail,SEDAN
4492360,QUEENS,1,5,0,0,Other_Unknown,STATION WAGON/SPORT UTILITY VEHICLE
4490164,UNKNOWN,12,23,0,0,Other_Unknown,PICK-UP TRUCK
4412349,MANHATTAN,4,16,1,1,Other_Unknown,STATION WAGON/SPORT UTILITY VEHICLE
4514455,UNKNOWN,3,3,0,1,Distraction,SEDAN
4412006,QUEENS,4,15,0,0,Human_Error,BUS
4422061,QUEENS,5,17,1,0,Distraction,STATION WAGON/SPORT UTILITY VEHICLE
4421238,BROOKLYN,5,13,0,0,DUI_Drugs,SEDAN
4412841,UNKNOWN,4,6,0,0,Human_Error,STATION WAGON/SPORT UTILITY VEHICLE
4412826,QUEENS,5,10,0,1,Aggressive_Driving,SEDAN
4459398,QUEENS,9,18,1,0,Distraction,OTHER
4516512,BROOKLYN,4,9,1,0,Human_Error,TAXI
4413831,BROOKLYN,5,19,0,0,Other_Unknown,OTHER
4431192,QUEENS,6,16,1,0,Other_Unknown,OTHER
4430584,STATEN ISLAND,6,14,0,0,Distraction,SEDAN
4504562,BROOKLYN,2,6,0,0,Human_Error,OTHER
4503978,UNKNOWN,2,14,0,1,Other_Unknown,STATION WAGON/SPORT UTILITY VEHICLE
4431474,UNKNOWN,6,17,1,0,Human_Error,STATION WAGON/SPORT UTILITY VEHICLE
4514307,UNKNOWN,3,10,0,0,Other_Unknown,SEDAN
4430354,BROOKLYN,6,2,0,0,Distraction,SEDAN
4459315,BROOKLYN,9,17,1,0,Other_Unknown,PICK-UP TRUCK
4431196,BROOKLYN,6,8,1,1,Other_Unknown,SEDAN
4431047,BROOKLYN,6,8,1,1,Human_Error,STATION WAGON/SPORT UTILITY VEHICLE
4431104,UNKNOWN,6,17,1,1,Human_Error,SEDAN
4486142,QUEENS,12,19,0,0,Other_Unknown,STATION WAGON/SPORT UTILITY VEHICLE
4414305,QUEENS,5,9,1,0,Human_Error,SEDAN
4413940,UNKNOWN,5,12,0,0,Other_Unknown,STATION WAGON/SPORT UTILITY VEHICLE
4424238,UNKNOWN,6,19,0,0,Other_Unknown,SEDAN
4493413,BRONX,1,1,0,0,Other_Unknown,SEDAN
4414484,UNKNOWN,5,18,1,1,Other_Unknown,STATION WAGON/SPORT UTILITY VEHICLE
4432444,UNKNOWN,6,10,0,0,Aggressive_Driving,SEDAN
4432683,UNKNOWN,6,12,0,0,Human_Error,SEDAN
4415417,UNKNOWN,5,21,0,1,Other_Unknown,SEDAN
4414673,QUEENS,5,12,0,1,Human_Error,STATION WAGON/SPORT UTILITY VEHICLE
4493998,BROOKLYN,1,3,0,1,Aggressive_Driving,STATION WAGON/SPORT UTILITY VEHICLE
4424269,BRONX,6,16,1,0,Other_Unknown,STATION WAGON/SPORT UTILITY VEHICLE
4543647,BROOKLYN,7,12,0,0,Other_Unknown,SEDAN
4433020,UNKNOWN,6,16,1,0,Distraction,SEDAN
4489000,UNKNOWN,11,13,0,0,Distraction,SEDAN
4522001,UNKNOWN,4,0,0,1,DUI_Drugs,STATION WAGON/SPORT UTILITY VEHICLE
4514722,BROOKLYN,3,15,0,0,Other_Unknown,SEDAN
4544074,QUEENS,7,22,0,0,Road_Conditions,STATION WAGON/SPORT UTILITY VEHICLE
4424920,UNKNOWN,5,23,0,0,Other_Unknown,SEDAN
4465297,BROOKLYN,10,14,0,0,Other_Unknown,PICK-UP TRUCK
4456475,BRONX,9,7,1,1,Other_Unknown,STATION WAGON/SPORT UTILITY VEHICLE
4425939,BROOKLYN,6,6,0,0,Other_Unknown,SEDAN
4425437,BRONX,6,22,0,0,Distraction,SEDAN
4418257,MANHATTAN,5,9,1,0,Human_Error,BOX TRUCK
4409120,MANHATTAN,4,9,1,0,Other_Unknown,SEDAN
4408786,UNKNOWN,4,8,1,0,Aggressive_Driving,STATION WAGON/SPORT UTILITY VEHICLE
4516180,BROOKLYN,3,18,1,0,Other_Unknown,SEDAN
4515908,UNKNOWN,4,20,0,1,Distraction,STATION WAGON/SPORT UTILITY VEHICLE
4426548,BROOKLYN,6,22,0,1,Human_Error,SEDAN
4417938,UNKNOWN,5,22,0,0,Human_Error,SEDAN
4417989,BROOKLYN,5,5,0,0,Road_Conditions,STATION WAGON/SPORT UTILITY VEHICLE
4457988,UNKNOWN,9,7,1,0,Other_Unknown,SEDAN
4457861,UNKNOWN,9,14,0,0,Human_Error,SEDAN
4466122,BROOKLYN,10,20,0,0,Other_Unknown,SEDAN
4463369,BROOKLYN,10,20,0,0,Human_Error,SEDAN
4516199,QUEENS,4,16,1,0,Human_Error,STATION WAGON/SPORT UTILITY VEHICLE
4522182,UNKNOWN,4,21,0,1,Distraction,STATION WAGON/SPORT UTILITY VEHICLE
4430124,UNKNOWN,6,4,0,0,Other_Unknown,STATION WAGON/SPORT UTILITY VEHICLE
4420876,BROOKLYN,5,12,0,0,Distraction,SEDAN
4420581,UNKNOWN,5,0,0,0,Other_Unknown,STATION WAGON/SPORT UTILITY VEHICLE
4421312,UNKNOWN,5,12,0,0,Distraction,STATION WAGON/SPORT UTILITY VEHICLE
4430587,UNKNOWN,6,17,1,0,Distraction,SEDAN
4492315,BROOKLYN,1,22,0,0,Other_Unknown,SEDAN
4492256,QUEENS,1,19,0,0,Other_Unknown,SEDAN
4598414,UNKNOWN,1,10,0,0,Human_Error,SEDAN
4413423,UNKNOWN,5,11,0,1,Distraction,TAXI
4542911,BROOKLYN,7,0,0,1,Road_Conditions,STATION WAGON/SPORT UTILITY VEHICLE
4516998,QUEENS,4,22,0,0,Human_Error,UNKNOWN
4490150,QUEENS,12,10,0,0,Distraction,SEDAN
4430711,BRONX,6,18,1,0,Other_Unknown,SEDAN
4545973,UNKNOWN,7,16,1,0,Other_Unknown,BIKE
4430764,UNKNOWN,6,2,0,0,Other_Unknown,SEDAN
4431518,BROOKLYN,6,19,0,0,Other_Unknown,STATION WAGON/SPORT UTILITY VEHICLE
4422802,BRONX,6,23,0,0,Human_Error,SEDAN
4423159,UNKNOWN,5,3,0,0,Other_Unknown,TAXI
4463612,MANHATTAN,10,22,0,1,Distraction,SEDAN
4493676,UNKNOWN,1,6,0,1,Other_Unknown,BOX TRUCK
4414549,UNKNOWN,5,16,1,0,Road_Conditions,OTHER
4463815,BROOKLYN,10,17,1,1,Other_Unknown,STATION WAGON/SPORT UTILITY VEHICLE
4488394,UNKNOWN,12,9,1,0,Human_Error,SEDAN
4460233,BROOKLYN,9,19,0,0,Human_Error,SEDAN
4459563,QUEENS,9,19,0,0,Other_Unknown,STATION WAGON/SPORT UTILITY VEHICLE
4515211,BROOKLYN,3,20,0,0,Human_Error,SEDAN
4415193,UNKNOWN,4,23,0,0,Human_Error,SEDAN
4460222,BROOKLYN,9,8,1,1,Distraction,STATION WAGON/SPORT UTILITY VEHICLE
4459600,BROOKLYN,9,6,0,0,Other_Unknown,STATION WAGON/SPORT UTILITY VEHICLE
4431816,UNKNOWN,6,10,0,0,Distraction,SEDAN
4415422,UNKNOWN,5,19,0,1,Aggressive_Driving,SEDAN
4432682,UNKNOWN,6,13,0,0,Distraction,SEDAN
4432625,MANHATTAN,6,15,0,0,Human_Error,SEDAN
4424375,UNKNOWN,6,15,0,1,Other_Unknown,SEDAN
4566562,BROOKLYN,9,18,1,0,Other_Unknown,SEDAN
4464619,BROOKLYN,10,18,1,0,Other_Unknown,STATION WAGON/SPORT UTILITY VEHICLE
4461114,BRONX,9,13,0,1,Distraction,SEDAN
4414965,BRONX,5,0,0,0,Human_Error,SEDAN
4416289,UNKNOWN,5,0,0,0,Human_Error,SEDAN
4490978,BROOKLYN,12,0,0,0,Human_Error,SEDAN
4416535,QUEENS,5,2,0,0,DUI_Drugs,STATION WAGON/SPORT UTILITY VEHICLE
4416324,UNKNOWN,5,6,0,0,Other_Unknown,STATION WAGON/SPORT UTILITY VEHICLE
4416426,UNKNOWN,5,17,1,0,Other_Unknown,SEDAN
4416124,MANHATTAN,5,15,0,0,Distraction,STATION WAGON/SPORT UTILITY VEHICLE
4415849,QUEENS,5,14,0,0,Distraction,SEDAN
4490805,BRONX,12,14,0,0,Other_Unknown,SEDAN
4424995,BROOKLYN,6,13,0,0,Other_Unknown,SEDAN
4416396,UNKNOWN,5,15,0,0,Distraction,PICK-UP TRUCK
4456971,BROOKLYN,9,5,0,1,Other_Unknown,OTHER
4514647,QUEENS,3,16,1,0,Human_Error,STATION WAGON/SPORT UTILITY VEHICLE
4408386,BROOKLYN,4,22,0,1,Other_Unknown,SEDAN
4597980,UNKNOWN,1,17,1,1,Human_Error,STATION WAGON/SPORT UTILITY VEHICLE
4425566,MANHATTAN,6,9,1,0,Other_Unknown,SEDAN
4425983,BROOKLYN,6,7,1,0,Human_Error,STATION WAGON/SPORT UTILITY VEHICLE
4426514,UNKNOWN,6,23,0,0,Distraction,STATION WAGON/SPORT UTILITY VEHICLE
4426622,MANHATTAN,5,17,1,0,Other_Unknown,UNKNOWN
4516102,UNKNOWN,3,12,0,0,Other_Unknown,BOX TRUCK
4457094,BRONX,9,15,0,0,Other_Unknown,STATION WAGON/SPORT UTILITY VEHICLE
4759655,UNKNOWN,9,20,0,1,Human_Error,SEDAN
4461942,BROOKLYN,9,17,1,1,Other_Unknown,SEDAN
4418488,QUEENS,5,16,1,0,Human_Error,STATION WAGON/SPORT UTILITY VEHICLE
4466012,QUEENS,10,12,0,1,Human_Error,STATION WAGON/SPORT UTILITY VEHICLE
4461592,QUEENS,9,20,0,1,Distraction,STATION WAGON/SPORT UTILITY VEHICLE
4409882,BROOKLYN,4,14,0,0,Other_Unknown,SEDAN
4409694,BRONX,4,17,1,0,Aggressive_Driving,STATION WAGON/SPORT UTILITY VEHICLE
4427434,UNKNOWN,6,17,1,1,Distraction,SEDAN
4426937,BROOKLYN,6,22,0,1,Distraction,STATION WAGON/SPORT UTILITY VEHICLE
4461789,UNKNOWN,9,17,1,0,Other_Unknown,STATION WAGON/SPORT UTILITY VEHICLE
4410112,QUEENS,4,16,1,0,Human_Error,STATION WAGON/SPORT UTILITY VEHICLE
4457223,MANHATTAN,9,15,0,0,Distraction,STATION WAGON/SPORT UTILITY VEHICLE
4410311,BRONX,4,23,0,1,Distraction,SEDAN
4426720,MANHATTAN,6,23,0,0,Aggressive_Driving,SEDAN
4427900,BROOKLYN,6,9,1,0,Human_Error,BUS
4598093,QUEENS,1,1,0,1,DUI_Drugs,STATION WAGON/SPORT UTILITY VEHICLE
4419267,BRONX,5,16,1,0,Other_Unknown,OTHER
4542028,UNKNOWN,6,19,0,0,Distraction,BIKE
4513308,QUEENS,3,8,1,0,Distraction,SEDAN
4410852,BRONX,4,16,1,0,Other_Unknown,STATION WAGON/SPORT UTILITY VEHICLE
4411417,BROOKLYN,4,9,1,1,Human_Error,STATION WAGON/SPORT UTILITY VEHICLE
4420168,UNKNOWN,5,21,0,1,Aggressive_Driving,STATION WAGON/SPORT UTILITY VEHICLE
4411221,BROOKLYN,4,11,0,0,Distraction,STATION WAGON/SPORT UTILITY VEHICLE
4458611,STATEN ISLAND,9,17,1,0,Other_Unknown,SEDAN
4490025,UNKNOWN,12,13,0,0,Other_Unknown,SEDAN
4428894,BROOKLYN,5,17,1,0,Other_Unknown,SEDAN
4490249,MANHATTAN,12,19,0,1,Distraction,SEDAN
4492519,UNKNOWN,1,8,1,0,Other_Unknown,SEDAN
4492160,MANHATTAN,1,17,1,0,Distraction,STATION WAGON/SPORT UTILITY VEHICLE
4420310,UNKNOWN,5,5,0,0,Other_Unknown,STATION WAGON/SPORT UTILITY VEHICLE
4566246,MANHATTAN,9,13,0,0,Road_Conditions,STATION WAGON/SPORT UTILITY VEHICLE
4411729,QUEENS,4,6,0,0,Other_Unknown,SEDAN
4429030,BROOKLYN,6,9,1,1,Other_Unknown,STATION WAGON/SPORT UTILITY VEHICLE
4462831,UNKNOWN,9,10,0,0,Other_Unknown,SEDAN
4429800,MANHATTAN,6,18,1,0,Distraction,SEDAN
4463083,UNKNOWN,9,9,1,0,Other_Unknown,SEDAN
4429607,UNKNOWN,6,16,1,0,Human_Error,STATION WAGON/SPORT UTILITY VEHICLE
4421209,BROOKLYN,5,15,0,0,Distraction,OTHER
4421237,QUEENS,5,10,0,0,Other_Unknown,E-BIKE
4458405,UNKNOWN,9,16,1,1,Other_Unknown,PICK-UP TRUCK
4492625,BRONX,1,17,1,0,Distraction,STATION WAGON/SPORT UTILITY VEHICLE
4413056,UNKNOWN,5,7,1,0,Other_Unknown,OTHER
4517198,BRONX,4,23,0,0,Human_Error,STATION WAGON/SPORT UTILITY VEHICLE
4422167,BROOKLYN,5,1,0,0,Other_Unknown,TAXI
4490204,UNKNOWN,12,6,0,0,Other_Unknown,STATION WAGON/SPORT UTILITY VEHICLE
4430316,QUEENS,6,7,1,0,Other_Unknown,STATION WAGON/SPORT UTILITY VEHICLE
4430884,UNKNOWN,6,16,1,0,Human_Error,SEDAN
4422002,BROOKLYN,5,19,0,1,Human_Error,TAXI
4463088,BRONX,10,3,0,1,Other_Unknown,STATION WAGON/SPORT UTILITY VEHICLE
4422558,UNKNOWN,5,19,0,0,Distraction,SEDAN
4493565,STATEN ISLAND,1,11,0,0,Other_Unknown,SEDAN
4459304,BROOKLYN,9,13,0,0,Human_Error,SEDAN
4490687,QUEENS,12,7,1,0,Other_Unknown,STATION WAGON/SPORT UTILITY VEHICLE
4490087,UNKNOWN,12,1,0,0,Other_Unknown,SEDAN
4490288,BROOKLYN,12,9,1,0,Vehicle_Fail,STATION WAGON/SPORT UTILITY VEHICLE
4431391,BROOKLYN,6,0,0,1,DUI_Drugs,SEDAN
4515675,QUEENS,3,15,0,0,Human_Error,STATION WAGON/SPORT UTILITY VEHICLE
4493772,BROOKLYN,1,21,0,1,Distraction,SEDAN
4493412,UNKNOWN,1,19,0,1,Other_Unknown,STATION WAGON/SPORT UTILITY VEHICLE
4463777,QUEENS,10,0,0,1,Road_Conditions,SEDAN
4414372,MANHATTAN,5,17,1,0,Other_Unknown,STATION WAGON/SPORT UTILITY VEHICLE
4488750,QUEENS,12,15,0,0,Human_Error,STATION WAGON/SPORT UTILITY VEHICLE
4459987,QUEENS,9,16,1,0,Human_Error,STATION WAGON/SPORT UTILITY VEHICLE
4514833,QUEENS,3,13,0,0,Other_Unknown,STATION WAGON/SPORT UTILITY VEHICLE
4566720,MANHATTAN,9,20,0,0,Distraction,STATION WAGON/SPORT UTILITY VEHICLE
4493672,BROOKLYN,1,20,0,0,Other_Unknown,SEDAN
4415216,UNKNOWN,5,17,1,1,Human_Error,SEDAN
4423348,BRONX,6,20,0,0,Human_Error,STATION WAGON/SPORT UTILITY VEHICLE
4522188,UNKNOWN,4,8,1,0,Distraction,STATION WAGON/SPORT UTILITY VEHICLE
4423644,UNKNOWN,6,4,0,1,Human_Error,TAXI
4489051,UNKNOWN,12,15,0,1,Other_Unknown,SEDAN
4488938,MANHATTAN,12,16,1,0,Other_Unknown,TAXI
4423538,UNKNOWN,6,0,0,1,Human_Error,SEDAN
4488611,QUEENS,12,18,1,0,Human_Error,SEDAN
4543889,BRONX,6,6,0,1,Human_Error,STATION WAGON/SPORT UTILITY VEHICLE
4566555,BRONX,9,10,0,0,Distraction,SEDAN
4567136,BROOKLYN,9,18,1,0,Other_Unknown,E-BIKE
4416440,UNKNOWN,5,12,0,0,Distraction,SEDAN
4407407,QUEENS,4,21,0,0,Human_Error,STATION WAGON/SPORT UTILITY VEHICLE
4416314,BRONX,5,23,0,0,Other_Unknown,SEDAN
4407830,MANHATTAN,4,22,0,0,Human_Error,SEDAN
4424630,QUEENS,6,19,0,0,Distraction,STATION WAGON/SPORT UTILITY VEHICLE
4416347,UNKNOWN,5,13,0,0,Distraction,STATION WAGON/SPORT UTILITY VEHICLE
4407535,UNKNOWN,4,0,0,0,Other_Unknown,TAXI
4416755,MANHATTAN,5,11,0,0,Human_Error,OTHER
4424480,STATEN ISLAND,6,13,0,1,Aggressive_Driving,PICK-UP TRUCK
4417047,BRONX,5,10,0,0,Other_Unknown,SEDAN
4407394,BROOKLYN,4,0,0,0,Human_Error,SEDAN
4456579,BROOKLYN,7,23,0,0,Distraction,STATION WAGON/SPORT UTILITY VEHICLE
4416327,BROOKLYN,5,9,1,0,Other_Unknown,OTHER
4460998,QUEENS,9,21,0,0,Distraction,SEDAN
4460436,UNKNOWN,9,9,1,0,Aggressive_Driving,OTHER
4465779,UNKNOWN,10,18,1,0,Human_Error,SEDAN
4464887,BROOKLYN,10,5,0,0,Distraction,STATION WAGON/SPORT UTILITY VEHICLE
4417503,BRONX,5,13,0,0,Human_Error,SEDAN
4408336,UNKNOWN,4,23,0,1,Other_Unknown,TAXI
4460793,QUEENS,9,9,1,1,Other_Unknown,STATION WAGON/SPORT UTILITY VEHICLE
4426486,UNKNOWN,5,17,1,0,Other_Unknown,SEDAN
4487262,UNKNOWN,12,15,0,0,Other_Unknown,STATION WAGON/SPORT UTILITY VEHICLE
4426092,UNKNOWN,5,16,1,0,Other_Unknown,SEDAN
4426356,UNKNOWN,6,21,0,0,Human_Error,STATION WAGON/SPORT UTILITY VEHICLE
4418253,BROOKLYN,5,20,0,0,Distraction,STATION WAGON/SPORT UTILITY VEHICLE
4409496,BROOKLYN,4,11,0,0,Other_Unknown,SEDAN
4487269,MANHATTAN,12,15,0,0,Distraction,BIKE
4485985,BRONX,12,18,1,0,Aggressive_Driving,SEDAN
4409543,UNKNOWN,4,9,1,0,Other_Unknown,SEDAN
4427382,UNKNOWN,6,0,0,0,Human_Error,STATION WAGON/SPORT UTILITY VEHICLE
4410422,UNKNOWN,3,17,1,0,Human_Error,STATION WAGON/SPORT UTILITY VEHICLE
4491394,UNKNOWN,1,20,0,1,Other_Unknown,TAXI
4461684,QUEENS,9,12,0,0,Other_Unknown,STATION WAGON/SPORT UTILITY VEHICLE
4426689,BROOKLYN,6,1,0,0,DUI_Drugs,BIKE
4457366,MANHATTAN,9,19,0,0,Distraction,TAXI
4457950,BROOKLYN,9,18,1,1,Human_Error,UNKNOWN
4427266,BROOKLYN,6,16,1,0,Distraction,SEDAN
4418227,BROOKLYN,5,10,0,0,Aggressive_Driving,SEDAN
4543231,MANHATTAN,7,12,0,0,Human_Error,BOX TRUCK
4491892,BRONX,12,22,0,1,Other_Unknown,STATION WAGON/SPORT UTILITY VEHICLE
4597752,MANHATTAN,1,20,0,1,Distraction,SEDAN
4543329,QUEENS,7,23,0,1,Human_Error,SEDAN
4462551,MANHATTAN,9,14,0,0,Other_Unknown,SEDAN
4419836,UNKNOWN,5,10,0,0,Other_Unknown,STATION WAGON/SPORT UTILITY VEHICLE
4411278,UNKNOWN,4,10,0,1,Human_Error,STATION WAGON/SPORT UTILITY VEHICLE
4462611,BRONX,9,23,0,0,Distraction,SEDAN
4429109,QUEENS,6,14,0,0,Distraction,STATION WAGON/SPORT UTILITY VEHICLE
4457939,MANHATTAN,9,8,1,0,Human_Error,SEDAN
4542715,BRONX,6,8,1,0,Human_Error,STATION WAGON/SPORT UTILITY VEHICLE
4458733,QUEENS,9,10,0,0,Distraction,STATION WAGON/SPORT UTILITY VEHICLE
4458749,QUEENS,9,10,0,0,Other_Unknown,SEDAN
4457941,MANHATTAN,9,8,1,0,Other_Unknown,SEDAN
4429115,UNKNOWN,6,16,1,1,Distraction,SEDAN
4488043,MANHATTAN,12,19,0,1,Human_Error,SEDAN
4429409,BRONX,6,10,0,0,Human_Error,STATION WAGON/SPORT UTILITY VEHICLE
4421041,UNKNOWN,5,20,0,0,Human_Error,STATION WAGON/SPORT UTILITY VEHICLE
4420668,BRONX,5,22,0,0,Aggressive_Driving,STATION WAGON/SPORT UTILITY VEHICLE
4421032,BRONX,5,0,0,1,Other_Unknown,STATION WAGON/SPORT UTILITY VEHICLE
4420459,MANHATTAN,5,12,0,0,Other_Unknown,SEDAN
4566673,UNKNOWN,9,5,0,0,Human_Error,MOTORCYCLE
4412655,BROOKLYN,4,9,1,0,Aggressive_Driving,STATION WAGON/SPORT UTILITY VEHICLE
4429224,UNKNOWN,6,17,1,1,Human_Error,STATION WAGON/SPORT UTILITY VEHICLE
4411784,QUEENS,4,18,1,0,Other_Unknown,SEDAN
4430126,MANHATTAN,6,9,1,0,Other_Unknown,SEDAN
4421695,MANHATTAN,5,15,0,0,Human_Error,SEDAN
4429230,UNKNOWN,6,0,0,0,Distraction,SEDAN
4492287,BROOKLYN,1,18,1,0,Human_Error,STATION WAGON/SPORT UTILITY VEHICLE
4430445,UNKNOWN,6,22,0,0,Distraction,SEDAN
4492901,BRONX,1,14,0,0,Other_Unknown,SEDAN
4492263,UNKNOWN,1,19,0,0,Distraction,OTHER
4492782,BROOKLYN,1,10,0,0,Road_Conditions,SEDAN
4422292,MANHATTAN,5,22,0,0,Distraction,STATION WAGON/SPORT UTILITY VEHICLE
4485908,BRONX,12,1,0,1,Other_Unknown,SEDAN
4490008,BROOKLYN,12,3,0,0,Other_Unknown,OTHER
4422737,MANHATTAN,5,7,1,0,Distraction,STATION WAGON/SPORT UTILITY VEHICLE
4430854,BROOKLYN,6,20,0,0,Human_Error,MOTORCYCLE
4413936,MANHATTAN,5,14,0,0,Other_Unknown,BUS
4598665,BROOKLYN,1,16,1,0,Distraction,SEDAN
4459814,STATEN ISLAND,9,1,0,0,Vehicle_Fail,SEDAN
4514797,BROOKLYN,3,0,0,0,Other_Unknown,PICK-UP TRUCK
4423244,MANHATTAN,5,8,1,1,Aggressive_Driving,STATION WAGON/SPORT UTILITY VEHICLE
4413698,UNKNOWN,5,15,0,0,Human_Error,STATION WAGON/SPORT UTILITY VEHICLE
4423183,UNKNOWN,5,22,0,0,Aggressive_Driving,SEDAN
4431180,MANHATTAN,6,18,1,1,Other_Unknown,SEDAN
4493894,QUEENS,1,12,0,0,Aggressive_Driving,SEDAN
4490385,UNKNOWN,12,12,0,0,Other_Unknown,SEDAN
4485551,BROOKLYN,12,14,0,1,Other_Unknown,BUS
4431308,QUEENS,6,5,0,1,Other_Unknown,SEDAN
4460397,BRONX,9,20,0,0,Other_Unknown,SEDAN
4459424,BRONX,9,6,0,0,Distraction,SEDAN
4565978,QUEENS,9,8,1,0,Human_Error,OTHER
4414776,BROOKLYN,5,20,0,1,Human_Error,OTHER
4460337,BROOKLYN,9,15,0,1,Other_Unknown,STATION WAGON/SPORT UTILITY VEHICLE
4424126,UNKNOWN,5,15,0,1,Human_Error,STATION WAGON/SPORT UTILITY VEHICLE
4424740,BROOKLYN,6,8,1,0,Other_Unknown,SEDAN
4423667,BROOKLYN,6,18,1,1,Distraction,SEDAN
4543461,BROOKLYN,7,8,1,0,Distraction,SEDAN
4424415,QUEENS,6,12,0,1,Other_Unknown,STATION WAGON/SPORT UTILITY VEHICLE
4424047,MANHATTAN,6,10,0,1,Human_Error,SEDAN
4542058,UNKNOWN,6,9,1,0,Other_Unknown,SEDAN
4566945,BROOKLYN,9,13,0,1,Other_Unknown,STATION WAGON/SPORT UTILITY VEHICLE
4460628,BROOKLYN,9,12,0,0,Human_Error,SEDAN
4513833,BROOKLYN,3,16,1,1,Distraction,SEDAN
4456521,UNKNOWN,9,10,0,0,Other_Unknown,SEDAN
4408174,BRONX,4,19,0,1,Other_Unknown,SEDAN
4416681,QUEENS,5,14,0,1,Other_Unknown,STATION WAGON/SPORT UTILITY VEHICLE
4504230,MANHATTAN,2,21,0,1,Human_Error,SEDAN
4465396,QUEENS,10,8,1,0,Human_Error,STATION WAGON/SPORT UTILITY VEHICLE
4465601,UNKNOWN,10,7,1,0,Other_Unknown,SEDAN
4456002,BROOKLYN,9,1,0,1,Aggressive_Driving,SEDAN
4426704,QUEENS,6,22,0,0,Aggressive_Driving,BIKE
4456893,QUEENS,9,4,0,1,Distraction,STATION WAGON/SPORT UTILITY VEHICLE
4491032,UNKNOWN,12,18,1,0,Other_Unknown,STATION WAGON/SPORT UTILITY VEHICLE
4407938,QUEENS,4,13,0,0,Human_Error,PICK-UP TRUCK
4416259,BROOKLYN,5,16,1,0,Other_Unknown,BOX TRUCK
4490595,BROOKLYN,12,3,0,0,Other_Unknown,SEDAN
4597771,QUEENS,1,11,0,1,Human_Error,STATION WAGON/SPORT UTILITY VEHICLE
4408828,BROOKLYN,4,19,0,0,Aggressive_Driving,SEDAN
4425371,MANHATTAN,6,15,0,0,Distraction,SEDAN
4425422,UNKNOWN,6,11,0,0,Other_Unknown,SEDAN
4487224,MANHATTAN,12,21,0,0,Human_Error,SEDAN
4417464,BROOKLYN,5,14,0,0,Distraction,STATION WAGON/SPORT UTILITY VEHICLE
4466071,QUEENS,10,19,0,0,Distraction,SEDAN
4542009,QUEENS,6,17,1,0,Distraction,SEDAN
4489330,UNKNOWN,12,18,1,0,Other_Unknown,UNKNOWN
4485714,QUEENS,12,14,0,1,Other_Unknown,STATION WAGON/SPORT UTILITY VEHICLE
4457089,UNKNOWN,9,8,1,0,Other_Unknown,SEDAN
4426583,BROOKLYN,6,15,0,1,Human_Error,STATION WAGON/SPORT UTILITY VEHICLE
4426525,UNKNOWN,6,23,0,1,Other_Unknown,STATION WAGON/SPORT UTILITY VEHICLE
4461921,QUEENS,9,15,0,0,Human_Error,SEDAN
4466091,MANHATTAN,10,19,0,1,Vehicle_Fail,SEDAN
4409465,UNKNOWN,4,1,0,0,Human_Error,OTHER
4427435,BRONX,6,16,1,0,Other_Unknown,SEDAN
4487715,BROOKLYN,12,18,1,0,Other_Unknown,SEDAN
4427495,QUEENS,6,23,0,0,Other_Unknown,OTHER
4418966,UNKNOWN,5,18,1,0,Other_Unknown,SEDAN
4418381,UNKNOWN,5,4,0,0,Human_Error,SEDAN
4489648,BRONX,12,13,0,1,Other_Unknown,STATION WAGON/SPORT UTILITY VEHICLE
4466193,BROOKLYN,10,14,0,1,Other_Unknown,SEDAN
4418415,QUEENS,5,15,0,0,Distraction,STATION WAGON/SPORT UTILITY VEHICLE
4492040,MANHATTAN,12,12,0,0,Distraction,BIKE
4513851,BROOKLYN,3,13,0,1,Other_Unknown,STATION WAGON/SPORT UTILITY VEHICLE
4410520,BRONX,4,23,0,1,Aggressive_Driving,SEDAN
4514638,BROOKLYN,3,15,0,0,Distraction,SEDAN
4504804,STATEN ISLAND,2,19,0,1,Other_Unknown,STATION WAGON/SPORT UTILITY VEHICLE
4419941,STATEN ISLAND,5,8,1,1,Other_Unknown,STATION WAGON/SPORT UTILITY VEHICLE
4418994,UNKNOWN,5,0,0,1,Distraction,STATION WAGON/SPORT UTILITY VEHICLE
4485294,BROOKLYN,12,7,1,0,Other_Unknown,STATION WAGON/SPORT UTILITY VEHICLE
4457993,UNKNOWN,9,0,0,0,Distraction,BOX TRUCK
4542297,UNKNOWN,6,15,0,0,Distraction,SEDAN
4420675,BRONX,5,15,0,0,Distraction,BIKE
4428911,MANHATTAN,6,12,0,1,Other_Unknown,TAXI
4429428,UNKNOWN,6,18,1,0,Other_Unknown,SEDAN
4566394,UNKNOWN,9,13,0,0,Distraction,STATION WAGON/SPORT UTILITY VEHICLE
4411680,UNKNOWN,4,8,1,0,Aggressive_Driving,SEDAN
4411812,QUEENS,4,14,0,0,Other_Unknown,OTHER
4516698,UNKNOWN,4,4,0,1,Aggressive_Driving,SEDAN
4462865,BRONX,9,11,0,0,Distraction,SEDAN
4413137,UNKNOWN,5,15,0,1,Distraction,STATION WAGON/SPORT UTILITY VEHICLE
4412299,UNKNOWN,5,1,0,1,Other_Unknown,SEDAN
4420835,BRONX,5,17,1,0,Human_Error,SEDAN
4493308,BRONX,1,15,0,0,DUI_Drugs,SEDAN
4462783,UNKNOWN,9,15,0,0,Aggressive_Driving,STATION WAGON/SPORT UTILITY VEHICLE
4458662,UNKNOWN,9,14,0,1,Other_Unknown,STATION WAGON/SPORT UTILITY VEHICLE
4459434,STATEN ISLAND,9,15,0,0,Distraction,SEDAN
4421665,BRONX,5,11,0,0,Distraction,SEDAN
4422714,UNKNOWN,5,4,0,0,Human_Error,STATION WAGON/SPORT UTILITY VEHICLE
4463580,UNKNOWN,10,12,0,1,Other_Unknown,STATION WAGON/SPORT UTILITY VEHICLE
4423297,UNKNOWN,6,16,1,0,Human_Error,SEDAN
4431531,QUEENS,6,1,0,1,Other_Unknown,STATION WAGON/SPORT UTILITY VEHICLE
4490654,MANHATTAN,12,13,0,0,Other_Unknown,SEDAN
4545852,BROOKLYN,7,18,1,0,Other_Unknown,STATION WAGON/SPORT UTILITY VEHICLE
4490789,UNKNOWN,12,19,0,0,Other_Unknown,OTHER
4423500,UNKNOWN,6,16,1,0,Other_Unknown,STATION WAGON/SPORT UTILITY VEHICLE
4432064,BROOKLYN,6,12,0,1,Human_Error,UNKNOWN
4488290,BRONX,12,11,0,0,Other_Unknown,SEDAN
4431485,UNKNOWN,6,17,1,1,Human_Error,STATION WAGON/SPORT UTILITY VEHICLE
4493601,UNKNOWN,1,7,1,0,Other_Unknown,STATION WAGON/SPORT UTILITY VEHICLE
4431962,BROOKLYN,6,10,0,0,Other_Unknown,OTHER
4423420,BROOKLYN,6,11,0,0,Human_Error,STATION WAGON/SPORT UTILITY VEHICLE
4423188,UNKNOWN,6,4,0,0,Distraction,STATION WAGON/SPORT UTILITY VEHICLE
4423287,BROOKLYN,6,19,0,0,Distraction,SEDAN
4429613,UNKNOWN,6,21,0,0,Other_Unknown,SEDAN
4464824,UNKNOWN,9,1,0,1,DUI_Drugs,STATION WAGON/SPORT UTILITY VEHICLE
4432226,UNKNOWN,6,11,0,0,Other_Unknown,SEDAN
4489001,UNKNOWN,12,18,1,0,Human_Error,SEDAN
4424470,UNKNOWN,6,19,0,1,Other_Unknown,SEDAN
4493874,UNKNOWN,1,23,0,0,Other_Unknown,STATION WAGON/SPORT UTILITY VEHICLE
4522147,QUEENS,4,18,1,0,Other_Unknown,SEDAN
4460093,MANHATTAN,9,7,1,0,Distraction,STATION WAGON/SPORT UTILITY VEHICLE
4424934,UNKNOWN,6,9,1,0,Human_Error,SEDAN
4424108,UNKNOWN,6,15,0,1,Other_Unknown,MOTORCYCLE
4460548,MANHATTAN,9,7,1,0,Other_Unknown,SEDAN
4424254,BRONX,6,13,0,1,Distraction,SEDAN
4491260,BROOKLYN,12,17,1,0,Distraction,SEDAN
4424754,MANHATTAN,6,11,0,0,Human_Error,MOTORCYCLE
4416375,BRONX,5,8,1,0,Human_Error,OTHER
4416308,MANHATTAN,5,0,0,0,Other_Unknown,SEDAN
4416291,BRONX,5,19,0,0,Other_Unknown,STATION WAGON/SPORT UTILITY VEHICLE
4407730,BROOKLYN,4,18,1,0,Other_Unknown,SEDAN
4513960,QUEENS,3,5,0,1,Aggressive_Driving,SEDAN
4465661,UNKNOWN,10,16,1,0,Human_Error,STATION WAGON/SPORT UTILITY VEHICLE
4460492,UNKNOWN,9,11,0,0,Other_Unknown,BUS
4513945,BROOKLYN,3,0,0,1,Other_Unknown,STATION WAGON/SPORT UTILITY VEHICLE
4466002,UNKNOWN,10,10,0,0,Other_Unknown,TAXI
4465021,QUEENS,10,18,1,0,Distraction,SEDAN
4425595,UNKNOWN,6,18,1,0,Aggressive_Driving,SEDAN
4416834,QUEENS,5,8,1,1,Human_Error,STATION WAGON/SPORT UTILITY VEHICLE
4426697,QUEENS,6,23,0,0,Distraction,STATION WAGON/SPORT UTILITY VEHICLE
4409229,BRONX,4,2,0,1,Distraction,SEDAN
4426199,BRONX,6,17,1,0,Other_Unknown,SEDAN
4460796,BROOKLYN,9,1,0,1,Human_Error,BIKE
4460875,UNKNOWN,9,15,0,1,Human_Error,STATION WAGON/SPORT UTILITY VEHICLE
4487100,UNKNOWN,12,15,0,0,Distraction,BUS
4417858,BROOKLYN,5,18,1,0,Other_Unknown,STATION WAGON/SPORT UTILITY VEHICLE
4487518,BROOKLYN,12,0,0,0,Distraction,SEDAN
4457841,UNKNOWN,9,17,1,0,Human_Error,SEDAN
4461489,BROOKLYN,9,22,0,1,Human_Error,SEDAN
4427005,STATEN ISLAND,6,18,1,1,Distraction,SEDAN
4488962,BROOKLYN,12,6,0,0,Distraction,E-BIKE
4409821,UNKNOWN,4,11,0,0,Other_Unknown,SEDAN
4491198,BROOKLYN,1,9,1,1,Road_Conditions,STATION WAGON/SPORT UTILITY VEHICLE
4461479,BROOKLYN,9,4,0,0,Other_Unknown,STATION WAGON/SPORT UTILITY VEHICLE
4426967,MANHATTAN,6,5,0,0,Other_Unknown,SEDAN
4419582,BROOKLYN,5,18,1,1,Distraction,STATION WAGON/SPORT UTILITY VEHICLE
4543137,QUEENS,7,0,0,1,Other_Unknown,STATION WAGON/SPORT UTILITY VEHICLE
4410551,UNKNOWN,4,0,0,1,Human_Error,STATION WAGON/SPORT UTILITY VEHICLE
4513968,UNKNOWN,3,15,0,1,Human_Error,SEDAN
4418956,UNKNOWN,5,0,0,1,Distraction,UNKNOWN
4492171,MANHATTAN,1,8,1,1,Other_Unknown,STATION WAGON/SPORT UTILITY VEHICLE
4484971,UNKNOWN,12,6,0,0,Vehicle_Fail,STATION WAGON/SPORT UTILITY VEHICLE
4420099,BRONX,5,5,0,1,Other_Unknown,STATION WAGON/SPORT UTILITY VEHICLE
4516342,BROOKLYN,3,0,0,0,DUI_Drugs,STATION WAGON/SPORT UTILITY VEHICLE
4458732,QUEENS,9,8,1,0,Other_Unknown,STATION WAGON/SPORT UTILITY VEHICLE
4457568,BROOKLYN,9,12,0,0,Human_Error,OTHER
4411736,QUEENS,4,14,0,0,Distraction,BUS
4411497,MANHATTAN,4,15,0,0,Other_Unknown,STATION WAGON/SPORT UTILITY VEHICLE
4458212,QUEENS,9,9,1,0,Distraction,BOX TRUCK
4489512,BROOKLYN,12,4,0,1,Other_Unknown,SEDAN
4458792,UNKNOWN,9,12,0,1,Distraction,BIKE
4542709,UNKNOWN,6,14,0,0,Distraction,STATION WAGON/SPORT UTILITY VEHICLE
4458515,UNKNOWN,9,16,1,0,Other_Unknown,SEDAN
4504308,UNKNOWN,2,11,0,1,Aggressive_Driving,STATION WAGON/SPORT UTILITY VEHICLE
4458540,UNKNOWN,9,16,1,0,Aggressive_Driving,OTHER
4429357,UNKNOWN,6,0,0,0,Aggressive_Driving,SEDAN
4504567,BROOKLYN,2,22,0,1,Aggressive_Driving,SEDAN
4411678,BROOKLYN,4,15,0,0,Other_Unknown,STATION WAGON/SPORT UTILITY VEHICLE
4515124,UNKNOWN,3,11,0,0,Distraction,SEDAN
4490310,UNKNOWN,12,23,0,0,Road_Conditions,SEDAN
4429685,MANHATTAN,6,2,0,1,Other_Unknown,TAXI
4463649,UNKNOWN,9,22,0,0,Aggressive_Driving,STATION WAGON/SPORT UTILITY VEHICLE
4463031,UNKNOWN,9,18,1,0,Distraction,SEDAN
4430180,BROOKLYN,6,17,1,0,Other_Unknown,UNKNOWN
4412876,QUEENS,5,9,1,1,Aggressive_Driving,STATION WAGON/SPORT UTILITY VEHICLE
4420802,BROOKLYN,5,14,0,0,Distraction,SEDAN
4492505,UNKNOWN,1,12,0,0,Vehicle_Fail,STATION WAGON/SPORT UTILITY VEHICLE
4413015,UNKNOWN,5,21,0,1,Aggressive_Driving,SEDAN
4420561,MANHATTAN,5,8,1,0,Human_Error,PICK-UP TRUCK
4430638,MANHATTAN,6,19,0,1,Other_Unknown,SEDAN
4421157,MANHATTAN,5,12,0,0,Human_Error,SEDAN
4492698,QUEENS,1,8,1,0,Road_Conditions,STATION WAGON/SPORT UTILITY VEHICLE
4462390,UNKNOWN,9,17,1,0,Human_Error,STATION WAGON/SPORT UTILITY VEHICLE
4492991,UNKNOWN,1,17,1,0,Human_Error,STATION WAGON/SPORT UTILITY VEHICLE
4492076,MANHATTAN,1,8,1,0,Distraction,PICK-UP TRUCK
4421527,QUEENS,5,18,1,1,Other_Unknown,SEDAN
4421496,BROOKLYN,5,9,1,1,Human_Error,SEDAN
4422069,BRONX,5,18,1,1,Distraction,STATION WAGON/SPORT UTILITY VEHICLE
4422246,BROOKLYN,5,1,0,0,Other_Unknown,STATION WAGON/SPORT UTILITY VEHICLE
4422085,BRONX,5,18,1,0,Other_Unknown,OTHER
4430969,QUEENS,6,21,0,0,Distraction,STATION WAGON/SPORT UTILITY VEHICLE
4413494,BROOKLYN,5,19,0,0,Other_Unknown,STATION WAGON/SPORT UTILITY VEHICLE
4422227,BROOKLYN,5,7,1,1,Other_Unknown,STATION WAGON/SPORT UTILITY VEHICLE
4459888,QUEENS,8,16,1,0,Human_Error,BUS
4430966,UNKNOWN,6,9,1,0,Human_Error,SEDAN
4422562,BROOKLYN,5,18,1,0,Other_Unknown,SEDAN
4414867,BRONX,5,15,0,0,Distraction,STATION WAGON/SPORT UTILITY VEHICLE
4423224,UNKNOWN,5,5,0,1,DUI_Drugs,SEDAN
4493854,STATEN ISLAND,1,8,1,1,Other_Unknown,SEDAN
4413983,UNKNOWN,5,7,1,0,Human_Error,SEDAN
4413653,MANHATTAN,5,12,0,0,Distraction,SEDAN
4463934,UNKNOWN,10,2,0,1,Aggressive_Driving,SEDAN
4431644,BROOKLYN,6,11,0,1,Other_Unknown,STATION WAGON/SPORT UTILITY VEHICLE
4431257,UNKNOWN,6,6,0,1,Other_Unknown,STATION WAGON/SPORT UTILITY VEHICLE
4464472,BRONX,10,17,1,0,Aggressive_Driving,SEDAN
4464578,UNKNOWN,10,1,0,1,Aggressive_Driving,E-BIKE
4515762,UNKNOWN,4,0,0,0,Human_Error,OTHER
4460243,BROOKLYN,9,1,0,1,Other_Unknown,TAXI
4494063,QUEENS,1,22,0,0,Human_Error,SEDAN
4415540,BROOKLYN,4,15,0,0,Other_Unknown,SEDAN
4488180,QUEENS,12,7,1,0,Human_Error,SEDAN
4566722,QUEENS,9,10,0,0,Vehicle_Fail,STATION WAGON/SPORT UTILITY VEHICLE
4542444,UNKNOWN,7,2,0,0,Other_Unknown,STATION WAGON/SPORT UTILITY VEHICLE
4423592,MANHATTAN,6,9,1,1,Distraction,SEDAN
4544011,BROOKLYN,7,15,0,1,Other_Unknown,SEDAN
4423619,QUEENS,6,16,1,1,Human_Error,OTHER
4514778,MANHATTAN,3,23,0,0,Other_Unknown,STATION WAGON/SPORT UTILITY VEHICLE
4566591,BROOKLYN,9,15,0,0,Other_Unknown,SEDAN
4517477,BRONX,4,16,1,0,Other_Unknown,STATION WAGON/SPORT UTILITY VEHICLE
4424933,BRONX,6,7,1,1,Other_Unknown,SEDAN
4490859,UNKNOWN,12,4,0,0,Human_Error,STATION WAGON/SPORT UTILITY VEHICLE
4513861,BROOKLYN,3,21,0,1,Distraction,SEDAN
4425241,BROOKLYN,6,15,0,0,Other_Unknown,STATION WAGON/SPORT UTILITY VEHICLE
4407975,UNKNOWN,4,10,0,0,Distraction,SEDAN
4491541,UNKNOWN,12,6,0,0,Other_Unknown,STATION WAGON/SPORT UTILITY VEHICLE
4415857,STATEN ISLAND,5,23,0,1,Distraction,SEDAN
4491185,UNKNOWN,12,12,0,1,Human_Error,SEDAN
4460242,MANHATTAN,9,12,0,0,Distraction,STATION WAGON/SPORT UTILITY VEHICLE
4514924,QUEENS,3,12,0,0,Other_Unknown,SEDAN
4417404,QUEENS,5,6,0,0,Distraction,SEDAN
4417631,UNKNOWN,5,18,1,1,Distraction,STATION WAGON/SPORT UTILITY VEHICLE
4465317,BRONX,10,16,1,0,Other_Unknown,SEDAN
4515165,UNKNOWN,3,14,0,0,Distraction,STATION WAGON/SPORT UTILITY VEHICLE
4408827,BROOKLYN,4,10,0,0,Human_Error,OTHER
4426497,UNKNOWN,6,16,1,0,Human_Error,SEDAN
4489196,BRONX,12,18,1,0,Other_Unknown,PICK-UP TRUCK
4418086,UNKNOWN,5,21,0,0,Other_Unknown,TAXI
4461811,MANHATTAN,9,22,0,0,DUI_Drugs,SEDAN
4461863,BRONX,9,19,0,0,Other_Unknown,STATION WAGON/SPORT UTILITY VEHICLE
4427651,UNKNOWN,6,18,1,0,Other_Unknown,STATION WAGON/SPORT UTILITY VEHICLE
4410129,BRONX,4,16,1,0,Other_Unknown,SEDAN
4409383,UNKNOWN,4,0,0,0,Road_Conditions,STATION WAGON/SPORT UTILITY VEHICLE
4419438,UNKNOWN,5,12,0,0,Other_Unknown,SEDAN
4427446,BROOKLYN,6,11,0,0,Other_Unknown,SEDAN
4427217,QUEENS,6,14,0,0,Human_Error,STATION WAGON/SPORT UTILITY VEHICLE
4543228,QUEENS,6,15,0,0,Aggressive_Driving,STATION WAGON/SPORT UTILITY VEHICLE
4410629,UNKNOWN,4,18,1,0,Other_Unknown,STATION WAGON/SPORT UTILITY VEHICLE
4487965,BRONX,12,7,1,0,Other_Unknown,OTHER
4427839,BRONX,6,15,0,0,Other_Unknown,OTHER
4489610,MANHATTAN,12,0,0,0,Human_Error,TAXI
4489587,BROOKLYN,12,21,0,0,Human_Error,SEDAN
4489215,QUEENS,12,18,1,0,Distraction,SEDAN
4410923,QUEENS,4,15,0,0,Other_Unknown,TAXI
4542825,BROOKLYN,6,7,1,0,Distraction,SEDAN
4516499,UNKNOWN,4,20,0,1,Other_Unknown,SEDAN
4410927,QUEENS,4,15,0,0,Human_Error,SEDAN
4514073,QUEENS,3,4,0,1,Other_Unknown,SEDAN
4419168,UNKNOWN,5,18,1,1,Aggressive_Driving,STATION WAGON/SPORT UTILITY VEHICLE
4419011,UNKNOWN,5,11,0,1,Other_Unknown,SEDAN
4516487,UNKNOWN,4,15,0,1,Human_Error,SEDAN
4419566,BROOKLYN,5,16,1,1,Other_Unknown,SEDAN
4411641,BRONX,4,16,1,0,Other_Unknown,SEDAN
4542662,BRONX,7,15,0,0,Human_Error,SEDAN
4428566,UNKNOWN,6,8,1,0,Other_Unknown,STATION WAGON/SPORT UTILITY VEHICLE
4428761,BROOKLYN,6,16,1,0,Other_Unknown,STATION WAGON/SPORT UTILITY VEHICLE
4428506,UNKNOWN,6,17,1,0,Other_Unknown,STATION WAGON/SPORT UTILITY VEHICLE
4457768,UNKNOWN,9,21,0,0,Other_Unknown,SEDAN
4492028,BROOKLYN,1,12,0,0,Other_Unknown,SEDAN
4429285,BRONX,6,15,0,1,Aggressive_Driving,STATION WAGON/SPORT UTILITY VEHICLE
4428773,UNKNOWN,6,2,0,1,Road_Conditions,OTHER
4487986,MANHATTAN,12,21,0,1,Human_Error,TAXI
4411721,MANHATTAN,4,11,0,0,Distraction,STATION WAGON/SPORT UTILITY VEHICLE
4515737,BROOKLYN,3,10,0,0,Distraction,SEDAN
4429712,MANHATTAN,6,1,0,1,Other_Unknown,SEDAN
4463418,BROOKLYN,10,16,1,0,Other_Unknown,SEDAN
4429298,QUEENS,6,10,0,1,Distraction,STATION WAGON/SPORT UTILITY VEHICLE
4463433,MANHATTAN,9,12,0,0,Aggressive_Driving,STATION WAGON/SPORT UTILITY VEHICLE
4412218,UNKNOWN,4,20,0,0,Distraction,MOTORCYCLE
4463271,MANHATTAN,9,21,0,0,Distraction,BIKE
4462955,BRONX,9,16,1,0,Other_Unknown,OTHER
4463434,STATEN ISLAND,9,8,1,0,Other_Unknown,STATION WAGON/SPORT UTILITY VEHICLE
4462848,UNKNOWN,9,13,0,0,Other_Unknown,STATION WAGON/SPORT UTILITY VEHICLE
4458491,UNKNOWN,9,21,0,1,Human_Error,SEDAN
4421850,BROOKLYN,5,23,0,0,Other_Unknown,SEDAN
4412693,QUEENS,5,2,0,1,Distraction,SEDAN
4429935,QUEENS,6,22,0,0,DUI_Drugs,STATION WAGON/SPORT UTILITY VEHICLE
4421195,BRONX,5,9,1,0,Other_Unknown,SEDAN
4492657,UNKNOWN,1,18,1,0,Other_Unknown,SEDAN
4492248,UNKNOWN,1,19,0,0,Distraction,SEDAN
4492218,BRONX,1,7,1,0,Distraction,STATION WAGON/SPORT UTILITY VEHICLE
4515430,UNKNOWN,4,10,0,0,Distraction,OTHER
4431385,BRONX,6,19,0,1,Other_Unknown,UNKNOWN
4413307,UNKNOWN,5,17,1,0,Human_Error,STATION WAGON/SPORT UTILITY VEHICLE
4430288,QUEENS,6,22,0,0,Distraction,OTHER
4459869,BROOKLYN,9,15,0,0,Human_Error,SEDAN
4431460,QUEENS,6,20,0,1,Distraction,SEDAN
4486124,UNKNOWN,10,21,0,1,Human_Error,STATION WAGON/SPORT UTILITY VEHICLE
4413665,UNKNOWN,5,10,0,0,Other_Unknown,SEDAN
4432047,UNKNOWN,6,16,1,1,Distraction,STATION WAGON/SPORT UTILITY VEHICLE
4414516,STATEN ISLAND,5,20,0,0,Human_Error,SEDAN
4431662,UNKNOWN,6,15,0,1,Distraction,STATION WAGON/SPORT UTILITY VEHICLE
4431724,MANHATTAN,6,15,0,1,Aggressive_Driving,SEDAN
4566485,QUEENS,9,3,0,0,Other_Unknown,SEDAN
4493488,UNKNOWN,1,2,0,0,Other_Unknown,SEDAN
4493992,UNKNOWN,9,21,0,0,Human_Error,SEDAN
4423769,UNKNOWN,5,9,1,0,Human_Error,OTHER
4431940,UNKNOWN,6,18,1,0,Human_Error,SEDAN
4432318,QUEENS,6,8,1,0,Distraction,STATION WAGON/SPORT UTILITY VEHICLE
4485906,BRONX,12,8,1,0,Other_Unknown,STATION WAGON/SPORT UTILITY VEHICLE
4414964,MANHATTAN,5,0,0,1,Other_Unknown,SEDAN
4414644,QUEENS,5,4,0,1,Other_Unknown,SEDAN
4464258,UNKNOWN,10,19,0,0,Human_Error,STATION WAGON/SPORT UTILITY VEHICLE
4464686,UNKNOWN,10,11,0,1,Distraction,SEDAN
4433087,BROOKLYN,6,14,0,0,Human_Error,STATION WAGON/SPORT UTILITY VEHICLE
4493967,STATEN ISLAND,1,21,0,0,Other_Unknown,SEDAN
4461127,UNKNOWN,9,19,0,0,Human_Error,SEDAN
4424242,QUEENS,6,3,0,1,Distraction,SEDAN
4415186,UNKNOWN,5,7,1,0,Road_Conditions,STATION WAGON/SPORT UTILITY VEHICLE
4424696,BROOKLYN,6,8,1,0,Other_Unknown,OTHER
4425323,BROOKLYN,6,17,1,0,Other_Unknown,OTHER
4407686,BRONX,4,16,1,0,Other_Unknown,SEDAN
4407669,BROOKLYN,4,16,1,0,Other_Unknown,SEDAN
4424745,BROOKLYN,6,0,0,0,Distraction,SEDAN
4408449,MANHATTAN,4,15,0,1,Distraction,SEDAN
4407934,UNKNOWN,4,11,0,1,Human_Error,STATION WAGON/SPORT UTILITY VEHICLE
4513730,UNKNOWN,3,23,0,1,Distraction,SEDAN
4409002,BROOKLYN,4,17,1,0,Other_Unknown,STATION WAGON/SPORT UTILITY VEHICLE
4514811,UNKNOWN,3,7,1,0,Other_Unknown,SEDAN
4408760,BRONX,4,22,0,0,DUI_Drugs,STATION WAGON/SPORT UTILITY VEHICLE
4416754,BROOKLYN,5,0,0,1,Distraction,STATION WAGON/SPORT UTILITY VEHICLE
4461568,UNKNOWN,9,1,0,0,Human_Error,SEDAN
4597763,BROOKLYN,1,15,0,1,Other_Unknown,SEDAN
4465166,UNKNOWN,10,3,0,0,Other_Unknown,STATION WAGON/SPORT UTILITY VEHICLE
4485376,UNKNOWN,12,12,0,0,Road_Conditions,STATION WAGON/SPORT UTILITY VEHICLE
4489017,UNKNOWN,12,3,0,0,Other_Unknown,SEDAN
4409277,QUEENS,4,19,0,0,Distraction,STATION WAGON/SPORT UTILITY VEHICLE
4457109,UNKNOWN,9,23,0,0,Aggressive_Driving,STATION WAGON/SPORT UTILITY VEHICLE
4418248,UNKNOWN,5,11,0,0,Human_Error,SEDAN
4417876,QUEENS,5,14,0,0,Distraction,SEDAN
4418440,UNKNOWN,5,17,1,1,Distraction,SEDAN
4457755,MANHATTAN,8,9,1,0,Human_Error,STATION WAGON/SPORT UTILITY VEHICLE
4407271,BROOKLYN,4,7,1,0,Human_Error,STATION WAGON/SPORT UTILITY VEHICLE
4461962,UNKNOWN,8,6,0,1,Aggressive_Driving,SEDAN
4489264,UNKNOWN,12,21,0,0,Human_Error,OTHER
4409397,UNKNOWN,4,14,0,0,Other_Unknown,SEDAN
4461666,BROOKLYN,9,9,1,0,Other_Unknown,SEDAN
4491675,BROOKLYN,1,0,0,1,Other_Unknown,SEDAN
4419171,STATEN ISLAND,5,12,0,0,Other_Unknown,SEDAN
4457541,UNKNOWN,9,16,1,0,Other_Unknown,STATION WAGON/SPORT UTILITY VEHICLE
4418655,UNKNOWN,5,10,0,0,Road_Conditions,SEDAN
4427911,MANHATTAN,6,9,1,0,Distraction,TAXI
4489581,BROOKLYN,12,23,0,0,Distraction,STATION WAGON/SPORT UTILITY VEHICLE
4488950,UNKNOWN,12,23,0,0,DUI_Drugs,STATION WAGON/SPORT UTILITY VEHICLE
4410965,QUEENS,4,11,0,0,Human_Error,SEDAN
4462526,UNKNOWN,9,13,0,0,Distraction,STATION WAGON/SPORT UTILITY VEHICLE
4492227,QUEENS,12,9,1,0,Distraction,SEDAN
4411372,UNKNOWN,4,19,0,0,Distraction,OTHER
4419663,UNKNOWN,5,1,0,1,Road_Conditions,SEDAN
4420243,BROOKLYN,5,11,0,0,Human_Error,SEDAN
4419765,BRONX,5,23,0,1,Human_Error,BIKE
4429176,BRONX,6,0,0,1,Other_Unknown,SEDAN
4411229,BROOKLYN,4,15,0,0,Other_Unknown,SEDAN
4411712,BROOKLYN,4,14,0,0,Other_Unknown,OTHER
4458497,BROOKLYN,9,19,0,0,Other_Unknown,SEDAN
4458050,MANHATTAN,9,20,0,0,Other_Unknown,SEDAN
4419947,UNKNOWN,5,4,0,0,Other_Unknown,STATION WAGON/SPORT UTILITY VEHICLE
4420541,UNKNOWN,5,16,1,0,Other_Unknown,STATION WAGON/SPORT UTILITY VEHICLE
4428779,UNKNOWN,6,15,0,1,Distraction,SEDAN
4567062,MANHATTAN,9,14,0,0,Other_Unknown,E-BIKE
4463456,UNKNOWN,9,19,0,0,Human_Error,SEDAN
4429838,QUEENS,6,0,0,0,Aggressive_Driving,STATION WAGON/SPORT UTILITY VEHICLE
4516232,UNKNOWN,4,15,0,0,Other_Unknown,SEDAN
4513964,BROOKLYN,3,18,1,1,Human_Error,SEDAN
4459042,QUEENS,9,8,1,0,Distraction,BUS
4492330,UNKNOWN,1,18,1,0,Distraction,SEDAN
4492699,QUEENS,1,7,1,0,Other_Unknown,STATION WAGON/SPORT UTILITY VEHICLE
4458990,UNKNOWN,9,21,0,1,Other_Unknown,SEDAN
4412663,UNKNOWN,5,9,1,1,Other_Unknown,STATION WAGON/SPORT UTILITY VEHICLE
4429645,QUEENS,6,0,0,0,Aggressive_Driving,STATION WAGON/SPORT UTILITY VEHICLE
4492503,BROOKLYN,1,12,0,0,Human_Error,BOX TRUCK
4422159,MANHATTAN,5,18,1,0,Distraction,STATION WAGON/SPORT UTILITY VEHICLE
4430664,UNKNOWN,6,17,1,0,Human_Error,STATION WAGON/SPORT UTILITY VEHICLE
4422519,BROOKLYN,5,20,0,0,Distraction,SEDAN
4430792,UNKNOWN,6,9,1,0,Other_Unknown,SEDAN
4431542,UNKNOWN,6,17,1,0,Human_Error,SEDAN
4459224,BRONX,9,4,0,0,Aggressive_Driving,SEDAN
4463352,MANHATTAN,10,11,0,1,Other_Unknown,STATION WAGON/SPORT UTILITY VEHICLE
4431016,MANHATTAN,6,7,1,1,Other_Unknown,SEDAN
4493521,BROOKLYN,1,20,0,1,Other_Unknown,STATION WAGON/SPORT UTILITY VEHICLE
4414427,UNKNOWN,5,11,0,0,Distraction,SEDAN
4514898,UNKNOWN,3,6,0,0,Human_Error,STATION WAGON/SPORT UTILITY VEHICLE
4423365,MANHATTAN,6,15,0,0,Other_Unknown,BIKE
4493841,QUEENS,1,10,0,0,Other_Unknown,STATION WAGON/SPORT UTILITY VEHICLE
4431912,UNKNOWN,6,17,1,0,Human_Error,STATION WAGON/SPORT UTILITY VEHICLE
4423203,MANHATTAN,6,11,0,0,Other_Unknown,SEDAN
4415432,BRONX,4,20,0,0,Other_Unknown,SEDAN
4433223,BRONX,6,9,1,0,Human_Error,STATION WAGON/SPORT UTILITY VEHICLE
4542957,UNKNOWN,7,10,0,0,Human_Error,SEDAN
4489069,BROOKLYN,12,21,0,0,Aggressive_Driving,SEDAN
4423799,BRONX,6,23,0,1,Distraction,UNKNOWN
4521506,UNKNOWN,4,3,0,1,Aggressive_Driving,SEDAN
4544092,UNKNOWN,7,13,0,0,Other_Unknown,SEDAN
4566544,UNKNOWN,9,5,0,1,Vehicle_Fail,STATION WAGON/SPORT UTILITY VEHICLE
4460365,QUEENS,9,14,0,0,Human_Error,STATION WAGON/SPORT UTILITY VEHICLE
4514189,BRONX,3,6,0,0,Human_Error,STATION WAGON/SPORT UTILITY VEHICLE
4514221,BRONX,3,13,0,0,Distraction,SEDAN
4490874,BROOKLYN,12,19,0,0,Human_Error,SEDAN
4416220,MANHATTAN,5,16,1,0,Human_Error,SEDAN
4490830,QUEENS,12,18,1,0,Other_Unknown,STATION WAGON/SPORT UTILITY VEHICLE
4424955,UNKNOWN,6,18,1,0,Other_Unknown,SEDAN
4515544,QUEENS,4,15,0,1,Distraction,SEDAN
4513709,STATEN ISLAND,3,12,0,1,Distraction,SEDAN
4465655,BROOKLYN,10,16,1,0,Other_Unknown,STATION WAGON/SPORT UTILITY VEHICLE
4408980,UNKNOWN,4,21,0,0,Other_Unknown,SEDAN
4456446,QUEENS,9,14,0,1,Other_Unknown,PICK-UP TRUCK
4597893,UNKNOWN,1,22,0,1,Aggressive_Driving,STATION WAGON/SPORT UTILITY VEHICLE
4408590,UNKNOWN,4,10,0,0,Aggressive_Driving,TAXI
4409174,QUEENS,4,15,0,0,Other_Unknown,OTHER
4408891,UNKNOWN,4,15,0,0,Human_Error,SEDAN
4416996,BROOKLYN,5,15,0,1,Other_Unknown,STATION WAGON/SPORT UTILITY VEHICLE
4426643,BROOKLYN,6,15,0,0,Other_Unknown,SEDAN
4487111,UNKNOWN,12,14,0,0,Human_Error,SEDAN
4417437,UNKNOWN,5,0,0,0,Distraction,STATION WAGON/SPORT UTILITY VEHICLE
4465138,UNKNOWN,10,1,0,0,Human_Error,STATION WAGON/SPORT UTILITY VEHICLE
4516147,BRONX,4,1,0,1,Other_Unknown,STATION WAGON/SPORT UTILITY VEHICLE
4426215,QUEENS,6,8,1,1,Aggressive_Driving,STATION WAGON/SPORT UTILITY VEHICLE
4487448,QUEENS,12,18,1,0,Aggressive_Driving,SEDAN
4409699,UNKNOWN,4,17,1,0,Distraction,SEDAN
4409387,UNKNOWN,4,19,0,0,Other_Unknown,SEDAN
4461950,BRONX,9,23,0,0,Aggressive_Driving,SEDAN
4409180,UNKNOWN,4,9,1,0,Other_Unknown,STATION WAGON/SPORT UTILITY VEHICLE
4418473,BROOKLYN,5,6,0,0,Distraction,TAXI
4419733,BROOKLYN,5,14,0,0,Road_Conditions,SEDAN
4465798,UNKNOWN,10,10,0,1,Distraction,SEDAN
4418073,UNKNOWN,5,0,0,0,Other_Unknown,SEDAN
4418310,QUEENS,5,10,0,0,Other_Unknown,SEDAN
4514640,BROOKLYN,3,7,1,0,Other_Unknown,SEDAN
4428083,UNKNOWN,6,9,1,0,Human_Error,OTHER
4514645,BROOKLYN,3,23,0,1,Other_Unknown,SEDAN
4491849,BROOKLYN,1,19,0,0,Other_Unknown,STATION WAGON/SPORT UTILITY VEHICLE
4515628,BROOKLYN,4,2,0,1,Aggressive_Driving,STATION WAGON/SPORT UTILITY VEHICLE
4516078,BRONX,4,18,1,1,Other_Unknown,STATION WAGON/SPORT UTILITY VEHICLE
4462497,BRONX,9,9,1,0,Other_Unknown,STATION WAGON/SPORT UTILITY VEHICLE
4485529,BROOKLYN,12,19,0,0,Human_Error,STATION WAGON/SPORT UTILITY VEHICLE
4411435,BRONX,4,21,0,0,Other_Unknown,SEDAN
4419766,BRONX,5,19,0,1,Other_Unknown,SEDAN
4566335,UNKNOWN,9,1,0,0,Distraction,BIKE
4492156,UNKNOWN,1,10,0,0,Human_Error,STATION WAGON/SPORT UTILITY VEHICLE
4420606,BRONX,5,23,0,1,Distraction,STATION WAGON/SPORT UTILITY VEHICLE
4420158,UNKNOWN,5,8,1,0,Distraction,SEDAN
4458034,BRONX,9,19,0,0,Distraction,SEDAN
4490183,BRONX,12,8,1,1,Other_Unknown,STATION WAGON/SPORT UTILITY VEHICLE
4504736,BRONX,2,23,0,0,Distraction,SEDAN
4487409,QUEENS,12,9,1,1,Distraction,SEDAN
4412809,BROOKLYN,4,20,0,0,DUI_Drugs,STATION WAGON/SPORT UTILITY VEHICLE
4515225,UNKNOWN,3,13,0,0,Human_Error,STATION WAGON/SPORT UTILITY VEHICLE
4515342,UNKNOWN,3,16,1,0,Human_Error,SEDAN
4462645,BROOKLYN,9,0,0,0,Other_Unknown,PICK-UP TRUCK
4412197,BROOKLYN,4,6,0,0,Other_Unknown,STATION WAGON/SPORT UTILITY VEHICLE
4462455,BRONX,9,13,0,0,Other_Unknown,SEDAN
4516228,UNKNOWN,4,12,0,0,Distraction,SEDAN
4462505,QUEENS,9,10,0,0,Human_Error,BOX TRUCK
4521949,BROOKLYN,4,15,0,1,Distraction,STATION WAGON/SPORT UTILITY VEHICLE
4420715,UNKNOWN,5,9,1,0,Distraction,OTHER
4458438,MANHATTAN,9,18,1,1,Other_Unknown,SEDAN
4492967,BROOKLYN,1,18,1,0,Distraction,STATION WAGON/SPORT UTILITY VEHICLE
4421830,QUEENS,5,20,0,1,Distraction,SEDAN
4412614,BRONX,5,1,0,1,Other_Unknown,STATION WAGON/SPORT UTILITY VEHICLE
4487978,BROOKLYN,12,2,0,1,Human_Error,STATION WAGON/SPORT UTILITY VEHICLE
4422099,UNKNOWN,5,23,0,0,Other_Unknown,SEDAN
4488570,UNKNOWN,12,14,0,0,Aggressive_Driving,SEDAN
4487872,QUEENS,12,20,0,1,Distraction,SEDAN
4431172,BRONX,6,12,0,0,Other_Unknown,STATION WAGON/SPORT UTILITY VEHICLE
4430797,UNKNOWN,6,7,1,0,Vehicle_Fail,STATION WAGON/SPORT UTILITY VEHICLE
4463518,BRONX,10,8,1,1,Road_Conditions,STATION WAGON/SPORT UTILITY VEHICLE
4463554,MANHATTAN,10,4,0,1,Distraction,STATION WAGON/SPORT UTILITY VEHICLE
4431076,UNKNOWN,4,20,0,0,Other_Unknown,OTHER
4422960,BROOKLYN,5,15,0,0,Aggressive_Driving,STATION WAGON/SPORT UTILITY VEHICLE
4464002,BRONX,9,7,1,1,Aggressive_Driving,SEDAN
4414510,QUEENS,5,23,0,0,Aggressive_Driving,SEDAN
4414640,UNKNOWN,5,16,1,0,Other_Unknown,SEDAN
4414047,MANHATTAN,5,16,1,0,Human_Error,SEDAN
4493366,UNKNOWN,1,23,0,1,Other_Unknown,SEDAN
4515904,BROOKLYN,4,4,0,0,Other_Unknown,SEDAN
4413741,QUEENS,5,11,0,0,Human_Error,STATION WAGON/SPORT UTILITY VEHICLE
4464462,UNKNOWN,9,17,1,0,Human_Error,SEDAN
4464326,MANHATTAN,10,19,0,1,Distraction,BIKE
4463662,QUEENS,10,10,0,1,Distraction,STATION WAGON/SPORT UTILITY VEHICLE
4488208,BROOKLYN,12,14,0,0,Distraction,SEDAN
4515173,BROOKLYN,3,16,1,0,Other_Unknown,STATION WAGON/SPORT UTILITY VEHICLE
4414831,BRONX,5,17,1,1,Distraction,STATION WAGON/SPORT UTILITY VEHICLE
4493597,STATEN ISLAND,1,21,0,0,Other_Unknown,PICK-UP TRUCK
4493345,QUEENS,1,6,0,0,Aggressive_Driving,SEDAN
4423158,MANHATTAN,6,7,1,0,Road_Conditions,BOX TRUCK
4423739,BROOKLYN,6,15,0,0,Other_Unknown,SEDAN
4423279,QUEENS,6,13,0,0,Human_Error,SEDAN
4432517,MANHATTAN,6,17,1,0,Aggressive_Driving,SEDAN
4493707,BROOKLYN,1,15,0,0,Distraction,SEDAN
4543858,STATEN ISLAND,6,16,1,0,Distraction,STATION WAGON/SPORT UTILITY VEHICLE
4488746,UNKNOWN,12,12,0,0,Distraction,SEDAN
4542615,BROOKLYN,7,19,0,0,Other_Unknown,SEDAN
4493803,QUEENS,1,12,0,0,Human_Error,SEDAN
4566459,MANHATTAN,9,18,1,0,Other_Unknown,SEDAN
4521498,BROOKLYN,4,5,0,1,DUI_Drugs,SEDAN
4460167,UNKNOWN,9,11,0,0,Distraction,STATION WAGON/SPORT UTILITY VEHICLE
4460369,QUEENS,9,23,0,0,Aggressive_Driving,STATION WAGON/SPORT UTILITY VEHICLE
4464345,UNKNOWN,10,9,1,0,Distraction,OTHER
4515602,QUEENS,4,15,0,1,Human_Error,SEDAN
4415538,UNKNOWN,5,11,0,0,Other_Unknown,STATION WAGON/SPORT UTILITY VEHICLE
4490661,QUEENS,12,1,0,0,DUI_Drugs,STATION WAGON/SPORT UTILITY VEHICLE
4415678,MANHATTAN,5,23,0,0,Human_Error,STATION WAGON/SPORT UTILITY VEHICLE
4415390,UNKNOWN,5,15,0,0,Human_Error,SEDAN
4407359,BROOKLYN,4,15,0,0,Other_Unknown,SEDAN
4408430,BRONX,4,11,0,1,Human_Error,SEDAN
4491235,BROOKLYN,12,15,0,0,Other_Unknown,STATION WAGON/SPORT UTILITY VEHICLE
4491587,BROOKLYN,12,0,0,0,Other_Unknown,STATION WAGON/SPORT UTILITY VEHICLE
4460671,UNKNOWN,9,23,0,0,Aggressive_Driving,STATION WAGON/SPORT UTILITY VEHICLE
4407966,QUEENS,4,16,1,1,Distraction,SEDAN
4464685,UNKNOWN,10,9,1,0,Human_Error,STATION WAGON/SPORT UTILITY VEHICLE
4491329,BROOKLYN,12,17,1,0,Vehicle_Fail,SEDAN
4460414,UNKNOWN,9,23,0,0,Other_Unknown,STATION WAGON/SPORT UTILITY VEHICLE
4416690,UNKNOWN,5,11,0,1,Human_Error,STATION WAGON/SPORT UTILITY VEHICLE
4456832,QUEENS,9,1,0,1,Other_Unknown,SEDAN
4425953,BRONX,6,15,0,0,Other_Unknown,SEDAN
4542071,BROOKLYN,6,17,1,0,Aggressive_Driving,SEDAN
4489234,UNKNOWN,12,19,0,0,Other_Unknown,STATION WAGON/SPORT UTILITY VEHICLE
4457066,BROOKLYN,9,18,1,0,Other_Unknown,STATION WAGON/SPORT UTILITY VEHICLE
4427153,BROOKLYN,6,18,1,0,Other_Unknown,STATION WAGON/SPORT UTILITY VEHICLE
4522409,UNKNOWN,4,3,0,1,Distraction,SEDAN
4457224,MANHATTAN,9,14,0,0,Distraction,BUS
4411944,UNKNOWN,4,19,0,0,Vehicle_Fail,SEDAN
4429137,BROOKLYN,6,16,1,1,Other_Unknown,STATION WAGON/SPORT UTILITY VEHICLE
4421249,UNKNOWN,5,0,0,0,Other_Unknown,BIKE
4516733,UNKNOWN,4,7,1,0,Human_Error,SEDAN
4411785,UNKNOWN,4,18,1,0,Other_Unknown,SEDAN
4429489,BROOKLYN,6,12,0,0,Other_Unknown,SEDAN
4420522,UNKNOWN,5,9,1,0,Other_Unknown,STATION WAGON/SPORT UTILITY VEHICLE
4429739,BRONX,6,7,1,0,Other_Unknown,SEDAN
4430065,BRONX,6,18,1,0,Distraction,SEDAN
4492758,QUEENS,1,20,0,0,Other_Unknown,STATION WAGON/SPORT UTILITY VEHICLE
4430183,BROOKLYN,6,16,1,0,Distraction,SEDAN
4488034,MANHATTAN,12,11,0,1,Distraction,SEDAN
4463068,UNKNOWN,8,17,1,0,Other_Unknown,SEDAN
4421597,BROOKLYN,5,14,0,1,Other_Unknown,SEDAN
4543757,UNKNOWN,7,18,1,1,Distraction,E-BIKE
4459597,BROOKLYN,9,2,0,1,Other_Unknown,UNKNOWN
4458719,BROOKLYN,9,9,1,1,Distraction,SEDAN
4515348,UNKNOWN,4,11,0,0,Aggressive_Driving,SEDAN
4431120,BROOKLYN,6,15,0,0,Other_Unknown,STATION WAGON/SPORT UTILITY VEHICLE
4422930,QUEENS,5,12,0,0,Distraction,UNKNOWN
4431880,QUEENS,6,16,1,0,Other_Unknown,SEDAN
4412711,UNKNOWN,5,23,0,1,Aggressive_Driving,SEDAN
4431693,BROOKLYN,6,16,1,1,Other_Unknown,SEDAN
4515178,UNKNOWN,3,10,0,0,Aggressive_Driving,SEDAN
4463804,BRONX,10,1,0,1,Aggressive_Driving,TAXI
4413992,QUEENS,5,10,0,0,Aggressive_Driving,SEDAN
4515735,BROOKLYN,4,20,0,0,Other_Unknown,SEDAN
4431711,UNKNOWN,6,18,1,1,Human_Error,STATION WAGON/SPORT UTILITY VEHICLE
4514905,UNKNOWN,3,6,0,0,Aggressive_Driving,STATION WAGON/SPORT UTILITY VEHICLE
4566346,BROOKLYN,9,10,0,0,Distraction,STATION WAGON/SPORT UTILITY VEHICLE
4423900,BROOKLYN,5,8,1,0,Aggressive_Driving,STATION WAGON/SPORT UTILITY VEHICLE
4422998,QUEENS,6,15,0,0,Other_Unknown,SEDAN
4423372,BRONX,6,22,0,0,Other_Unknown,SEDAN
4493617,BROOKLYN,1,11,0,0,Aggressive_Driving,STATION WAGON/SPORT UTILITY VEHICLE
4423085,BROOKLYN,6,0,0,0,Distraction,SEDAN
4432948,UNKNOWN,6,14,0,0,Other_Unknown,SEDAN
4464620,UNKNOWN,9,14,0,0,Human_Error,MOTORCYCLE
4567122,UNKNOWN,9,9,1,1,Other_Unknown,STATION WAGON/SPORT UTILITY VEHICLE
4489055,MANHATTAN,12,18,1,1,Distraction,SEDAN
4409384,BRONX,4,22,0,0,Other_Unknown,STATION WAGON/SPORT UTILITY VEHICLE
4410185,UNKNOWN,4,11,0,0,Distraction,OTHER
4409454,UNKNOWN,4,23,0,0,Other_Unknown,STATION WAGON/SPORT UTILITY VEHICLE
4457273,UNKNOWN,9,22,0,0,Other_Unknown,SEDAN
4418300,UNKNOWN,5,8,1,0,Aggressive_Driving,STATION WAGON/SPORT UTILITY VEHICLE
4410245,UNKNOWN,4,22,0,1,Other_Unknown,SEDAN
4427538,QUEENS,6,22,0,0,Human_Error,STATION WAGON/SPORT UTILITY VEHICLE
4419458,MANHATTAN,5,17,1,0,Other_Unknown,SEDAN
4513909,QUEENS,3,21,0,1,Aggressive_Driving,SEDAN
4542418,QUEENS,6,20,0,0,Other_Unknown,SEDAN
4416477,STATEN ISLAND,5,0,0,0,Distraction,SEDAN
4419214,BROOKLYN,5,15,0,1,Distraction,STATION WAGON/SPORT UTILITY VEHICLE
4567239,UNKNOWN,9,19,0,1,Distraction,E-BIKE
4543057,MANHATTAN,7,13,0,0,Distraction,BOX TRUCK
4484642,QUEENS,12,7,1,0,Other_Unknown,SEDAN
4567141,BROOKLYN,9,22,0,0,Other_Unknown,SEDAN
4419704,UNKNOWN,5,12,0,1,Distraction,STATION WAGON/SPORT UTILITY VEHICLE
4411149,UNKNOWN,4,11,0,0,Human_Error,SEDAN
4411108,UNKNOWN,4,12,0,0,Other_Unknown,STATION WAGON/SPORT UTILITY VEHICLE
4427923,UNKNOWN,6,14,0,0,Human_Error,SEDAN
4427896,BROOKLYN,6,11,0,0,Distraction,SEDAN
4458307,QUEENS,9,17,1,0,Other_Unknown,SEDAN
4542796,BROOKLYN,6,22,0,1,Other_Unknown,STATION WAGON/SPORT UTILITY VEHICLE
4462924,UNKNOWN,9,15,0,0,Other_Unknown,E-BIKE
4420695,BROOKLYN,5,15,0,0,Other_Unknown,SEDAN
4458445,UNKNOWN,9,6,0,0,DUI_Drugs,SEDAN
4429027,UNKNOWN,6,23,0,1,Distraction,UNKNOWN
4429034,BROOKLYN,6,16,1,1,Other_Unknown,STATION WAGON/SPORT UTILITY VEHICLE
4420044,BROOKLYN,5,0,0,0,Aggressive_Driving,TAXI
4516928,UNKNOWN,3,19,0,1,Aggressive_Driving,STATION WAGON/SPORT UTILITY VEHICLE
4416353,UNKNOWN,5,22,0,0,Human_Error,STATION WAGON/SPORT UTILITY VEHICLE
4425354,BRONX,5,12,0,1,Other_Unknown,SEDAN
4490906,UNKNOWN,12,9,1,0,Distraction,SEDAN
4491616,UNKNOWN,12,18,1,0,Human_Error,STATION WAGON/SPORT UTILITY VEHICLE
4415383,QUEENS,5,16,1,0,Human_Error,SEDAN
4416043,BROOKLYN,5,0,0,0,Other_Unknown,STATION WAGON/SPORT UTILITY VEHICLE
4513898,UNKNOWN,3,23,0,1,Other_Unknown,E-BIKE
4464542,BROOKLYN,10,21,0,0,Other_Unknown,SEDAN
4407977,QUEENS,4,17,1,1,Distraction,SEDAN
4513704,UNKNOWN,3,17,1,1,Other_Unknown,SEDAN
4416161,MANHATTAN,5,23,0,0,Other_Unknown,TAXI
4424660,BROOKLYN,6,15,0,0,Distraction,SEDAN
4408254,QUEENS,4,0,0,1,Distraction,TAXI
4416913,UNKNOWN,5,20,0,1,Other_Unknown,SEDAN
4425844,QUEENS,6,16,1,0,Human_Error,STATION WAGON/SPORT UTILITY VEHICLE
4425293,MANHATTAN,6,20,0,0,Other_Unknown,OTHER
4417850,QUEENS,5,20,0,1,Other_Unknown,SEDAN
4461677,BROOKLYN,9,14,0,0,Other_Unknown,SEDAN
4426406,QUEENS,6,12,0,0,Distraction,STATION WAGON/SPORT UTILITY VEHICLE
4425754,BROOKLYN,6,0,0,0,Human_Error,SEDAN
4542776,QUEENS,7,3,0,0,Other_Unknown,STATION WAGON/SPORT UTILITY VEHICLE
4516002,MANHATTAN,4,23,0,1,Other_Unknown,SEDAN
4515535,UNKNOWN,4,23,0,1,Human_Error,SEDAN
4488007,QUEENS,12,7,1,0,Aggressive_Driving,STATION WAGON/SPORT UTILITY VEHICLE
4427186,UNKNOWN,6,18,1,0,Human_Error,SEDAN
4461706,QUEENS,9,20,0,0,Human_Error,STATION WAGON/SPORT UTILITY VEHICLE
4409804,UNKNOWN,4,11,0,0,Human_Error,SEDAN
4513995,BRONX,3,4,0,1,Aggressive_Driving,SEDAN
4488113,BRONX,12,19,0,1,Other_Unknown,SEDAN
4491724,UNKNOWN,1,11,0,0,Aggressive_Driving,SEDAN
4504181,QUEENS,2,11,0,1,Distraction,STATION WAGON/SPORT UTILITY VEHICLE
4466530,UNKNOWN,10,13,0,0,Other_Unknown,SEDAN
4411141,QUEENS,4,7,1,0,Distraction,STATION WAGON/SPORT UTILITY VEHICLE
4428604,BROOKLYN,6,5,0,0,Other_Unknown,STATION WAGON/SPORT UTILITY VEHICLE
4457955,UNKNOWN,9,21,0,0,Other_Unknown,STATION WAGON/SPORT UTILITY VEHICLE
4428357,BROOKLYN,6,21,0,0,Aggressive_Driving,PICK-UP TRUCK
4411827,UNKNOWN,4,13,0,0,Aggressive_Driving,SEDAN
4489523,QUEENS,12,17,1,1,Human_Error,SEDAN
4458284,UNKNOWN,8,9,1,0,Other_Unknown,OTHER
4429099,BRONX,6,16,1,1,Other_Unknown,OTHER
4489606,STATEN ISLAND,12,14,0,1,Other_Unknown,SEDAN
4428775,UNKNOWN,6,23,0,0,Other_Unknown,SEDAN
4458181,BROOKLYN,9,15,0,0,Other_Unknown,SEDAN
4492020,UNKNOWN,1,8,1,0,Road_Conditions,STATION WAGON/SPORT UTILITY VEHICLE
4458264,BROOKLYN,9,17,1,0,Other_Unknown,SEDAN
4490016,UNKNOWN,12,16,1,1,Distraction,STATION WAGON/SPORT UTILITY VEHICLE
4420441,MANHATTAN,5,16,1,0,Human_Error,SEDAN
4420373,UNKNOWN,5,18,1,0,Other_Unknown,STATION WAGON/SPORT UTILITY VEHICLE
4428786,UNKNOWN,6,1,0,1,Other_Unknown,SEDAN
4516687,MANHATTAN,4,10,0,0,Human_Error,STATION WAGON/SPORT UTILITY VEHICLE
4412184,UNKNOWN,4,17,1,1,Human_Error,SEDAN
4463350,UNKNOWN,10,8,1,0,Distraction,OTHER
4462047,UNKNOWN,9,1,0,0,Aggressive_Driving,STATION WAGON/SPORT UTILITY VEHICLE
4462162,UNKNOWN,9,7,1,0,Distraction,SEDAN
4542862,QUEENS,7,5,0,1,Other_Unknown,PICK-UP TRUCK
4421567,UNKNOWN,5,21,0,0,Other_Unknown,SEDAN
4492051,UNKNOWN,1,5,0,0,Road_Conditions,SEDAN
4421568,UNKNOWN,5,0,0,0,Other_Unknown,STATION WAGON/SPORT UTILITY VEHICLE
4429790,UNKNOWN,6,10,0,0,Aggressive_Driving,BUS
4413169,UNKNOWN,4,15,0,0,Other_Unknown,SEDAN
4413033,BROOKLYN,5,0,0,0,Other_Unknown,STATION WAGON/SPORT UTILITY VEHICLE
4543523,UNKNOWN,6,16,1,0,Human_Error,STATION WAGON/SPORT UTILITY VEHICLE
4459549,QUEENS,9,14,0,0,Other_Unknown,SEDAN
4458946,BRONX,9,15,0,1,Human_Error,SEDAN
4459206,STATEN ISLAND,9,17,1,1,Other_Unknown,STATION WAGON/SPORT UTILITY VEHICLE
4490457,UNKNOWN,12,21,0,0,Road_Conditions,SEDAN
4488172,UNKNOWN,12,17,1,1,Distraction,SEDAN
4413242,STATEN ISLAND,5,19,0,0,Distraction,STATION WAGON/SPORT UTILITY VEHICLE
4464183,UNKNOWN,10,14,0,0,Distraction,OTHER
4422464,UNKNOWN,5,2,0,0,DUI_Drugs,SEDAN
4485152,BROOKLYN,12,21,0,0,Other_Unknown,STATION WAGON/SPORT UTILITY VEHICLE
4514809,QUEENS,3,12,0,0,Human_Error,SEDAN
4431936,QUEENS,6,18,1,1,Human_Error,SEDAN
4422762,BRONX,6,18,1,0,Other_Unknown,STATION WAGON/SPORT UTILITY VEHICLE
4414408,BRONX,5,12,0,0,Distraction,TAXI
4490270,BROOKLYN,12,15,0,0,Other_Unknown,SEDAN
4414081,UNKNOWN,5,16,1,0,Human_Error,STATION WAGON/SPORT UTILITY VEHICLE
4493238,UNKNOWN,1,21,0,1,Distraction,STATION WAGON/SPORT UTILITY VEHICLE
4414282,QUEENS,5,7,1,0,Other_Unknown,STATION WAGON/SPORT UTILITY VEHICLE
4431394,BROOKLYN,6,14,0,1,Other_Unknown,STATION WAGON/SPORT UTILITY VEHICLE
4459427,UNKNOWN,9,9,1,0,Human_Error,STATION WAGON/SPORT UTILITY VEHICLE
4423956,MANHATTAN,6,15,0,0,Aggressive_Driving,SEDAN
4431851,UNKNOWN,6,10,0,0,Vehicle_Fail,STATION WAGON/SPORT UTILITY VEHICLE
4432731,BROOKLYN,6,21,0,0,Distraction,STATION WAGON/SPORT UTILITY VEHICLE
4432294,STATEN ISLAND,6,17,1,0,Distraction,SEDAN
4493593,QUEENS,1,18,1,0,Aggressive_Driving,STATION WAGON/SPORT UTILITY VEHICLE
4543962,MANHATTAN,6,22,0,1,Other_Unknown,SEDAN
4423958,BRONX,6,17,1,1,Other_Unknown,STATION WAGON/SPORT UTILITY VEHICLE
4517617,MANHATTAN,4,21,0,0,Other_Unknown,STATION WAGON/SPORT UTILITY VEHICLE
4423686,MANHATTAN,6,16,1,1,Distraction,SEDAN
4542740,BROOKLYN,6,16,1,0,Other_Unknown,STATION WAGON/SPORT UTILITY VEHICLE
4424492,UNKNOWN,6,0,0,0,Human_Error,STATION WAGON/SPORT UTILITY VEHICLE
4461030,QUEENS,9,20,0,0,Distraction,PICK-UP TRUCK
4423916,QUEENS,6,10,0,1,Distraction,SEDAN
4460950,UNKNOWN,9,22,0,0,Other_Unknown,SEDAN
4424520,QUEENS,6,12,0,1,Distraction,STATION WAGON/SPORT UTILITY VEHICLE
4415959,UNKNOWN,5,22,0,0,Human_Error,STATION WAGON/SPORT UTILITY VEHICLE
4425130,BROOKLYN,6,21,0,1,Human_Error,SEDAN
4424867,UNKNOWN,6,21,0,0,Other_Unknown,STATION WAGON/SPORT UTILITY VEHICLE
4415785,MANHATTAN,5,10,0,0,Other_Unknown,OTHER
4416604,BRONX,5,13,0,0,Aggressive_Driving,SEDAN
4491366,QUEENS,12,2,0,1,Aggressive_Driving,SEDAN
4456031,BROOKLYN,9,11,0,1,Other_Unknown,SEDAN
4456523,STATEN ISLAND,9,15,0,1,Distraction,PICK-UP TRUCK
4425007,BROOKLYN,6,18,1,0,Other_Unknown,STATION WAGON/SPORT UTILITY VEHICLE
4456464,BRONX,9,16,1,1,Other_Unknown,SEDAN
4456589,UNKNOWN,7,18,1,1,Other_Unknown,SEDAN
4415680,BRONX,5,20,0,0,Other_Unknown,SEDAN
4491512,QUEENS,12,0,0,0,Other_Unknown,STATION WAGON/SPORT UTILITY VEHICLE
4416976,UNKNOWN,5,10,0,0,Human_Error,SEDAN
4490867,QUEENS,12,18,1,0,Other_Unknown,SEDAN
4460545,MANHATTAN,9,21,0,0,Other_Unknown,SEDAN
4465096,UNKNOWN,10,14,0,0,Other_Unknown,SEDAN
4513914,UNKNOWN,3,3,0,1,DUI_Drugs,SEDAN
4598638,BROOKLYN,1,14,0,0,Human_Error,STATION WAGON/SPORT UTILITY VEHICLE
4416789,BRONX,5,5,0,1,Distraction,SEDAN
4461782,MANHATTAN,9,19,0,0,Human_Error,UNKNOWN
4461125,MANHATTAN,9,12,0,1,Other_Unknown,PICK-UP TRUCK
4487285,UNKNOWN,12,10,0,0,Human_Error,SEDAN
4418199,QUEENS,5,15,0,0,Human_Error,SEDAN
4425408,BROOKLYN,6,18,1,0,Other_Unknown,STATION WAGON/SPORT UTILITY VEHICLE
4426319,QUEENS,6,18,1,0,Other_Unknown,STATION WAGON/SPORT UTILITY VEHICLE
4409408,UNKNOWN,4,7,1,0,Human_Error,STATION WAGON/SPORT UTILITY VEHICLE
4408901,BROOKLYN,4,0,0,0,Other_Unknown,SEDAN
4418084,UNKNOWN,5,20,0,0,Other_Unknown,OTHER
4417877,UNKNOWN,5,15,0,0,Other_Unknown,OTHER
4465489,UNKNOWN,10,5,0,1,Distraction,OTHER
4457327,BROOKLYN,9,8,1,0,Other_Unknown,STATION WAGON/SPORT UTILITY VEHICLE
4409949,QUEENS,4,15,0,0,Other_Unknown,SEDAN
4543171,UNKNOWN,7,17,1,1,Aggressive_Driving,SEDAN
4409843,BROOKLYN,4,22,0,1,Other_Unknown,SEDAN
4427537,QUEENS,6,17,1,0,Other_Unknown,STATION WAGON/SPORT UTILITY VEHICLE
4491727,MANHATTAN,12,3,0,0,Aggressive_Driving,STATION WAGON/SPORT UTILITY VEHICLE
4409940,QUEENS,4,3,0,0,Other_Unknown,STATION WAGON/SPORT UTILITY VEHICLE
4489711,BRONX,12,8,1,0,Other_Unknown,SEDAN
4427770,UNKNOWN,6,17,1,0,Human_Error,SEDAN
4465745,UNKNOWN,10,0,0,1,Other_Unknown,STATION WAGON/SPORT UTILITY VEHICLE
4428194,BROOKLYN,6,18,1,1,Other_Unknown,SEDAN
4487209,MANHATTAN,12,13,0,0,Aggressive_Driving,STATION WAGON/SPORT UTILITY VEHICLE
4427535,UNKNOWN,6,5,0,0,Aggressive_Driving,STATION WAGON/SPORT UTILITY VEHICLE
4513821,QUEENS,3,15,0,1,Other_Unknown,SEDAN
4410907,QUEENS,4,6,0,1,Other_Unknown,SEDAN
4491908,UNKNOWN,12,16,1,1,Human_Error,SEDAN
4410663,UNKNOWN,4,0,0,1,Human_Error,SEDAN
4470831,MANHATTAN,10,18,1,0,Distraction,SEDAN
4428755,UNKNOWN,6,22,0,0,Other_Unknown,OTHER
4411115,BROOKLYN,4,7,1,0,Other_Unknown,OTHER
4428716,UNKNOWN,6,23,0,0,Human_Error,SEDAN
4458086,QUEENS,9,13,0,0,Distraction,SEDAN
4429089,UNKNOWN,6,12,0,0,Distraction,PICK-UP TRUCK
4428178,UNKNOWN,6,11,0,0,Other_Unknown,PICK-UP TRUCK
4457920,QUEENS,9,16,1,0,Human_Error,SEDAN
4420013,BROOKLYN,5,17,1,0,Aggressive_Driving,STATION WAGON/SPORT UTILITY VEHICLE
4492470,MANHATTAN,1,0,0,0,Other_Unknown,STATION WAGON/SPORT UTILITY VEHICLE
4429097,BRONX,6,20,0,1,Human_Error,STATION WAGON/SPORT UTILITY VEHICLE
4411538,BROOKLYN,4,16,1,0,Other_Unknown,SEDAN
4522151,UNKNOWN,4,16,1,0,Distraction,SEDAN
4413009,UNKNOWN,4,9,1,0,Other_Unknown,SEDAN
4458740,UNKNOWN,9,18,1,1,Distraction,BIKE
4421308,UNKNOWN,5,4,0,0,Other_Unknown,SEDAN
4421319,UNKNOWN,5,11,0,0,Vehicle_Fail,STATION WAGON/SPORT UTILITY VEHICLE
4490262,BRONX,12,14,0,0,Distraction,SEDAN
4490061,BROOKLYN,12,17,1,0,Human_Error,STATION WAGON/SPORT UTILITY VEHICLE
4515295,UNKNOWN,3,0,0,0,Other_Unknown,STATION WAGON/SPORT UTILITY VEHICLE
4430524,BROOKLYN,6,17,1,0,Human_Error,E-BIKE
4421997,BROOKLYN,5,14,0,1,Distraction,TAXI
4422447,QUEENS,5,0,0,1,Other_Unknown,SEDAN
4421880,QUEENS,5,5,0,1,DUI_Drugs,SEDAN
4515781,UNKNOWN,3,14,0,0,Human_Error,STATION WAGON/SPORT UTILITY VEHICLE
4463681,BROOKLYN,10,13,0,1,Other_Unknown,STATION WAGON/SPORT UTILITY VEHICLE
4490429,QUEENS,12,11,0,0,Human_Error,STATION WAGON/SPORT UTILITY VEHICLE
4514560,UNKNOWN,3,15,0,0,Human_Error,SEDAN
4431733,MANHATTAN,6,18,1,0,Human_Error,STATION WAGON/SPORT UTILITY VEHICLE
4431783,UNKNOWN,6,22,0,0,Other_Unknown,SEDAN
4463474,UNKNOWN,10,8,1,1,Other_Unknown,STATION WAGON/SPORT UTILITY VEHICLE
4566778,UNKNOWN,9,17,1,0,Other_Unknown,STATION WAGON/SPORT UTILITY VEHICLE
4486321,BRONX,12,9,1,0,Aggressive_Driving,SEDAN
4423058,BRONX,6,17,1,0,Other_Unknown,SEDAN
4423181,UNKNOWN,6,15,0,0,Distraction,OTHER
4488705,BRONX,12,11,0,0,Distraction,STATION WAGON/SPORT UTILITY VEHICLE
4488319,MANHATTAN,12,15,0,0,Human_Error,STATION WAGON/SPORT UTILITY VEHICLE
4423877,UNKNOWN,5,15,0,1,Road_Conditions,STATION WAGON/SPORT UTILITY VEHICLE
4464766,MANHATTAN,10,22,0,0,Other_Unknown,SEDAN
4543376,BRONX,7,16,1,0,Distraction,SEDAN
4464194,BROOKLYN,10,19,0,0,Other_Unknown,SEDAN
4494821,QUEENS,1,15,0,0,Human_Error,SEDAN
4424354,BROOKLYN,6,16,1,0,Other_Unknown,STATION WAGON/SPORT UTILITY VEHICLE
4488689,BROOKLYN,12,16,1,0,Distraction,STATION WAGON/SPORT UTILITY VEHICLE
4423676,BRONX,6,15,0,1,Aggressive_Driving,STATION WAGON/SPORT UTILITY VEHICLE
4424577,BROOKLYN,5,9,1,0,Distraction,SEDAN
4461451,BRONX,9,16,1,0,Other_Unknown,E-BIKE
4543817,MANHATTAN,6,1,0,0,Distraction,SEDAN
4544066,QUEENS,6,16,1,0,Other_Unknown,SEDAN
4424048,QUEENS,6,15,0,1,Other_Unknown,E-BIKE
4514538,BRONX,3,12,0,0,Other_Unknown,SEDAN
4513774,BROOKLYN,3,21,0,1,Distraction,STATION WAGON/SPORT UTILITY VEHICLE
4515651,BROOKLYN,4,19,0,1,Other_Unknown,SEDAN
4415620,UNKNOWN,5,13,0,0,Distraction,STATION WAGON/SPORT UTILITY VEHICLE
4490716,BROOKLYN,12,11,0,0,Distraction,STATION WAGON/SPORT UTILITY VEHICLE
4490513,QUEENS,12,19,0,0,Human_Error,STATION WAGON/SPORT UTILITY VEHICLE
4455973,BRONX,9,18,1,1,Human_Error,E-BIKE
4456587,UNKNOWN,7,11,0,0,Aggressive_Driving,STATION WAGON/SPORT UTILITY VEHICLE
4407435,UNKNOWN,4,8,1,0,Human_Error,SEDAN
4407896,BRONX,4,14,0,0,Other_Unknown,SEDAN
4416569,BRONX,5,7,1,0,Other_Unknown,STATION WAGON/SPORT UTILITY VEHICLE
4407869,UNKNOWN,4,19,0,0,Other_Unknown,STATION WAGON/SPORT UTILITY VEHICLE
4455876,QUEENS,9,13,0,1,Distraction,SEDAN
4416247,UNKNOWN,5,21,0,0,Other_Unknown,SEDAN
4416434,BROOKLYN,5,6,0,0,Other_Unknown,BUS
4425644,STATEN ISLAND,5,16,1,0,Distraction,STATION WAGON/SPORT UTILITY VEHICLE
4415185,UNKNOWN,5,17,1,0,Human_Error,STATION WAGON/SPORT UTILITY VEHICLE
4408357,BROOKLYN,4,11,0,1,Aggressive_Driving,OTHER
4490626,UNKNOWN,12,10,0,0,Distraction,STATION WAGON/SPORT UTILITY VEHICLE
4465509,UNKNOWN,10,17,1,1,Distraction,STATION WAGON/SPORT UTILITY VEHICLE
4408405,BRONX,4,20,0,1,Other_Unknown,OTHER
4465566,BROOKLYN,10,20,0,0,Other_Unknown,STATION WAGON/SPORT UTILITY VEHICLE
4504135,BROOKLYN,2,14,0,1,Other_Unknown,SEDAN
4514027,BRONX,3,5,0,1,Human_Error,STATION WAGON/SPORT UTILITY VEHICLE
4424680,UNKNOWN,6,17,1,0,Aggressive_Driving,SEDAN
4416969,UNKNOWN,5,22,0,0,Human_Error,SEDAN
4415838,MANHATTAN,5,11,0,0,Other_Unknown,SEDAN
4415802,QUEENS,5,10,0,0,Other_Unknown,SEDAN
4416340,MANHATTAN,5,6,0,0,Human_Error,STATION WAGON/SPORT UTILITY VEHICLE
4425215,BROOKLYN,6,15,0,0,Other_Unknown,OTHER
4425571,BROOKLYN,6,14,0,0,Other_Unknown,SEDAN
4415035,BRONX,5,0,0,0,Other_Unknown,SEDAN
4425201,MANHATTAN,6,21,0,0,Distraction,SEDAN
4407951,UNKNOWN,4,11,0,1,Distraction,STATION WAGON/SPORT UTILITY VEHICLE
4425456,MANHATTAN,6,16,1,1,Other_Unknown,PICK-UP TRUCK
4416666,BROOKLYN,4,14,0,0,Other_Unknown,STATION WAGON/SPORT UTILITY VEHICLE
4415404,MANHATTAN,5,21,0,0,Other_Unknown,SEDAN
4456871,BROOKLYN,9,12,0,0,Road_Conditions,BOX TRUCK
4408659,MANHATTAN,4,0,0,0,Distraction,STATION WAGON/SPORT UTILITY VEHICLE
4461389,BRONX,9,12,0,0,Other_Unknown,PICK-UP TRUCK
4515114,UNKNOWN,3,20,0,0,Human_Error,STATION WAGON/SPORT UTILITY VEHICLE
4465361,QUEENS,9,19,0,0,Human_Error,STATION WAGON/SPORT UTILITY VEHICLE
4457258,UNKNOWN,7,5,0,0,Other_Unknown,SEDAN
4417332,BRONX,5,11,0,1,Other_Unknown,STATION WAGON/SPORT UTILITY VEHICLE
4465228,BROOKLYN,10,10,0,0,Other_Unknown,SEDAN
4541983,UNKNOWN,6,14,0,0,Human_Error,STATION WAGON/SPORT UTILITY VEHICLE
4417716,BROOKLYN,5,15,0,1,Other_Unknown,STATION WAGON/SPORT UTILITY VEHICLE
4408860,BRONX,4,14,0,0,Other_Unknown,SEDAN
4426354,MANHATTAN,5,5,0,0,Other_Unknown,SEDAN
4408996,QUEENS,4,21,0,0,Distraction,SEDAN
4425700,BROOKLYN,6,17,1,0,Distraction,SEDAN
4409637,UNKNOWN,4,11,0,0,Other_Unknown,STATION WAGON/SPORT UTILITY VEHICLE
4489716,BRONX,12,22,0,0,DUI_Drugs,STATION WAGON/SPORT UTILITY VEHICLE
4417577,UNKNOWN,5,1,0,0,DUI_Drugs,STATION WAGON/SPORT UTILITY VEHICLE
4465030,BROOKLYN,10,17,1,0,Distraction,BIKE
4465260,QUEENS,10,9,1,0,Other_Unknown,SEDAN
4464646,UNKNOWN,10,7,1,0,Other_Unknown,STATION WAGON/SPORT UTILITY VEHICLE
4460933,UNKNOWN,9,14,0,1,Distraction,SEDAN
4408759,BRONX,4,17,1,0,Other_Unknown,STATION WAGON/SPORT UTILITY VEHICLE
4426695,QUEENS,6,17,1,0,Distraction,STATION WAGON/SPORT UTILITY VEHICLE
4417840,MANHATTAN,5,12,0,0,Human_Error,SEDAN
4409282,QUEENS,4,22,0,0,Distraction,SEDAN
4417753,UNKNOWN,5,7,1,0,Road_Conditions,STATION WAGON/SPORT UTILITY VEHICLE
4487316,BRONX,12,13,0,0,Other_Unknown,TAXI
4461244,QUEENS,9,1,0,1,DUI_Drugs,STATION WAGON/SPORT UTILITY VEHICLE
4490564,BRONX,12,16,1,0,Aggressive_Driving,OTHER
4416645,BROOKLYN,5,8,1,1,Other_Unknown,SEDAN
4408081,QUEENS,4,0,0,1,Other_Unknown,SEDAN
4541863,BROOKLYN,6,0,0,0,Distraction,SEDAN
4457146,QUEENS,9,10,0,0,Other_Unknown,BUS
4542108,BRONX,6,7,1,0,Human_Error,SEDAN
4425185,UNKNOWN,6,6,0,0,Aggressive_Driving,SEDAN
4457179,UNKNOWN,9,0,0,1,Other_Unknown,SEDAN
4426026,BRONX,6,16,1,0,Aggressive_Driving,SEDAN
4426435,BROOKLYN,6,19,0,1,Human_Error,STATION WAGON/SPORT UTILITY VEHICLE
4409210,UNKNOWN,4,18,1,0,Other_Unknown,SEDAN
4418190,BROOKLYN,5,11,0,0,Human_Error,SEDAN
4409135,MANHATTAN,4,15,0,0,Distraction,STATION WAGON/SPORT UTILITY VEHICLE
4426339,MANHATTAN,6,8,1,1,Distraction,SEDAN
4426610,BRONX,6,18,1,1,Human_Error,SEDAN
4418014,BRONX,5,17,1,0,Aggressive_Driving,SEDAN
4461633,MANHATTAN,9,22,0,1,Distraction,STATION WAGON/SPORT UTILITY VEHICLE
4409796,UNKNOWN,4,12,0,0,Other_Unknown,OTHER
4462084,QUEENS,9,15,0,1,Other_Unknown,SEDAN
4491798,QUEENS,12,18,1,0,Aggressive_Driving,SEDAN
4427295,BROOKLYN,6,15,0,0,Distraction,STATION WAGON/SPORT UTILITY VEHICLE
4427450,BRONX,6,13,0,0,Other_Unknown,BUS
4418598,UNKNOWN,5,14,0,0,Human_Error,SEDAN
4418842,BROOKLYN,5,14,0,0,Aggressive_Driving,STATION WAGON/SPORT UTILITY VEHICLE
4419079,MANHATTAN,5,0,0,0,Other_Unknown,STATION WAGON/SPORT UTILITY VEHICLE
4419135,BROOKLYN,5,17,1,0,Other_Unknown,SEDAN
4410010,UNKNOWN,4,12,0,1,Human_Error,BIKE
4419026,UNKNOWN,5,9,1,0,Human_Error,STATION WAGON/SPORT UTILITY VEHICLE
4418414,BROOKLYN,5,14,0,0,Other_Unknown,OTHER
4419974,MANHATTAN,5,9,1,1,Other_Unknown,SEDAN
4419854,UNKNOWN,5,22,0,0,Distraction,SEDAN
4410606,BRONX,4,7,1,0,Human_Error,SEDAN
4462651,BRONX,8,17,1,0,Distraction,SEDAN
4426891,BROOKLYN,6,21,0,0,Human_Error,SEDAN
4429245,BROOKLYN,6,11,0,0,Human_Error,STATION WAGON/SPORT UTILITY VEHICLE
4566062,BRONX,9,9,1,0,Human_Error,BOX TRUCK
4411166,QUEENS,4,18,1,0,Other_Unknown,SEDAN
4419965,QUEENS,5,2,0,1,Distraction,STATION WAGON/SPORT UTILITY VEHICLE
4490007,BROOKLYN,12,14,0,0,Distraction,STATION WAGON/SPORT UTILITY VEHICLE
4428057,STATEN ISLAND,6,15,0,0,Distraction,STATION WAGON/SPORT UTILITY VEHICLE
4428450,BRONX,6,19,0,0,Other_Unknown,STATION WAGON/SPORT UTILITY VEHICLE
4492527,BRONX,1,17,1,0,Other_Unknown,BUS
4419885,BRONX,5,11,0,0,Other_Unknown,STATION WAGON/SPORT UTILITY VEHICLE
4457984,BROOKLYN,9,21,0,0,Other_Unknown,SEDAN
4514636,BROOKLYN,3,16,1,1,Other_Unknown,SEDAN
4409755,UNKNOWN,4,19,0,0,Human_Error,SEDAN
4487799,BRONX,12,5,0,0,Aggressive_Driving,PICK-UP TRUCK
4410479,BRONX,4,12,0,1,Distraction,STATION WAGON/SPORT UTILITY VEHICLE
4410305,MANHATTAN,4,20,0,1,Distraction,STATION WAGON/SPORT UTILITY VEHICLE
4487319,BRONX,12,19,0,0,Distraction,SEDAN
4427552,BROOKLYN,6,13,0,0,Other_Unknown,OTHER
4418434,UNKNOWN,5,18,1,0,Distraction,SEDAN
4514458,BRONX,3,17,1,1,Distraction,SEDAN
4514051,BRONX,3,16,1,1,Human_Error,SEDAN
4491896,MANHATTAN,12,20,0,1,Human_Error,STATION WAGON/SPORT UTILITY VEHICLE
4504796,BRONX,2,14,0,1,Human_Error,STATION WAGON/SPORT UTILITY VEHICLE
4487567,MANHATTAN,12,4,0,1,Distraction,SEDAN
4491716,UNKNOWN,1,12,0,0,Human_Error,STATION WAGON/SPORT UTILITY VEHICLE
4419432,QUEENS,5,18,1,1,Vehicle_Fail,SEDAN
4410909,QUEENS,4,12,0,0,Aggressive_Driving,STATION WAGON/SPORT UTILITY VEHICLE
4410776,BROOKLYN,4,9,1,0,Distraction,PICK-UP TRUCK
4411017,QUEENS,4,4,0,0,Human_Error,SEDAN
4542457,QUEENS,6,10,0,0,Distraction,STATION WAGON/SPORT UTILITY VEHICLE
4458164,QUEENS,9,2,0,0,Other_Unknown,SEDAN
4458741,QUEENS,9,20,0,0,Human_Error,STATION WAGON/SPORT UTILITY VEHICLE
4419745,UNKNOWN,5,5,0,1,Human_Error,STATION WAGON/SPORT UTILITY VEHICLE
4420306,STATEN ISLAND,5,0,0,1,Distraction,SEDAN
4419856,UNKNOWN,5,0,0,1,Distraction,SEDAN
4428503,UNKNOWN,6,8,1,0,Human_Error,MOTORCYCLE
4458919,MANHATTAN,9,14,0,0,Human_Error,SEDAN
4458965,BRONX,9,0,0,0,Distraction,STATION WAGON/SPORT UTILITY VEHICLE
4463862,BROOKLYN,9,9,1,0,Distraction,BOX TRUCK
4418063,UNKNOWN,5,21,0,0,Other_Unknown,SEDAN
4461486,QUEENS,9,9,1,1,Distraction,SEDAN
4461008,BRONX,9,8,1,1,Other_Unknown,STATION WAGON/SPORT UTILITY VEHICLE
4427041,BROOKLYN,6,13,0,1,Other_Unknown,STATION WAGON/SPORT UTILITY VEHICLE
4427378,QUEENS,6,21,0,1,Human_Error,SEDAN
4461751,UNKNOWN,9,18,1,0,Other_Unknown,SEDAN
4491506,BROOKLYN,1,13,0,1,Human_Error,SEDAN
4462149,STATEN ISLAND,9,14,0,0,Distraction,SEDAN
4409765,QUEENS,4,7,1,0,Human_Error,SEDAN
4461859,BRONX,9,23,0,0,Other_Unknown,SEDAN
4427317,STATEN ISLAND,6,21,0,0,Other_Unknown,SEDAN
4465926,MANHATTAN,10,9,1,1,Other_Unknown,STATION WAGON/SPORT UTILITY VEHICLE
4410542,BROOKLYN,4,17,1,1,Other_Unknown,SEDAN
4427409,BRONX,6,11,0,0,Distraction,STATION WAGON/SPORT UTILITY VEHICLE
4514343,BROOKLYN,3,20,0,1,Distraction,BUS
4411050,BROOKLYN,4,14,0,1,Other_Unknown,SEDAN
4488149,UNKNOWN,12,12,0,0,Other_Unknown,STATION WAGON/SPORT UTILITY VEHICLE
4487501,QUEENS,12,21,0,1,Aggressive_Driving,SEDAN
4491749,BRONX,1,14,0,0,Aggressive_Driving,STATION WAGON/SPORT UTILITY VEHICLE
4419051,QUEENS,5,3,0,1,Other_Unknown,SEDAN
4428398,QUEENS,6,7,1,0,Distraction,SEDAN
4428447,UNKNOWN,6,16,1,0,Aggressive_Driving,STATION WAGON/SPORT UTILITY VEHICLE
4566674,BRONX,9,7,1,0,Road_Conditions,OTHER
4419981,QUEENS,5,14,0,0,Distraction,PICK-UP TRUCK
4420037,QUEENS,5,20,0,0,Human_Error,SEDAN
4463128,BRONX,9,16,1,0,Human_Error,STATION WAGON/SPORT UTILITY VEHICLE
4429510,BRONX,6,12,0,0,Other_Unknown,SEDAN
4412964,MANHATTAN,4,21,0,0,Other_Unknown,STATION WAGON/SPORT UTILITY VEHICLE
4458994,BRONX,9,15,0,1,Other_Unknown,SEDAN
4485392,UNKNOWN,12,2,0,1,Aggressive_Driving,STATION WAGON/SPORT UTILITY VEHICLE
4462864,UNKNOWN,10,6,0,0,Other_Unknown,STATION WAGON/SPORT UTILITY VEHICLE
4413448,UNKNOWN,5,2,0,1,Distraction,SEDAN
4422210,BROOKLYN,5,19,0,1,Distraction,STATION WAGON/SPORT UTILITY VEHICLE
4543723,UNKNOWN,7,14,0,1,Other_Unknown,STATION WAGON/SPORT UTILITY VEHICLE
4490419,QUEENS,12,17,1,1,Other_Unknown,SEDAN
4430685,QUEENS,6,6,0,0,Human_Error,STATION WAGON/SPORT UTILITY VEHICLE
4422139,BRONX,5,2,0,1,Human_Error,STATION WAGON/SPORT UTILITY VEHICLE
4463498,BRONX,10,17,1,1,Aggressive_Driving,SEDAN
4431329,UNKNOWN,6,1,0,0,Distraction,STATION WAGON/SPORT UTILITY VEHICLE
4459126,QUEENS,9,7,1,0,Other_Unknown,SEDAN
4485311,BROOKLYN,12,3,0,0,Other_Unknown,STATION WAGON/SPORT UTILITY VEHICLE
4514439,BROOKLYN,3,16,1,0,Aggressive_Driving,SEDAN
4414188,MANHATTAN,5,22,0,0,Distraction,STATION WAGON/SPORT UTILITY VEHICLE
4431859,BROOKLYN,6,20,0,1,DUI_Drugs,SEDAN
4422492,BRONX,6,1,0,0,Aggressive_Driving,SEDAN
4414225,UNKNOWN,5,6,0,0,Other_Unknown,STATION WAGON/SPORT UTILITY VEHICLE
4493434,UNKNOWN,1,23,0,1,Distraction,STATION WAGON/SPORT UTILITY VEHICLE
4413984,BROOKLYN,5,8,1,0,Aggressive_Driving,SEDAN
4463528,BROOKLYN,10,16,1,1,Distraction,SEDAN
4431640,UNKNOWN,6,16,1,1,Human_Error,SEDAN
4488488,UNKNOWN,12,18,1,0,Other_Unknown,SEDAN
4459535,QUEENS,9,16,1,0,Other_Unknown,UNKNOWN
4566821,MANHATTAN,9,15,0,0,Human_Error,SEDAN
4414897,BRONX,5,22,0,1,Other_Unknown,SEDAN
4460277,STATEN ISLAND,9,16,1,0,Distraction,SEDAN
4423118,BROOKLYN,6,16,1,0,Other_Unknown,SEDAN
4432531,UNKNOWN,6,16,1,1,Human_Error,STATION WAGON/SPORT UTILITY VEHICLE
4423044,MANHATTAN,6,2,0,0,Other_Unknown,OTHER
4414635,QUEENS,5,8,1,1,Human_Error,STATION WAGON/SPORT UTILITY VEHICLE
4486211,UNKNOWN,12,1,0,1,Other_Unknown,SEDAN
4414850,UNKNOWN,5,22,0,1,Road_Conditions,STATION WAGON/SPORT UTILITY VEHICLE
4415214,UNKNOWN,5,11,0,1,Other_Unknown,SEDAN
4433048,MANHATTAN,6,13,0,0,Other_Unknown,OTHER
4542717,UNKNOWN,6,22,0,1,Human_Error,SEDAN
4432634,UNKNOWN,6,18,1,0,Distraction,STATION WAGON/SPORT UTILITY VEHICLE
4432428,QUEENS,6,18,1,0,Distraction,SEDAN
4433014,BROOKLYN,6,15,0,0,Distraction,E-BIKE
4461397,STATEN ISLAND,9,16,1,0,Human_Error,SEDAN
4465095,BROOKLYN,10,17,1,1,Other_Unknown,STATION WAGON/SPORT UTILITY VEHICLE
4461096,BRONX,9,18,1,0,Aggressive_Driving,SEDAN
4420388,UNKNOWN,5,18,1,0,Human_Error,BIKE
4515447,UNKNOWN,3,15,0,0,Human_Error,STATION WAGON/SPORT UTILITY VEHICLE
4515887,UNKNOWN,4,12,0,0,Human_Error,SEDAN
4411621,BROOKLYN,4,8,1,0,Distraction,STATION WAGON/SPORT UTILITY VEHICLE
4429007,MANHATTAN,6,0,0,1,Human_Error,SEDAN
4463802,BROOKLYN,10,16,1,0,Human_Error,SEDAN
4463488,UNKNOWN,9,10,0,0,Aggressive_Driving,BIKE
4543615,BRONX,6,0,0,1,Distraction,STATION WAGON/SPORT UTILITY VEHICLE
4420800,BROOKLYN,5,12,0,0,Human_Error,STATION WAGON/SPORT UTILITY VEHICLE
4412910,BRONX,5,13,0,1,Other_Unknown,STATION WAGON/SPORT UTILITY VEHICLE
4493212,BRONX,1,17,1,0,Human_Error,STATION WAGON/SPORT UTILITY VEHICLE
4421643,BROOKLYN,5,18,1,0,Other_Unknown,BOX TRUCK
4430421,QUEENS,6,13,0,1,Distraction,PICK-UP TRUCK
4412565,BROOKLYN,5,6,0,1,Distraction,SEDAN
4421328,UNKNOWN,5,23,0,0,Other_Unknown,SEDAN
4413025,BROOKLYN,5,15,0,1,Other_Unknown,STATION WAGON/SPORT UTILITY VEHICLE
4421904,UNKNOWN,5,10,0,0,Distraction,SEDAN
4492982,MANHATTAN,1,8,1,0,Aggressive_Driving,OTHER
4492652,UNKNOWN,1,18,1,0,Human_Error,SEDAN
4463700,QUEENS,9,14,0,0,Human_Error,STATION WAGON/SPORT UTILITY VEHICLE
4543800,BROOKLYN,7,20,0,1,Other_Unknown,STATION WAGON/SPORT UTILITY VEHICLE
4485625,MANHATTAN,12,2,0,1,Aggressive_Driving,SEDAN
4421690,BROOKLYN,5,1,0,1,Other_Unknown,STATION WAGON/SPORT UTILITY VEHICLE
4421908,QUEENS,5,17,1,1,Distraction,STATION WAGON/SPORT UTILITY VEHICLE
4413250,BROOKLYN,5,17,1,0,Human_Error,STATION WAGON/SPORT UTILITY VEHICLE
4422045,MANHATTAN,5,3,0,1,Other_Unknown,TAXI
4413418,QUEENS,5,9,1,0,Human_Error,STATION WAGON/SPORT UTILITY VEHICLE
4522197,UNKNOWN,4,18,1,0,Human_Error,STATION WAGON/SPORT UTILITY VEHICLE
4542949,UNKNOWN,7,3,0,1,Distraction,SEDAN
4422741,QUEENS,6,22,0,0,Other_Unknown,PICK-UP TRUCK
4431661,UNKNOWN,6,14,0,1,Human_Error,STATION WAGON/SPORT UTILITY VEHICLE
4490322,UNKNOWN,12,13,0,0,Human_Error,OTHER
4432055,MANHATTAN,6,13,0,1,Distraction,STATION WAGON/SPORT UTILITY VEHICLE
4424274,UNKNOWN,6,19,0,0,Human_Error,PICK-UP TRUCK
4415256,QUEENS,5,17,1,1,Other_Unknown,STATION WAGON/SPORT UTILITY VEHICLE
4432489,UNKNOWN,6,20,0,0,Human_Error,PICK-UP TRUCK
4543160,MANHATTAN,7,0,0,0,Distraction,SEDAN
4488599,UNKNOWN,12,12,0,0,Distraction,STATION WAGON/SPORT UTILITY VEHICLE
4432203,UNKNOWN,6,6,0,0,Other_Unknown,STATION WAGON/SPORT UTILITY VEHICLE
4542346,UNKNOWN,6,18,1,0,Aggressive_Driving,BIKE
4567132,BRONX,9,5,0,0,Other_Unknown,SEDAN
4494292,UNKNOWN,1,13,0,0,Other_Unknown,STATION WAGON/SPORT UTILITY VEHICLE
4485541,BROOKLYN,12,21,0,1,Other_Unknown,SEDAN
4460575,QUEENS,9,9,1,0,Human_Error,STATION WAGON/SPORT UTILITY VEHICLE
4515386,BRONX,3,10,0,0,Other_Unknown,SEDAN
4516378,MANHATTAN,4,19,0,0,Distraction,STATION WAGON/SPORT UTILITY VEHICLE
4411489,QUEENS,4,15,0,0,Other_Unknown,SEDAN
4411708,BROOKLYN,4,14,0,0,Road_Conditions,PICK-UP TRUCK
4462730,MANHATTAN,9,21,0,0,Distraction,STATION WAGON/SPORT UTILITY VEHICLE
4421640,BROOKLYN,5,9,1,0,Other_Unknown,STATION WAGON/SPORT UTILITY VEHICLE
4420882,UNKNOWN,5,6,0,0,Other_Unknown,TAXI
4492917,UNKNOWN,1,11,0,0,Other_Unknown,PICK-UP TRUCK
4492228,QUEENS,1,11,0,0,Other_Unknown,STATION WAGON/SPORT UTILITY VEHICLE
4463111,QUEENS,10,17,1,0,Distraction,SEDAN
4463780,QUEENS,10,3,0,0,Other_Unknown,STATION WAGON/SPORT UTILITY VEHICLE
4463301,MANHATTAN,10,20,0,0,Distraction,STATION WAGON/SPORT UTILITY VEHICLE
4463586,BROOKLYN,9,16,1,0,Human_Error,BUS
4492343,QUEENS,1,5,0,0,Human_Error,SEDAN
4413206,BRONX,5,18,1,0,Human_Error,STATION WAGON/SPORT UTILITY VEHICLE
4485930,QUEENS,12,12,0,1,Human_Error,PICK-UP TRUCK
4413344,MANHATTAN,5,11,0,0,Other_Unknown,BOX TRUCK
4490190,UNKNOWN,12,19,0,0,Distraction,BUS
4514692,BRONX,3,16,1,0,Other_Unknown,SEDAN
4463813,BROOKLYN,10,19,0,1,Other_Unknown,PICK-UP TRUCK
4516777,MANHATTAN,4,13,0,0,Other_Unknown,SEDAN
4464226,UNKNOWN,6,10,0,0,Other_Unknown,SEDAN
4431160,BRONX,6,15,0,1,Aggressive_Driving,STATION WAGON/SPORT UTILITY VEHICLE
4490605,BROOKLYN,12,17,1,0,Road_Conditions,STATION WAGON/SPORT UTILITY VEHICLE
4413343,UNKNOWN,5,5,0,0,Distraction,STATION WAGON/SPORT UTILITY VEHICLE
4515471,UNKNOWN,4,21,0,0,Other_Unknown,STATION WAGON/SPORT UTILITY VEHICLE
4566948,UNKNOWN,9,11,0,1,Aggressive_Driving,SEDAN
4415297,BROOKLYN,5,23,0,0,Distraction,SEDAN
4415158,BROOKLYN,5,15,0,1,Distraction,STATION WAGON/SPORT UTILITY VEHICLE
4422795,MANHATTAN,6,8,1,0,Distraction,STATION WAGON/SPORT UTILITY VEHICLE
4422903,QUEENS,6,12,0,0,Other_Unknown,STATION WAGON/SPORT UTILITY VEHICLE
4460156,UNKNOWN,9,2,0,1,Other_Unknown,SEDAN
4488459,BROOKLYN,12,19,0,0,Other_Unknown,BIKE
4423436,BROOKLYN,6,9,1,0,Distraction,SEDAN
4543574,BROOKLYN,7,2,0,0,Other_Unknown,SEDAN
4464282,STATEN ISLAND,10,20,0,0,Distraction,STATION WAGON/SPORT UTILITY VEHICLE
4542137,BROOKLYN,6,16,1,0,Human_Error,SEDAN
4542508,BRONX,6,8,1,0,Aggressive_Driving,SEDAN
4515014,BRONX,3,22,0,0,Other_Unknown,SEDAN
4423953,QUEENS,6,15,0,1,Distraction,SEDAN
4517629,MANHATTAN,4,13,0,0,Other_Unknown,STATION WAGON/SPORT UTILITY VEHICLE
4464182,UNKNOWN,10,1,0,0,Distraction,STATION WAGON/SPORT UTILITY VEHICLE
4460853,UNKNOWN,9,8,1,0,Human_Error,SEDAN
4487052,BROOKLYN,12,12,0,0,Other_Unknown,SEDAN
4464624,MANHATTAN,10,17,1,0,Human_Error,SEDAN
4415496,QUEENS,5,8,1,0,Other_Unknown,SEDAN
4416532,QUEENS,5,12,0,0,Other_Unknown,BOX TRUCK
4407401,UNKNOWN,4,1,0,0,Other_Unknown,STATION WAGON/SPORT UTILITY VEHICLE
4407769,UNKNOWN,4,23,0,0,Other_Unknown,SEDAN
4415467,MANHATTAN,5,5,0,0,Aggressive_Driving,PICK-UP TRUCK
4460045,UNKNOWN,9,6,0,0,Human_Error,STATION WAGON/SPORT UTILITY VEHICLE
4491210,QUEENS,12,2,0,0,Distraction,SEDAN
4407695,MANHATTAN,4,10,0,0,Other_Unknown,OTHER
4417000,UNKNOWN,5,10,0,0,Distraction,PICK-UP TRUCK
4425182,BROOKLYN,6,9,1,0,Other_Unknown,SEDAN
4407887,QUEENS,4,4,0,1,Distraction,SEDAN
4491635,MANHATTAN,12,17,1,0,Other_Unknown,BIKE
4460852,QUEENS,9,9,1,0,Human_Error,SEDAN
4417064,BROOKLYN,5,16,1,1,Aggressive_Driving,TAXI
4464959,BRONX,10,9,1,0,Other_Unknown,OTHER
4456896,QUEENS,9,15,0,1,Distraction,SEDAN
4457070,QUEENS,9,20,0,0,Aggressive_Driving,SEDAN
4417291,BROOKLYN,5,20,0,1,Human_Error,STATION WAGON/SPORT UTILITY VEHICLE
4417118,BROOKLYN,5,21,0,1,Other_Unknown,SEDAN
4487695,MANHATTAN,12,0,0,0,Distraction,SEDAN
4426565,STATEN ISLAND,6,21,0,0,Human_Error,SEDAN
4426059,BRONX,6,14,0,0,Road_Conditions,STATION WAGON/SPORT UTILITY VEHICLE
4426170,UNKNOWN,6,16,1,0,Distraction,STATION WAGON/SPORT UTILITY VEHICLE
4426509,BROOKLYN,5,11,0,0,Aggressive_Driving,SEDAN
4417347,MANHATTAN,5,5,0,0,Distraction,SEDAN
4409261,UNKNOWN,4,16,1,0,Human_Error,BUS
4488888,MANHATTAN,12,16,1,0,Other_Unknown,STATION WAGON/SPORT UTILITY VEHICLE
4457493,BROOKLYN,9,8,1,0,Distraction,OTHER
4426404,BROOKLYN,6,5,0,1,Other_Unknown,OTHER
4457781,UNKNOWN,9,12,0,0,Human_Error,STATION WAGON/SPORT UTILITY VEHICLE
4461176,BROOKLYN,9,2,0,1,Other_Unknown,UNKNOWN
4489694,BROOKLYN,12,16,1,0,Human_Error,STATION WAGON/SPORT UTILITY VEHICLE
4461673,BROOKLYN,9,20,0,0,Distraction,STATION WAGON/SPORT UTILITY VEHICLE
4491088,UNKNOWN,1,4,0,1,DUI_Drugs,STATION WAGON/SPORT UTILITY VEHICLE
4462270,BRONX,9,20,0,0,Other_Unknown,SEDAN
4465946,QUEENS,10,19,0,1,Aggressive_Driving,SEDAN
4427545,BROOKLYN,6,20,0,0,Other_Unknown,STATION WAGON/SPORT UTILITY VEHICLE
4396726,UNKNOWN,2,21,0,1,Human_Error,SEDAN
4410341,BROOKLYN,4,10,0,1,Distraction,STATION WAGON/SPORT UTILITY VEHICLE
4489060,QUEENS,12,20,0,0,Distraction,SEDAN
4516680,BRONX,4,3,0,1,DUI_Drugs,STATION WAGON/SPORT UTILITY VEHICLE
4419030,BRONX,5,1,0,1,DUI_Drugs,SEDAN
4488130,BRONX,12,13,0,1,Other_Unknown,STATION WAGON/SPORT UTILITY VEHICLE
4419396,UNKNOWN,5,13,0,1,Distraction,OTHER
4516121,UNKNOWN,4,18,1,1,Human_Error,PICK-UP TRUCK
4462596,QUEENS,9,7,1,0,Distraction,SEDAN
4516227,UNKNOWN,4,18,1,1,Human_Error,SEDAN
4462474,BROOKLYN,9,13,0,0,Human_Error,SEDAN
4419597,BROOKLYN,5,4,0,1,Distraction,SEDAN
4492611,UNKNOWN,1,18,1,0,Other_Unknown,OTHER
4485702,BROOKLYN,12,13,0,1,Other_Unknown,STATION WAGON/SPORT UTILITY VEHICLE
4490220,QUEENS,12,12,0,0,Aggressive_Driving,STATION WAGON/SPORT UTILITY VEHICLE
4429491,BROOKLYN,6,21,0,1,Other_Unknown,TAXI
4490373,BRONX,12,21,0,1,Distraction,STATION WAGON/SPORT UTILITY VEHICLE
4420853,BROOKLYN,5,16,1,0,Other_Unknown,PICK-UP TRUCK
4411610,BROOKLYN,4,16,1,0,Distraction,SEDAN
4412729,UNKNOWN,4,16,1,0,Human_Error,STATION WAGON/SPORT UTILITY VEHICLE
4516818,UNKNOWN,3,11,0,0,Other_Unknown,UNKNOWN
4462940,UNKNOWN,10,5,0,0,Distraction,SEDAN
4543751,MANHATTAN,7,19,0,1,Other_Unknown,SEDAN
4429883,UNKNOWN,6,10,0,0,Human_Error,SEDAN
4429482,UNKNOWN,6,7,1,0,Other_Unknown,SEDAN
4421354,UNKNOWN,5,13,0,0,Human_Error,STATION WAGON/SPORT UTILITY VEHICLE
4413040,UNKNOWN,5,18,1,1,Other_Unknown,STATION WAGON/SPORT UTILITY VEHICLE
4430460,BRONX,6,5,0,0,Other_Unknown,SEDAN
4429979,BRONX,6,13,0,0,Other_Unknown,STATION WAGON/SPORT UTILITY VEHICLE
4421367,QUEENS,5,14,0,0,Human_Error,STATION WAGON/SPORT UTILITY VEHICLE
4430417,STATEN ISLAND,6,15,0,0,Distraction,STATION WAGON/SPORT UTILITY VEHICLE
4488215,UNKNOWN,12,22,0,1,Other_Unknown,SEDAN
4431372,BROOKLYN,6,3,0,0,Other_Unknown,SEDAN
4421828,QUEENS,5,11,0,1,Other_Unknown,SEDAN
4431043,UNKNOWN,6,23,0,0,Distraction,STATION WAGON/SPORT UTILITY VEHICLE
4422350,QUEENS,5,16,1,0,Human_Error,SEDAN
4422467,BROOKLYN,5,19,0,0,Human_Error,SEDAN
4431628,UNKNOWN,5,16,1,0,Other_Unknown,SEDAN
4464188,UNKNOWN,10,14,0,1,Distraction,STATION WAGON/SPORT UTILITY VEHICLE
4514559,UNKNOWN,3,15,0,0,Human_Error,BUS
4490403,UNKNOWN,12,10,0,0,Distraction,SEDAN
4488741,QUEENS,12,21,0,0,Other_Unknown,STATION WAGON/SPORT UTILITY VEHICLE
4422751,UNKNOWN,6,18,1,0,DUI_Drugs,OTHER
4423154,BROOKLYN,5,11,0,0,Human_Error,OTHER
4490431,UNKNOWN,12,22,0,0,Human_Error,STATION WAGON/SPORT UTILITY VEHICLE
4463949,BROOKLYN,10,23,0,1,Other_Unknown,SEDAN
4515108,BROOKLYN,3,7,1,0,Human_Error,STATION WAGON/SPORT UTILITY VEHICLE
4414374,UNKNOWN,5,19,0,0,Human_Error,STATION WAGON/SPORT UTILITY VEHICLE
4493394,UNKNOWN,1,22,0,1,Distraction,SEDAN
4504205,MANHATTAN,2,3,0,1,Aggressive_Driving,BIKE
4463676,BROOKLYN,10,13,0,1,Distraction,SEDAN
4414477,QUEENS,5,20,0,0,Distraction,STATION WAGON/SPORT UTILITY VEHICLE
4414213,BROOKLYN,4,1,0,0,Human_Error,BOX TRUCK
4488823,BRONX,12,11,0,0,Human_Error,STATION WAGON/SPORT UTILITY VEHICLE
4488948,UNKNOWN,12,14,0,0,Distraction,SEDAN
4515316,STATEN ISLAND,4,6,0,0,Distraction,SEDAN
4431275,UNKNOWN,6,6,0,1,Distraction,SEDAN
4504295,QUEENS,2,21,0,1,Other_Unknown,SEDAN
4414550,STATEN ISLAND,5,3,0,1,Other_Unknown,SEDAN
4423111,QUEENS,6,11,0,0,Other_Unknown,STATION WAGON/SPORT UTILITY VEHICLE
4488490,QUEENS,12,8,1,0,Human_Error,SEDAN
4414905,UNKNOWN,5,0,0,1,Aggressive_Driving,STATION WAGON/SPORT UTILITY VEHICLE
4541268,BROOKLYN,6,3,0,1,Other_Unknown,SEDAN
4431097,UNKNOWN,6,2,0,1,Other_Unknown,STATION WAGON/SPORT UTILITY VEHICLE
4543110,UNKNOWN,6,22,0,0,Distraction,STATION WAGON/SPORT UTILITY VEHICLE
4485680,BROOKLYN,12,17,1,1,Distraction,STATION WAGON/SPORT UTILITY VEHICLE
4424460,MANHATTAN,5,17,1,0,Human_Error,PICK-UP TRUCK
4469717,QUEENS,10,12,0,1,Other_Unknown,SEDAN
4464509,BROOKLYN,10,3,0,0,Other_Unknown,SEDAN
4455827,UNKNOWN,9,0,0,1,Human_Error,SEDAN
4415905,BROOKLYN,5,21,0,0,Other_Unknown,SEDAN
4514266,UNKNOWN,3,9,1,0,Other_Unknown,STATION WAGON/SPORT UTILITY VEHICLE
4455813,UNKNOWN,9,10,0,1,Distraction,STATION WAGON/SPORT UTILITY VEHICLE
4465367,QUEENS,10,16,1,0,Distraction,STATION WAGON/SPORT UTILITY VEHICLE
4465385,MANHATTAN,10,16,1,0,Other_Unknown,SEDAN
4465426,UNKNOWN,10,11,0,1,Other_Unknown,SEDAN
4417190,MANHATTAN,5,13,0,1,Aggressive_Driving,STATION WAGON/SPORT UTILITY VEHICLE
4408626,MANHATTAN,4,18,1,1,Distraction,SEDAN
4456383,UNKNOWN,9,18,1,1,Other_Unknown,MOTORCYCLE
4415512,BROOKLYN,5,11,0,0,Other_Unknown,SEDAN
4407881,UNKNOWN,4,21,0,0,Distraction,SEDAN
4490381,MANHATTAN,12,2,0,0,Aggressive_Driving,SEDAN
4417079,BROOKLYN,5,13,0,1,Other_Unknown,STATION WAGON/SPORT UTILITY VEHICLE
4426005,BRONX,5,0,0,0,Other_Unknown,UNKNOWN
4417619,BRONX,5,17,1,0,Distraction,STATION WAGON/SPORT UTILITY VEHICLE
4425593,QUEENS,6,21,0,0,Distraction,SEDAN
4426739,BROOKLYN,6,14,0,0,Distraction,SEDAN
4489249,BROOKLYN,12,21,0,0,Other_Unknown,SEDAN
4522283,BROOKLYN,4,7,1,0,Other_Unknown,STATION WAGON/SPORT UTILITY VEHICLE
4418460,UNKNOWN,5,13,0,0,Other_Unknown,SEDAN
4457571,BROOKLYN,9,17,1,0,Other_Unknown,SEDAN
4426924,BROOKLYN,6,13,0,1,Distraction,STATION WAGON/SPORT UTILITY VEHICLE
4427308,QUEENS,6,19,0,1,Human_Error,STATION WAGON/SPORT UTILITY VEHICLE
4426499,QUEENS,6,10,0,1,Human_Error,STATION WAGON/SPORT UTILITY VEHICLE
4462271,MANHATTAN,8,16,1,0,Other_Unknown,OTHER
4457235,BROOKLYN,9,15,0,0,Human_Error,STATION WAGON/SPORT UTILITY VEHICLE
4419253,UNKNOWN,5,17,1,0,Other_Unknown,STATION WAGON/SPORT UTILITY VEHICLE
4418914,QUEENS,5,14,0,0,Other_Unknown,SEDAN
4410473,BROOKLYN,4,20,0,1,Distraction,STATION WAGON/SPORT UTILITY VEHICLE
4543004,BROOKLYN,7,6,0,1,Distraction,STATION WAGON/SPORT UTILITY VEHICLE
4418916,MANHATTAN,5,9,1,0,Distraction,OTHER
4418711,UNKNOWN,5,16,1,0,Other_Unknown,SEDAN
4489402,UNKNOWN,12,23,0,0,Other_Unknown,SEDAN
4514268,MANHATTAN,3,15,0,1,Other_Unknown,E-BIKE
4485498,MANHATTAN,12,13,0,0,Other_Unknown,SEDAN
4492142,UNKNOWN,12,0,0,1,Other_Unknown,STATION WAGON/SPORT UTILITY VEHICLE
4419104,UNKNOWN,5,14,0,1,Aggressive_Driving,STATION WAGON/SPORT UTILITY VEHICLE
4410889,BRONX,4,9,1,0,Aggressive_Driving,STATION WAGON/SPORT UTILITY VEHICLE
4542620,UNKNOWN,7,17,1,0,Other_Unknown,BUS
4428006,QUEENS,6,12,0,0,Human_Error,STATION WAGON/SPORT UTILITY VEHICLE
4427832,QUEENS,6,11,0,0,Other_Unknown,SEDAN
4411047,BROOKLYN,4,8,1,0,Aggressive_Driving,SEDAN
4411214,UNKNOWN,4,15,0,0,Other_Unknown,SEDAN
4458016,BRONX,9,20,0,0,Other_Unknown,PICK-UP TRUCK
4420052,UNKNOWN,5,13,0,0,Vehicle_Fail,SEDAN
4457698,BROOKLYN,9,17,1,0,Distraction,STATION WAGON/SPORT UTILITY VEHICLE
4522216,UNKNOWN,4,0,0,1,Human_Error,STATION WAGON/SPORT UTILITY VEHICLE
4429377,MANHATTAN,6,22,0,0,Distraction,SEDAN
4429358,UNKNOWN,6,16,1,0,Other_Unknown,SEDAN
4411664,BRONX,4,8,1,0,Other_Unknown,STATION WAGON/SPORT UTILITY VEHICLE
4429160,UNKNOWN,6,2,0,1,Other_Unknown,SEDAN
4462741,QUEENS,9,10,0,0,Aggressive_Driving,STATION WAGON/SPORT UTILITY VEHICLE
4420966,UNKNOWN,5,5,0,0,Other_Unknown,PICK-UP TRUCK
4429622,BRONX,6,2,0,0,Other_Unknown,SEDAN
4429961,BRONX,6,16,1,0,Other_Unknown,SEDAN
4420722,UNKNOWN,5,16,1,0,Aggressive_Driving,SEDAN
4488369,QUEENS,12,9,1,0,Human_Error,STATION WAGON/SPORT UTILITY VEHICLE
4492737,BROOKLYN,1,18,1,0,Other_Unknown,SEDAN
4459374,QUEENS,9,12,0,1,Human_Error,SEDAN
4566728,UNKNOWN,9,23,0,0,Distraction,TAXI
4488522,UNKNOWN,12,17,1,0,Distraction,SEDAN
4488569,UNKNOWN,12,9,1,1,Aggressive_Driving,SEDAN
4431679,BRONX,6,16,1,0,Distraction,SEDAN
4414059,UNKNOWN,5,14,0,0,Other_Unknown,STATION WAGON/SPORT UTILITY VEHICLE
4488410,BROOKLYN,12,11,0,0,Other_Unknown,OTHER
4464028,BRONX,9,13,0,0,Other_Unknown,OTHER
4430672,UNKNOWN,6,5,0,0,Aggressive_Driving,SEDAN
4514432,BROOKLYN,3,18,1,0,Other_Unknown,STATION WAGON/SPORT UTILITY VEHICLE
4430848,UNKNOWN,6,9,1,0,Other_Unknown,OTHER
4413944,UNKNOWN,5,17,1,0,Distraction,STATION WAGON/SPORT UTILITY VEHICLE
4490454,BRONX,12,13,0,0,Human_Error,SEDAN
4459845,BRONX,9,16,1,0,Other_Unknown,STATION WAGON/SPORT UTILITY VEHICLE
4414570,UNKNOWN,5,14,0,1,Distraction,BOX TRUCK
4423955,MANHATTAN,5,19,0,0,Human_Error,STATION WAGON/SPORT UTILITY VEHICLE
4423435,MANHATTAN,6,6,0,0,Other_Unknown,SEDAN
4504457,MANHATTAN,2,15,0,1,Road_Conditions,STATION WAGON/SPORT UTILITY VEHICLE
4464173,UNKNOWN,10,16,1,0,Aggressive_Driving,BIKE
4432910,UNKNOWN,6,23,0,0,Distraction,SEDAN
4424378,BROOKLYN,6,23,0,1,Other_Unknown,SEDAN
4494349,UNKNOWN,1,16,1,1,Other_Unknown,STATION WAGON/SPORT UTILITY VEHICLE
4460828,MANHATTAN,9,22,0,0,Other_Unknown,MOTORCYCLE
4567306,UNKNOWN,9,8,1,1,Other_Unknown,BIKE
4460462,MANHATTAN,4,14,0,1,Other_Unknown,STATION WAGON/SPORT UTILITY VEHICLE
4514002,UNKNOWN,3,5,0,1,Human_Error,SEDAN
4485153,MANHATTAN,12,17,1,0,Human_Error,TAXI
4424815,BROOKLYN,6,12,0,0,Other_Unknown,OTHER
4416642,UNKNOWN,5,19,0,0,Distraction,STATION WAGON/SPORT UTILITY VEHICLE
4407855,MANHATTAN,4,0,0,0,Other_Unknown,SEDAN
4425652,STATEN ISLAND,5,16,1,1,Distraction,SEDAN
4425587,BROOKLYN,6,0,0,1,Human_Error,OTHER
4415984,BROOKLYN,5,11,0,1,Distraction,STATION WAGON/SPORT UTILITY VEHICLE
4485999,BROOKLYN,12,8,1,0,Other_Unknown,SEDAN
4465029,QUEENS,10,15,0,0,Human_Error,STATION WAGON/SPORT UTILITY VEHICLE
4464841,BRONX,10,21,0,0,Distraction,SEDAN
4542416,BRONX,6,14,0,1,Human_Error,STATION WAGON/SPORT UTILITY VEHICLE
4456375,MANHATTAN,9,20,0,1,Human_Error,SEDAN
4417791,BROOKLYN,5,23,0,0,Distraction,STATION WAGON/SPORT UTILITY VEHICLE
4425859,UNKNOWN,6,11,0,0,Other_Unknown,STATION WAGON/SPORT UTILITY VEHICLE
4504396,BROOKLYN,2,23,0,1,Other_Unknown,STATION WAGON/SPORT UTILITY VEHICLE
4426174,QUEENS,6,10,0,1,Human_Error,STATION WAGON/SPORT UTILITY VEHICLE
4487457,UNKNOWN,12,17,1,0,Distraction,STATION WAGON/SPORT UTILITY VEHICLE
4418446,UNKNOWN,5,16,1,0,Other_Unknown,SEDAN
4491355,BROOKLYN,1,7,1,1,Other_Unknown,SEDAN
4461600,UNKNOWN,9,0,0,0,Aggressive_Driving,SEDAN
4427265,UNKNOWN,6,19,0,0,Other_Unknown,SEDAN
4487146,QUEENS,12,1,0,0,Distraction,SEDAN
4487860,QUEENS,11,22,0,0,Other_Unknown,SEDAN
4427586,QUEENS,6,12,0,0,Other_Unknown,STATION WAGON/SPORT UTILITY VEHICLE
4418391,BRONX,5,22,0,0,Other_Unknown,STATION WAGON/SPORT UTILITY VEHICLE
4427606,UNKNOWN,6,22,0,0,Human_Error,TAXI
4427544,UNKNOWN,6,0,0,0,Human_Error,SEDAN
4542742,UNKNOWN,7,13,0,1,Other_Unknown,SEDAN
4410612,MANHATTAN,4,23,0,1,Other_Unknown,SEDAN
4411132,MANHATTAN,4,2,0,0,Distraction,SEDAN
4513858,QUEENS,3,13,0,1,Human_Error,SEDAN
4411347,UNKNOWN,4,19,0,0,Distraction,SEDAN
4410895,QUEENS,4,11,0,0,Human_Error,STATION WAGON/SPORT UTILITY VEHICLE
4411589,UNKNOWN,4,18,1,1,Human_Error,SEDAN
4542037,BROOKLYN,6,7,1,0,Other_Unknown,STATION WAGON/SPORT UTILITY VEHICLE
4411359,BRONX,4,9,1,0,Human_Error,BUS
4411405,UNKNOWN,4,9,1,0,Human_Error,STATION WAGON/SPORT UTILITY VEHICLE
4428481,MANHATTAN,6,13,0,0,Aggressive_Driving,TAXI
4428576,UNKNOWN,6,17,1,0,Distraction,SEDAN
4428189,BROOKLYN,6,14,0,0,Other_Unknown,SEDAN
4429051,BROOKLYN,3,17,1,0,Other_Unknown,SEDAN
4420841,UNKNOWN,5,9,1,0,Human_Error,STATION WAGON/SPORT UTILITY VEHICLE
4420598,UNKNOWN,5,18,1,0,Other_Unknown,SEDAN
4598472,QUEENS,1,10,0,0,Distraction,STATION WAGON/SPORT UTILITY VEHICLE
4490282,QUEENS,12,19,0,0,Human_Error,PICK-UP TRUCK
4429462,BROOKLYN,6,19,0,0,Human_Error,SEDAN
4411696,BROOKLYN,4,10,0,0,Vehicle_Fail,SEDAN
4412173,QUEENS,4,17,1,0,Human_Error,STATION WAGON/SPORT UTILITY VEHICLE
4514749,MANHATTAN,3,9,1,0,Distraction,BOX TRUCK
4421008,UNKNOWN,5,12,0,0,Other_Unknown,STATION WAGON/SPORT UTILITY VEHICLE
4429041,UNKNOWN,6,1,0,1,Aggressive_Driving,SEDAN
4462531,QUEENS,9,14,0,0,Distraction,STATION WAGON/SPORT UTILITY VEHICLE
4411374,UNKNOWN,4,0,0,0,Other_Unknown,SEDAN
4421393,UNKNOWN,5,11,0,0,Distraction,STATION WAGON/SPORT UTILITY VEHICLE
4492476,BRONX,1,21,0,0,Other_Unknown,SEDAN
4492516,UNKNOWN,1,10,0,0,Aggressive_Driving,SEDAN
4758675,UNKNOWN,9,14,0,1,Other_Unknown,STATION WAGON/SPORT UTILITY VEHICLE
4721677,UNKNOWN,5,21,0,0,Aggressive_Driving,OTHER
4422039,UNKNOWN,5,16,1,1,Human_Error,SEDAN
4422331,BROOKLYN,5,16,1,0,Other_Unknown,SEDAN
4493371,UNKNOWN,1,7,1,1,Distraction,BOX TRUCK
4515659,BROOKLYN,4,14,0,0,Aggressive_Driving,STATION WAGON/SPORT UTILITY VEHICLE
4422924,QUEENS,5,18,1,0,Aggressive_Driving,BIKE
4459266,UNKNOWN,9,19,0,0,Distraction,BUS
4430218,MANHATTAN,6,17,1,0,Distraction,SEDAN
4493613,UNKNOWN,11,6,0,1,Other_Unknown,SEDAN
4516654,BROOKLYN,4,9,1,0,Human_Error,OTHER
4431168,UNKNOWN,6,15,0,1,Distraction,STATION WAGON/SPORT UTILITY VEHICLE
4431322,UNKNOWN,6,4,0,1,Other_Unknown,STATION WAGON/SPORT UTILITY VEHICLE
4458520,BROOKLYN,9,16,1,0,Other_Unknown,STATION WAGON/SPORT UTILITY VEHICLE
4566560,BRONX,8,4,0,1,Other_Unknown,SEDAN
4566427,BROOKLYN,9,19,0,0,Distraction,SEDAN
4414727,UNKNOWN,5,19,0,1,Aggressive_Driving,SEDAN
4460119,MANHATTAN,9,17,1,0,Other_Unknown,STATION WAGON/SPORT UTILITY VEHICLE
4422905,QUEENS,6,10,0,0,Other_Unknown,STATION WAGON/SPORT UTILITY VEHICLE
4488825,UNKNOWN,11,17,1,0,Distraction,SEDAN
4423713,BROOKLYN,6,13,0,0,Other_Unknown,SEDAN
4423037,UNKNOWN,6,17,1,0,Other_Unknown,STATION WAGON/SPORT UTILITY VEHICLE
4543874,UNKNOWN,6,7,1,0,Aggressive_Driving,SEDAN
4514408,QUEENS,3,9,1,0,Aggressive_Driving,SEDAN
4488672,QUEENS,12,13,0,0,Aggressive_Driving,STATION WAGON/SPORT UTILITY VEHICLE
4423604,UNKNOWN,6,6,0,1,Other_Unknown,STATION WAGON/SPORT UTILITY VEHICLE
4493885,UNKNOWN,1,0,0,0,Distraction,TAXI
4459802,MANHATTAN,9,7,1,0,Aggressive_Driving,OTHER
4460655,UNKNOWN,9,22,0,0,Other_Unknown,STATION WAGON/SPORT UTILITY VEHICLE
4461010,MANHATTAN,9,22,0,0,Distraction,SEDAN
4415255,MANHATTAN,5,18,1,0,Other_Unknown,BOX TRUCK
4416444,BROOKLYN,5,9,1,0,Distraction,STATION WAGON/SPORT UTILITY VEHICLE
4407703,UNKNOWN,4,12,0,0,Distraction,STATION WAGON/SPORT UTILITY VEHICLE
4490951,BRONX,12,14,0,0,Other_Unknown,SEDAN
4415996,UNKNOWN,5,21,0,0,Distraction,SEDAN
4425707,BROOKLYN,6,17,1,0,Other_Unknown,SEDAN
4455824,UNKNOWN,9,10,0,1,Human_Error,SEDAN
4491339,BROOKLYN,12,15,0,1,Human_Error,SEDAN
4513841,BROOKLYN,3,11,0,1,Distraction,SEDAN
4456722,MANHATTAN,9,18,1,1,Distraction,SEDAN
4514685,UNKNOWN,3,21,0,0,Other_Unknown,SEDAN
4465915,MANHATTAN,10,16,1,0,Distraction,STATION WAGON/SPORT UTILITY VEHICLE
4456379,BROOKLYN,9,3,0,1,Distraction,SEDAN
4542777,QUEENS,6,8,1,1,Human_Error,E-BIKE
4426385,UNKNOWN,6,17,1,0,Other_Unknown,SEDAN
4408908,QUEENS,4,2,0,0,Other_Unknown,STATION WAGON/SPORT UTILITY VEHICLE
4409249,UNKNOWN,4,13,0,0,Other_Unknown,SEDAN
4425790,UNKNOWN,6,13,0,0,Distraction,STATION WAGON/SPORT UTILITY VEHICLE
4408993,UNKNOWN,4,15,0,0,Other_Unknown,STATION WAGON/SPORT UTILITY VEHICLE
4465460,BROOKLYN,10,23,0,0,Other_Unknown,STATION WAGON/SPORT UTILITY VEHICLE
4487681,BROOKLYN,12,2,0,1,Distraction,STATION WAGON/SPORT UTILITY VEHICLE
4487777,BROOKLYN,12,12,0,0,Distraction,STATION WAGON/SPORT UTILITY VEHICLE
4461909,MANHATTAN,9,14,0,0,Distraction,BOX TRUCK
4427315,UNKNOWN,6,2,0,0,Aggressive_Driving,SEDAN
4427247,QUEENS,6,22,0,1,Distraction,STATION WAGON/SPORT UTILITY VEHICLE
4427290,BROOKLYN,6,3,0,0,Distraction,SEDAN
4487062,BROOKLYN,12,4,0,0,Distraction,SEDAN
4410043,UNKNOWN,4,21,0,1,Human_Error,STATION WAGON/SPORT UTILITY VEHICLE
4410060,BRONX,4,21,0,1,Other_Unknown,SEDAN
4542920,BROOKLYN,7,11,0,1,Distraction,SEDAN
4491741,UNKNOWN,1,22,0,1,Other_Unknown,SEDAN
4418670,BROOKLYN,5,11,0,0,Other_Unknown,PICK-UP TRUCK
4428130,MANHATTAN,12,16,1,1,Aggressive_Driving,STATION WAGON/SPORT UTILITY VEHICLE
4427392,UNKNOWN,6,8,1,0,Other_Unknown,SEDAN
4491976,UNKNOWN,1,1,0,1,Human_Error,SEDAN
4516671,BROOKLYN,4,2,0,1,Other_Unknown,SEDAN
4515853,BROOKLYN,4,1,0,1,Vehicle_Fail,SEDAN
4542872,UNKNOWN,6,2,0,0,Other_Unknown,SEDAN
4411048,UNKNOWN,4,10,0,0,Human_Error,STATION WAGON/SPORT UTILITY VEHICLE
4410938,QUEENS,4,8,1,0,Human_Error,SEDAN
4419622,BROOKLYN,5,18,1,1,Other_Unknown,STATION WAGON/SPORT UTILITY VEHICLE
4411112,BROOKLYN,4,0,0,0,Other_Unknown,SEDAN
4428202,QUEENS,6,14,0,0,Distraction,SEDAN
4489963,BRONX,12,19,0,0,Other_Unknown,STATION WAGON/SPORT UTILITY VEHICLE
4427838,STATEN ISLAND,6,16,1,0,Human_Error,SEDAN
4420185,BROOKLYN,5,8,1,0,Aggressive_Driving,SEDAN
4489762,QUEENS,12,19,0,1,Other_Unknown,SEDAN
4515915,QUEENS,3,2,0,1,Aggressive_Driving,SEDAN
4515414,STATEN ISLAND,4,6,0,0,Other_Unknown,STATION WAGON/SPORT UTILITY VEHICLE
4514488,STATEN ISLAND,3,9,1,0,Human_Error,SEDAN
4420981,QUEENS,5,6,0,0,Human_Error,PICK-UP TRUCK
4412023,QUEENS,4,9,1,0,Other_Unknown,STATION WAGON/SPORT UTILITY VEHICLE
4412047,STATEN ISLAND,4,14,0,0,Human_Error,SEDAN
4429148,UNKNOWN,6,22,0,1,Other_Unknown,SEDAN
4429165,UNKNOWN,6,21,0,1,Aggressive_Driving,STATION WAGON/SPORT UTILITY VEHICLE
4429420,BRONX,6,16,1,1,Aggressive_Driving,SEDAN
4411237,BROOKLYN,4,2,0,0,Other_Unknown,STATION WAGON/SPORT UTILITY VEHICLE
4516254,MANHATTAN,4,17,1,0,Distraction,SEDAN
4463746,BROOKLYN,9,20,0,1,Other_Unknown,SEDAN
4462887,MANHATTAN,9,16,1,0,Other_Unknown,BIKE
4421503,BROOKLYN,5,7,1,0,Distraction,SEDAN
4420693,QUEENS,5,12,0,0,Other_Unknown,STATION WAGON/SPORT UTILITY VEHICLE
4421685,BROOKLYN,5,13,0,0,Other_Unknown,PICK-UP TRUCK
4413070,UNKNOWN,5,5,0,1,Aggressive_Driving,SEDAN
4430081,QUEENS,6,12,0,0,Aggressive_Driving,SEDAN
4430688,UNKNOWN,6,14,0,0,Distraction,STATION WAGON/SPORT UTILITY VEHICLE
4463125,QUEENS,9,8,1,0,Other_Unknown,UNKNOWN
4543340,MANHATTAN,7,21,0,1,Other_Unknown,TAXI
4422108,UNKNOWN,5,12,0,1,Distraction,STATION WAGON/SPORT UTILITY VEHICLE
4422343,BROOKLYN,5,14,0,1,Human_Error,SEDAN
4459341,UNKNOWN,9,21,0,1,Other_Unknown,STATION WAGON/SPORT UTILITY VEHICLE
4430706,UNKNOWN,6,15,0,0,Human_Error,SEDAN
4422253,STATEN ISLAND,5,12,0,0,Human_Error,STATION WAGON/SPORT UTILITY VEHICLE
4459827,BROOKLYN,9,21,0,0,Distraction,SEDAN
4516587,QUEENS,4,15,0,0,Distraction,SEDAN
4516632,STATEN ISLAND,4,16,1,0,Other_Unknown,OTHER
4490823,MANHATTAN,12,9,1,0,Human_Error,SEDAN
4432033,UNKNOWN,6,6,0,0,Other_Unknown,OTHER
4431999,BROOKLYN,6,17,1,1,Aggressive_Driving,STATION WAGON/SPORT UTILITY VEHICLE
4413898,BRONX,5,10,0,0,Aggressive_Driving,STATION WAGON/SPORT UTILITY VEHICLE
4431802,BRONX,6,0,0,0,Human_Error,SEDAN
4414687,BROOKLYN,5,22,0,0,Human_Error,STATION WAGON/SPORT UTILITY VEHICLE
4488324,BROOKLYN,12,12,0,0,Other_Unknown,SEDAN
4460340,MANHATTAN,9,9,1,0,Distraction,STATION WAGON/SPORT UTILITY VEHICLE
4459622,QUEENS,9,8,1,0,Distraction,STATION WAGON/SPORT UTILITY VEHICLE
4423398,MANHATTAN,6,12,0,0,Distraction,SEDAN
4432723,BROOKLYN,6,17,1,0,Distraction,SEDAN
4493301,QUEENS,1,3,0,0,Human_Error,SEDAN
4567111,BROOKLYN,9,19,0,0,Human_Error,SEDAN
4543012,BROOKLYN,6,21,0,0,Other_Unknown,TAXI
4543055,MANHATTAN,6,21,0,0,Aggressive_Driving,SEDAN
4494199,BROOKLYN,1,13,0,1,Other_Unknown,STATION WAGON/SPORT UTILITY VEHICLE
4459777,BROOKLYN,9,7,1,0,Human_Error,STATION WAGON/SPORT UTILITY VEHICLE
4460063,UNKNOWN,9,17,1,0,Human_Error,STATION WAGON/SPORT UTILITY VEHICLE
4460693,UNKNOWN,9,8,1,0,Aggressive_Driving,STATION WAGON/SPORT UTILITY VEHICLE
4424264,BRONX,6,22,0,1,DUI_Drugs,SEDAN
4416117,BRONX,4,12,0,0,Aggressive_Driving,BIKE
4464890,BROOKLYN,7,1,0,0,Other_Unknown,STATION WAGON/SPORT UTILITY VEHICLE
4417005,MANHATTAN,5,19,0,0,Distraction,STATION WAGON/SPORT UTILITY VEHICLE
4416086,UNKNOWN,5,14,0,0,Other_Unknown,STATION WAGON/SPORT UTILITY VEHICLE
4407701,MANHATTAN,4,20,0,0,Distraction,SEDAN
4407436,QUEENS,4,12,0,0,Distraction,SEDAN
4407580,QUEENS,4,12,0,0,Other_Unknown,SEDAN
4491117,QUEENS,12,17,1,0,Distraction,STATION WAGON/SPORT UTILITY VEHICLE
4490916,BRONX,12,17,1,0,Other_Unknown,SEDAN
4407884,MANHATTAN,4,2,0,1,Distraction,SEDAN
4514620,QUEENS,3,18,1,0,Other_Unknown,STATION WAGON/SPORT UTILITY VEHICLE
4408771,BRONX,4,15,0,0,Other_Unknown,STATION WAGON/SPORT UTILITY VEHICLE
4408562,MANHATTAN,4,10,0,0,Human_Error,SEDAN
4425255,BROOKLYN,6,18,1,0,Aggressive_Driving,STATION WAGON/SPORT UTILITY VEHICLE
4425181,MANHATTAN,6,11,0,0,Human_Error,STATION WAGON/SPORT UTILITY VEHICLE
4426257,BRONX,6,16,1,0,Human_Error,MOTORCYCLE
4451884,QUEENS,8,12,0,1,Distraction,SEDAN
4457081,BROOKLYN,9,8,1,0,Human_Error,STATION WAGON/SPORT UTILITY VEHICLE
4456951,MANHATTAN,9,22,0,0,Distraction,SEDAN
4417912,QUEENS,5,11,0,0,Other_Unknown,SEDAN
4417913,BROOKLYN,5,9,1,0,Other_Unknown,SEDAN
4417927,QUEENS,5,12,0,0,Other_Unknown,STATION WAGON/SPORT UTILITY VEHICLE
4462290,QUEENS,9,17,1,0,Aggressive_Driving,STATION WAGON/SPORT UTILITY VEHICLE
4491448,BROOKLYN,1,17,1,1,Distraction,STATION WAGON/SPORT UTILITY VEHICLE
4491669,MANHATTAN,12,19,0,1,Other_Unknown,STATION WAGON/SPORT UTILITY VEHICLE
4409487,UNKNOWN,4,12,0,0,Other_Unknown,SEDAN
4457824,BROOKLYN,9,18,1,0,Other_Unknown,STATION WAGON/SPORT UTILITY VEHICLE
4427012,UNKNOWN,6,8,1,0,Human_Error,SEDAN
4543195,QUEENS,6,11,0,0,Other_Unknown,SEDAN
4566206,UNKNOWN,9,16,1,0,Other_Unknown,STATION WAGON/SPORT UTILITY VEHICLE
4410580,BROOKLYN,4,1,0,1,Human_Error,SEDAN
4427543,QUEENS,6,20,0,0,Human_Error,STATION WAGON/SPORT UTILITY VEHICLE
4418682,QUEENS,5,0,0,0,Human_Error,SEDAN
4418615,BROOKLYN,5,17,1,0,Human_Error,STATION WAGON/SPORT UTILITY VEHICLE
4489455,UNKNOWN,12,10,0,0,Other_Unknown,SEDAN
4410349,UNKNOWN,4,2,0,1,Human_Error,STATION WAGON/SPORT UTILITY VEHICLE
4516474,QUEENS,3,4,0,0,Human_Error,SEDAN
4419073,QUEENS,5,18,1,1,Other_Unknown,STATION WAGON/SPORT UTILITY VEHICLE
4485953,UNKNOWN,12,4,0,1,Distraction,OTHER
4428969,BROOKLYN,6,14,0,0,Human_Error,UNKNOWN
4420342,UNKNOWN,5,10,0,1,Distraction,SEDAN
4410972,UNKNOWN,4,6,0,0,Human_Error,STATION WAGON/SPORT UTILITY VEHICLE
4428657,QUEENS,6,20,0,0,Human_Error,BIKE
4428912,UNKNOWN,6,10,0,0,Distraction,STATION WAGON/SPORT UTILITY VEHICLE
4420614,UNKNOWN,5,21,0,0,Other_Unknown,SEDAN
4492517,UNKNOWN,1,12,0,0,Distraction,SEDAN
4598608,QUEENS,1,7,1,0,Other_Unknown,STATION WAGON/SPORT UTILITY VEHICLE
4428553,MANHATTAN,6,0,0,1,Other_Unknown,E-BIKE
4514122,UNKNOWN,3,19,0,1,Other_Unknown,SEDAN
4429623,BRONX,6,12,0,1,Human_Error,BOX TRUCK
4429359,MANHATTAN,6,2,0,0,Human_Error,TAXI
4566670,UNKNOWN,9,20,0,1,Human_Error,SEDAN
4514115,UNKNOWN,3,20,0,1,Aggressive_Driving,SEDAN
4411409,BRONX,4,12,0,0,DUI_Drugs,SEDAN
4543715,MANHATTAN,6,10,0,0,Distraction,SEDAN
4459251,UNKNOWN,7,19,0,0,Human_Error,SEDAN
4421018,QUEENS,5,19,0,0,Distraction,SEDAN
4412673,UNKNOWN,5,21,0,1,Distraction,STATION WAGON/SPORT UTILITY VEHICLE
4421429,UNKNOWN,5,14,0,0,Distraction,SEDAN
4413338,UNKNOWN,4,19,0,0,Distraction,OTHER
4412869,MANHATTAN,5,8,1,1,Other_Unknown,STATION WAGON/SPORT UTILITY VEHICLE
4488327,UNKNOWN,12,12,0,1,Aggressive_Driving,SEDAN
4413043,BRONX,5,16,1,0,Other_Unknown,SEDAN
4490284,UNKNOWN,12,17,1,0,Human_Error,SEDAN
4487846,QUEENS,12,20,0,1,Aggressive_Driving,SEDAN
4422344,BROOKLYN,5,21,0,1,Aggressive_Driving,STATION WAGON/SPORT UTILITY VEHICLE
4463999,BRONX,9,10,0,0,Other_Unknown,SEDAN
4414125,UNKNOWN,5,6,0,0,Distraction,STATION WAGON/SPORT UTILITY VEHICLE
4422821,QUEENS,6,15,0,0,Aggressive_Driving,STATION WAGON/SPORT UTILITY VEHICLE
4431049,QUEENS,6,11,0,1,Human_Error,SEDAN
4493680,BRONX,1,19,0,1,Other_Unknown,STATION WAGON/SPORT UTILITY VEHICLE
4413544,UNKNOWN,5,9,1,0,Distraction,SEDAN
4463928,QUEENS,10,10,0,1,Human_Error,STATION WAGON/SPORT UTILITY VEHICLE
4515596,MANHATTAN,4,15,0,0,Aggressive_Driving,OTHER
4424090,MANHATTAN,6,14,0,0,Other_Unknown,OTHER
4464121,BROOKLYN,10,10,0,0,Human_Error,SEDAN
4432131,BROOKLYN,6,0,0,0,Distraction,SEDAN
4423459,STATEN ISLAND,6,12,0,0,Distraction,SEDAN
4566697,UNKNOWN,9,9,1,0,Human_Error,STATION WAGON/SPORT UTILITY VEHICLE
4543106,UNKNOWN,7,0,0,0,Aggressive_Driving,SEDAN
4414603,BRONX,5,3,0,1,Distraction,STATION WAGON/SPORT UTILITY VEHICLE
4464048,MANHATTAN,10,11,0,0,Distraction,STATION WAGON/SPORT UTILITY VEHICLE
4566233,BROOKLYN,9,1,0,0,Aggressive_Driving,SEDAN
4461018,BROOKLYN,9,22,0,1,Other_Unknown,STATION WAGON/SPORT UTILITY VEHICLE
4459917,MANHATTAN,9,18,1,0,Other_Unknown,SEDAN
4461052,QUEENS,9,16,1,0,Distraction,STATION WAGON/SPORT UTILITY VEHICLE
4407431,BRONX,4,9,1,0,Other_Unknown,SEDAN
4408152,BROOKLYN,4,18,1,0,Distraction,SEDAN
4456574,BROOKLYN,7,19,0,0,Other_Unknown,SEDAN
4466055,BROOKLYN,10,16,1,0,Other_Unknown,BUS
4409005,BROOKLYN,4,3,0,1,Distraction,STATION WAGON/SPORT UTILITY VEHICLE
4456282,BROOKLYN,9,13,0,1,Road_Conditions,OTHER
4408324,UNKNOWN,4,0,0,0,Vehicle_Fail,SEDAN
4417414,BROOKLYN,5,11,0,1,Distraction,STATION WAGON/SPORT UTILITY VEHICLE
4425548,QUEENS,6,11,0,0,Distraction,STATION WAGON/SPORT UTILITY VEHICLE
4409318,BROOKLYN,4,15,0,1,Other_Unknown,STATION WAGON/SPORT UTILITY VEHICLE
4417151,QUEENS,5,1,0,1,Human_Error,STATION WAGON/SPORT UTILITY VEHICLE
4457667,BROOKLYN,9,17,1,0,Human_Error,STATION WAGON/SPORT UTILITY VEHICLE
4409506,BRONX,4,17,1,0,Other_Unknown,OTHER
4417943,UNKNOWN,5,22,0,0,Distraction,SEDAN
4487302,QUEENS,12,9,1,0,Distraction,SEDAN
4426491,BROOKLYN,6,5,0,1,Other_Unknown,STATION WAGON/SPORT UTILITY VEHICLE
4461525,UNKNOWN,9,12,0,1,Other_Unknown,SEDAN
4461113,BRONX,9,8,1,1,Distraction,SEDAN
4409365,BROOKLYN,4,13,0,0,Other_Unknown,OTHER
4409766,QUEENS,4,13,0,0,Other_Unknown,STATION WAGON/SPORT UTILITY VEHICLE
4542929,BROOKLYN,7,16,1,1,Other_Unknown,STATION WAGON/SPORT UTILITY VEHICLE
4489569,UNKNOWN,12,0,0,0,Other_Unknown,SEDAN
4427360,UNKNOWN,6,6,0,1,Distraction,TAXI
4427459,BRONX,6,18,1,0,Road_Conditions,STATION WAGON/SPORT UTILITY VEHICLE
4489261,BROOKLYN,12,11,0,0,Distraction,STATION WAGON/SPORT UTILITY VEHICLE
4489006,BRONX,12,10,0,0,Human_Error,TAXI
4489269,BROOKLYN,12,8,1,0,Distraction,SEDAN
4461810,MANHATTAN,9,21,0,0,Distraction,SEDAN
4461709,QUEENS,9,23,0,0,Other_Unknown,TAXI
4409901,UNKNOWN,4,17,1,0,Distraction,STATION WAGON/SPORT UTILITY VEHICLE
4418769,MANHATTAN,5,21,0,0,Other_Unknown,STATION WAGON/SPORT UTILITY VEHICLE
4543313,BROOKLYN,7,3,0,1,Other_Unknown,STATION WAGON/SPORT UTILITY VEHICLE
4466038,QUEENS,10,10,0,1,Vehicle_Fail,SEDAN
4491672,BROOKLYN,1,14,0,1,Other_Unknown,STATION WAGON/SPORT UTILITY VEHICLE
4411219,BROOKLYN,4,19,0,0,Human_Error,PICK-UP TRUCK
4410289,BROOKLYN,4,14,0,1,Distraction,STATION WAGON/SPORT UTILITY VEHICLE
4462090,BRONX,9,17,1,0,Aggressive_Driving,SEDAN
4488221,BRONX,12,17,1,1,Other_Unknown,STATION WAGON/SPORT UTILITY VEHICLE
4491772,UNKNOWN,1,19,0,0,DUI_Drugs,STATION WAGON/SPORT UTILITY VEHICLE
4411299,BROOKLYN,4,17,1,0,Human_Error,STATION WAGON/SPORT UTILITY VEHICLE
4427830,QUEENS,6,2,0,0,Other_Unknown,SEDAN
4429163,BROOKLYN,6,16,1,0,Other_Unknown,SEDAN
4411687,UNKNOWN,3,10,0,0,Other_Unknown,SEDAN
4420490,BROOKLYN,5,17,1,1,Other_Unknown,SEDAN
4429322,UNKNOWN,6,12,0,0,Distraction,PICK-UP TRUCK
4545649,QUEENS,7,10,0,0,Human_Error,SEDAN
4492557,BROOKLYN,1,14,0,0,Distraction,STATION WAGON/SPORT UTILITY VEHICLE
4492580,MANHATTAN,1,4,0,1,Distraction,SEDAN
4491899,BROOKLYN,1,0,0,0,Aggressive_Driving,SEDAN
4490158,QUEENS,12,20,0,0,Aggressive_Driving,SEDAN
4504469,UNKNOWN,2,18,1,1,Other_Unknown,SEDAN
4567135,BROOKLYN,9,14,0,0,DUI_Drugs,MOTORCYCLE
4462277,UNKNOWN,9,8,1,0,Other_Unknown,STATION WAGON/SPORT UTILITY VEHICLE
4421243,BROOKLYN,5,17,1,0,Other_Unknown,SEDAN
4430032,MANHATTAN,6,12,0,0,Distraction,BIKE
4492972,UNKNOWN,1,18,1,0,Other_Unknown,PICK-UP TRUCK
4430057,BROOKLYN,6,8,1,0,Distraction,STATION WAGON/SPORT UTILITY VEHICLE
4421769,BROOKLYN,5,19,0,0,Other_Unknown,SEDAN
4462298,UNKNOWN,9,18,1,0,Other_Unknown,STATION WAGON/SPORT UTILITY VEHICLE
4463607,BROOKLYN,10,17,1,0,Aggressive_Driving,OTHER
4422216,UNKNOWN,5,6,0,0,Human_Error,STATION WAGON/SPORT UTILITY VEHICLE
4492660,UNKNOWN,1,5,0,0,Road_Conditions,STATION WAGON/SPORT UTILITY VEHICLE
4422199,UNKNOWN,5,0,0,0,Other_Unknown,SEDAN
4459125,QUEENS,9,23,0,1,Other_Unknown,STATION WAGON/SPORT UTILITY VEHICLE
4430234,QUEENS,6,20,0,0,Aggressive_Driving,SEDAN
4414207,UNKNOWN,5,13,0,0,Other_Unknown,SEDAN
4422566,UNKNOWN,6,8,1,0,Distraction,STATION WAGON/SPORT UTILITY VEHICLE
4422745,QUEENS,6,15,0,0,Aggressive_Driving,BUS
4422437,UNKNOWN,6,1,0,0,Aggressive_Driving,STATION WAGON/SPORT UTILITY VEHICLE
4414145,BROOKLYN,5,8,1,0,Distraction,SEDAN
4490692,UNKNOWN,12,15,0,0,Distraction,SEDAN
4493535,UNKNOWN,1,22,0,1,Other_Unknown,STATION WAGON/SPORT UTILITY VEHICLE
4414407,BRONX,5,8,1,0,Distraction,STATION WAGON/SPORT UTILITY VEHICLE
4432362,BRONX,5,16,1,0,Other_Unknown,SEDAN
4488091,BROOKLYN,12,6,0,0,Human_Error,SEDAN
4566688,MANHATTAN,9,20,0,0,Other_Unknown,STATION WAGON/SPORT UTILITY VEHICLE
4566961,BRONX,9,18,1,0,Distraction,SEDAN
4414323,BRONX,5,0,0,1,Other_Unknown,SEDAN
4415300,UNKNOWN,5,7,1,0,Other_Unknown,SEDAN
4423633,MANHATTAN,6,2,0,0,Distraction,STATION WAGON/SPORT UTILITY VEHICLE
4432106,BROOKLYN,6,16,1,0,Other_Unknown,SEDAN
4431965,UNKNOWN,6,21,0,0,Aggressive_Driving,SEDAN
4423726,BROOKLYN,6,23,0,0,Other_Unknown,SEDAN
4464679,MANHATTAN,10,20,0,0,Human_Error,STATION WAGON/SPORT UTILITY VEHICLE
4514624,BROOKLYN,3,19,0,0,Other_Unknown,SEDAN
4413717,QUEENS,5,6,0,0,Other_Unknown,SEDAN
4424614,UNKNOWN,6,15,0,0,Aggressive_Driving,SEDAN
4425206,UNKNOWN,5,16,1,1,Other_Unknown,SEDAN
4491580,UNKNOWN,12,9,1,0,Human_Error,SEDAN
4407840,QUEENS,4,12,0,0,Human_Error,STATION WAGON/SPORT UTILITY VEHICLE
4425172,BROOKLYN,6,16,1,0,Distraction,SEDAN
4415363,STATEN ISLAND,5,11,0,0,Distraction,SEDAN
4491087,QUEENS,12,21,0,0,Aggressive_Driving,STATION WAGON/SPORT UTILITY VEHICLE
4459989,QUEENS,9,16,1,0,Human_Error,STATION WAGON/SPORT UTILITY VEHICLE
4416543,QUEENS,5,4,0,1,DUI_Drugs,SEDAN
4417450,UNKNOWN,5,20,0,1,Distraction,SEDAN
4543054,MANHATTAN,6,14,0,0,Distraction,PICK-UP TRUCK
4598081,UNKNOWN,1,21,0,1,Aggressive_Driving,SEDAN
4409124,STATEN ISLAND,4,13,0,0,Distraction,SEDAN
4425826,BRONX,6,19,0,0,Other_Unknown,STATION WAGON/SPORT UTILITY VEHICLE
4409652,BROOKLYN,4,17,1,0,Distraction,STATION WAGON/SPORT UTILITY VEHICLE
4409480,BROOKLYN,4,18,1,0,Other_Unknown,STATION WAGON/SPORT UTILITY VEHICLE
4465769,BROOKLYN,9,17,1,0,Distraction,SEDAN
4489105,UNKNOWN,12,0,0,0,Human_Error,SEDAN
4426234,QUEENS,6,15,0,1,Aggressive_Driving,SEDAN
4462011,STATEN ISLAND,9,10,0,1,Human_Error,SEDAN
4461505,UNKNOWN,9,14,0,1,Other_Unknown,STATION WAGON/SPORT UTILITY VEHICLE
4461895,QUEENS,9,7,1,0,Other_Unknown,STATION WAGON/SPORT UTILITY VEHICLE
4410408,BROOKLYN,4,16,1,0,Distraction,STATION WAGON/SPORT UTILITY VEHICLE
4418692,BRONX,5,16,1,0,Distraction,SEDAN
4419189,STATEN ISLAND,5,20,0,0,Human_Error,UNKNOWN
4457261,UNKNOWN,9,5,0,0,Vehicle_Fail,SEDAN
4427497,UNKNOWN,6,13,0,0,Road_Conditions,SEDAN
4418335,UNKNOWN,5,23,0,0,DUI_Drugs,SEDAN
4492145,BRONX,1,0,0,0,Road_Conditions,SEDAN
4492346,QUEENS,12,17,1,0,Human_Error,BIKE
4410757,BRONX,4,15,0,0,Other_Unknown,SEDAN
4410959,BROOKLYN,4,8,1,0,Distraction,OTHER
4427979,MANHATTAN,6,12,0,0,Human_Error,BOX TRUCK
4457676,BROOKLYN,9,1,0,0,Other_Unknown,SEDAN
4419693,BROOKLYN,5,20,0,1,Human_Error,BUS
4420149,MANHATTAN,5,20,0,1,Other_Unknown,STATION WAGON/SPORT UTILITY VEHICLE
4429088,MANHATTAN,6,12,0,0,Distraction,SEDAN
4458530,UNKNOWN,9,15,0,0,Human_Error,STATION WAGON/SPORT UTILITY VEHICLE
4458043,QUEENS,9,23,0,0,Distraction,SEDAN
4428678,BRONX,4,18,1,0,Other_Unknown,OTHER
4420406,BROOKLYN,5,19,0,0,Human_Error,SEDAN
4492056,UNKNOWN,1,19,0,0,Human_Error,SEDAN
4412592,UNKNOWN,4,17,1,0,Human_Error,SEDAN
4463441,STATEN ISLAND,10,16,1,0,Distraction,SEDAN
4429519,QUEENS,6,15,0,1,Other_Unknown,SEDAN
4463526,QUEENS,1,13,0,1,Distraction,OTHER
4412057,UNKNOWN,4,18,1,0,Distraction,SEDAN
4430087,BRONX,6,6,0,0,Distraction,SEDAN
4429398,UNKNOWN,6,4,0,0,Distraction,PICK-UP TRUCK
4421604,UNKNOWN,5,10,0,0,Other_Unknown,SEDAN
4420702,QUEENS,5,13,0,0,Distraction,STATION WAGON/SPORT UTILITY VEHICLE
4468469,UNKNOWN,10,0,0,1,Other_Unknown,TAXI
4413760,QUEENS,5,15,0,0,Distraction,STATION WAGON/SPORT UTILITY VEHICLE
4430616,UNKNOWN,6,3,0,0,Other_Unknown,SEDAN
4431381,QUEENS,6,10,0,0,Other_Unknown,SEDAN
4431441,STATEN ISLAND,6,12,0,0,Other_Unknown,SEDAN
4413480,BROOKLYN,5,9,1,0,Other_Unknown,SEDAN
4464211,UNKNOWN,9,20,0,0,Other_Unknown,SEDAN
4490301,UNKNOWN,12,17,1,0,Distraction,SEDAN
4423021,MANHATTAN,6,15,0,0,Distraction,BUS
4493441,UNKNOWN,1,11,0,1,Other_Unknown,SEDAN
4414445,QUEENS,5,12,0,0,Other_Unknown,STATION WAGON/SPORT UTILITY VEHICLE
4432491,QUEENS,6,6,0,0,Other_Unknown,SEDAN
4567272,BROOKLYN,9,16,1,0,Other_Unknown,SEDAN
4414702,UNKNOWN,5,18,1,1,Aggressive_Driving,STATION WAGON/SPORT UTILITY VEHICLE
4423014,BROOKLYN,6,14,0,0,Other_Unknown,SEDAN
4432597,BROOKLYN,6,20,0,0,Other_Unknown,STATION WAGON/SPORT UTILITY VEHICLE
4423253,MANHATTAN,6,11,0,0,Human_Error,SEDAN
4543563,QUEENS,7,6,0,0,Aggressive_Driving,STATION WAGON/SPORT UTILITY VEHICLE
4542795,BROOKLYN,6,15,0,0,Other_Unknown,SEDAN
4432684,UNKNOWN,6,18,1,0,Human_Error,SEDAN
4566671,BRONX,9,18,1,0,Human_Error,BIKE
4488376,STATEN ISLAND,12,6,0,0,Other_Unknown,SEDAN
4515166,STATEN ISLAND,3,13,0,1,Human_Error,STATION WAGON/SPORT UTILITY VEHICLE
4424573,MANHATTAN,6,19,0,0,Human_Error,SEDAN
4424252,BRONX,6,14,0,1,Other_Unknown,SEDAN
4517468,UNKNOWN,4,18,1,0,Distraction,STATION WAGON/SPORT UTILITY VEHICLE
4566791,UNKNOWN,9,9,1,0,Distraction,SEDAN
4464562,MANHATTAN,10,23,0,0,DUI_Drugs,STATION WAGON/SPORT UTILITY VEHICLE
4424807,MANHATTAN,5,16,1,0,Distraction,STATION WAGON/SPORT UTILITY VEHICLE
4424514,UNKNOWN,6,17,1,1,Other_Unknown,STATION WAGON/SPORT UTILITY VEHICLE
4460602,QUEENS,9,16,1,0,Aggressive_Driving,STATION WAGON/SPORT UTILITY VEHICLE
4425037,UNKNOWN,6,16,1,0,Distraction,SEDAN
4465020,UNKNOWN,9,20,0,0,Distraction,SEDAN
4486004,UNKNOWN,12,18,1,0,Other_Unknown,STATION WAGON/SPORT UTILITY VEHICLE
4456296,BROOKLYN,9,3,0,1,Distraction,STATION WAGON/SPORT UTILITY VEHICLE
4490551,UNKNOWN,12,19,0,0,Distraction,SEDAN
4416108,MANHATTAN,5,8,1,0,Other_Unknown,SEDAN
4456476,BRONX,9,14,0,1,Aggressive_Driving,SEDAN
4408738,UNKNOWN,4,9,1,0,Other_Unknown,SEDAN
4490721,BRONX,12,8,1,0,DUI_Drugs,PICK-UP TRUCK
4465314,BRONX,10,7,1,0,Other_Unknown,STATION WAGON/SPORT UTILITY VEHICLE
4504438,UNKNOWN,2,8,1,1,Distraction,SEDAN
4456091,QUEENS,9,3,0,1,Distraction,SEDAN
4408778,QUEENS,4,0,0,1,Other_Unknown,SEDAN
4408192,UNKNOWN,4,7,1,1,Aggressive_Driving,SEDAN
4426145,QUEENS,6,7,1,0,Distraction,SEDAN
4425849,UNKNOWN,6,16,1,0,Distraction,STATION WAGON/SPORT UTILITY VEHICLE
4425351,BRONX,6,13,0,0,Other_Unknown,SEDAN
4425944,BROOKLYN,6,17,1,0,Distraction,UNKNOWN
4487221,BRONX,12,22,0,0,Distraction,STATION WAGON/SPORT UTILITY VEHICLE
4418099,QUEENS,5,3,0,1,Aggressive_Driving,SEDAN
4489197,BRONX,12,20,0,0,Other_Unknown,TAXI
4515947,QUEENS,4,21,0,1,DUI_Drugs,SEDAN
4515626,UNKNOWN,4,2,0,1,Other_Unknown,STATION WAGON/SPORT UTILITY VEHICLE
4457138,UNKNOWN,9,16,1,0,Other_Unknown,BIKE
4415725,MANHATTAN,5,22,0,0,Human_Error,SEDAN
4415946,BROOKLYN,5,12,0,0,Distraction,SEDAN
4409676,QUEENS,4,20,0,0,Other_Unknown,STATION WAGON/SPORT UTILITY VEHICLE
4465975,QUEENS,10,10,0,1,Human_Error,SEDAN
4410873,UNKNOWN,3,3,0,0,Other_Unknown,STATION WAGON/SPORT UTILITY VEHICLE
4427241,BROOKLYN,6,6,0,0,Aggressive_Driving,SEDAN
4427710,BROOKLYN,6,11,0,0,Other_Unknown,STATION WAGON/SPORT UTILITY VEHICLE
4598315,MANHATTAN,1,10,0,0,Other_Unknown,SEDAN
4514578,UNKNOWN,3,8,1,1,Human_Error,SEDAN
4491566,UNKNOWN,1,1,0,1,Aggressive_Driving,STATION WAGON/SPORT UTILITY VEHICLE
4410774,BROOKLYN,4,8,1,0,Other_Unknown,PICK-UP TRUCK
4428297,BROOKLYN,6,23,0,0,Distraction,STATION WAGON/SPORT UTILITY VEHICLE
4542438,BROOKLYN,6,16,1,0,Distraction,STATION WAGON/SPORT UTILITY VEHICLE
4428464,STATEN ISLAND,6,14,0,0,Other_Unknown,STATION WAGON/SPORT UTILITY VEHICLE
4543117,BROOKLYN,6,19,0,0,Distraction,STATION WAGON/SPORT UTILITY VEHICLE
4428204,UNKNOWN,6,17,1,0,Other_Unknown,PICK-UP TRUCK
4458223,UNKNOWN,9,11,0,0,Distraction,STATION WAGON/SPORT UTILITY VEHICLE
4458360,BROOKLYN,9,16,1,0,Aggressive_Driving,STATION WAGON/SPORT UTILITY VEHICLE
4492136,UNKNOWN,1,14,0,0,Human_Error,SEDAN
4490255,UNKNOWN,12,18,1,1,Other_Unknown,SEDAN
4514452,MANHATTAN,3,16,1,0,Other_Unknown,SEDAN
4420211,MANHATTAN,5,8,1,0,Other_Unknown,BUS
4412779,UNKNOWN,4,16,1,0,Aggressive_Driving,SEDAN
4415797,QUEENS,5,16,1,0,Human_Error,SEDAN
4408359,BROOKLYN,4,12,0,0,Distraction,SEDAN
4415763,UNKNOWN,5,9,1,0,Human_Error,SEDAN
4416558,UNKNOWN,5,19,0,0,Human_Error,SEDAN
4415169,UNKNOWN,5,16,1,0,Other_Unknown,STATION WAGON/SPORT UTILITY VEHICLE
4416227,MANHATTAN,5,13,0,0,Human_Error,SEDAN
4425709,BROOKLYN,6,14,0,1,Human_Error,STATION WAGON/SPORT UTILITY VEHICLE
4415571,UNKNOWN,5,15,0,0,Distraction,STATION WAGON/SPORT UTILITY VEHICLE
4425660,UNKNOWN,6,6,0,0,Other_Unknown,SEDAN
4408443,MANHATTAN,4,21,0,0,Distraction,STATION WAGON/SPORT UTILITY VEHICLE
4417487,BROOKLYN,5,18,1,1,Human_Error,SEDAN
4420202,BRONX,5,8,1,0,Road_Conditions,STATION WAGON/SPORT UTILITY VEHICLE
4411649,MANHATTAN,4,22,0,0,Other_Unknown,SEDAN
4412003,UNKNOWN,4,5,0,0,Vehicle_Fail,SEDAN
4412121,BRONX,4,0,0,0,Other_Unknown,SEDAN
4515858,QUEENS,4,1,0,0,Distraction,SEDAN
4412275,BRONX,4,0,0,0,Other_Unknown,STATION WAGON/SPORT UTILITY VEHICLE
4411654,BRONX,4,12,0,0,Distraction,STATION WAGON/SPORT UTILITY VEHICLE
4411818,BRONX,4,19,0,0,Distraction,SEDAN
4463059,BROOKLYN,9,3,0,1,Other_Unknown,STATION WAGON/SPORT UTILITY VEHICLE
4462840,BRONX,8,17,1,0,Human_Error,STATION WAGON/SPORT UTILITY VEHICLE
4430155,MANHATTAN,6,19,0,1,Other_Unknown,STATION WAGON/SPORT UTILITY VEHICLE
4459204,STATEN ISLAND,9,22,0,0,Aggressive_Driving,SEDAN
4429692,MANHATTAN,6,8,1,0,Distraction,SEDAN
4429870,UNKNOWN,6,10,0,0,Other_Unknown,SEDAN
4421316,BROOKLYN,5,10,0,0,Aggressive_Driving,SEDAN
4421442,BROOKLYN,5,14,0,0,Road_Conditions,SEDAN
4421411,UNKNOWN,5,8,1,0,Other_Unknown,STATION WAGON/SPORT UTILITY VEHICLE
4492583,BROOKLYN,1,18,1,0,Human_Error,STATION WAGON/SPORT UTILITY VEHICLE
4488523,UNKNOWN,12,4,0,1,Human_Error,OTHER
4462578,BROOKLYN,9,8,1,0,Human_Error,SEDAN
4490460,UNKNOWN,10,8,1,0,Distraction,MOTORCYCLE
4413208,BRONX,5,17,1,0,Aggressive_Driving,SEDAN
4422238,BROOKLYN,5,18,1,0,Road_Conditions,STATION WAGON/SPORT UTILITY VEHICLE
4422136,BRONX,5,12,0,0,Other_Unknown,UNKNOWN
4488060,UNKNOWN,12,17,1,1,Distraction,STATION WAGON/SPORT UTILITY VEHICLE
4487736,UNKNOWN,12,9,1,1,Other_Unknown,SEDAN
4431303,BROOKLYN,6,22,0,0,Other_Unknown,STATION WAGON/SPORT UTILITY VEHICLE
4413204,UNKNOWN,5,3,0,0,Other_Unknown,SEDAN
4464168,UNKNOWN,10,21,0,1,DUI_Drugs,SEDAN
4459335,UNKNOWN,9,20,0,0,Distraction,SEDAN
4463409,BROOKLYN,10,12,0,1,Other_Unknown,BOX TRUCK
4517025,BRONX,4,21,0,0,Distraction,OTHER
4431147,QUEENS,6,15,0,1,Distraction,MOTORCYCLE
4431593,MANHATTAN,6,21,0,1,Other_Unknown,SEDAN
4414753,UNKNOWN,4,0,0,1,Distraction,STATION WAGON/SPORT UTILITY VEHICLE
4414584,UNKNOWN,5,2,0,0,Aggressive_Driving,SEDAN
4431619,UNKNOWN,6,3,0,1,Aggressive_Driving,SEDAN
4413946,UNKNOWN,5,10,0,0,Human_Error,OTHER
4515355,BRONX,3,14,0,0,Distraction,OTHER
4515224,UNKNOWN,3,13,0,0,Other_Unknown,BOX TRUCK
4494053,QUEENS,12,19,0,1,Distraction,STATION WAGON/SPORT UTILITY VEHICLE
4423195,MANHATTAN,6,12,0,0,Human_Error,TAXI
4488812,QUEENS,12,12,0,0,Human_Error,STATION WAGON/SPORT UTILITY VEHICLE
4543341,QUEENS,7,13,0,0,Other_Unknown,SEDAN
4464114,BROOKLYN,10,17,1,0,Other_Unknown,SEDAN
4432341,BRONX,6,15,0,0,Distraction,PICK-UP TRUCK
4424752,MANHATTAN,5,12,0,0,Human_Error,BOX TRUCK
4488807,UNKNOWN,12,15,0,0,Human_Error,SEDAN
4488882,UNKNOWN,12,17,1,0,Human_Error,UNKNOWN
4494285,BROOKLYN,1,14,0,0,Aggressive_Driving,SEDAN
4424418,UNKNOWN,6,15,0,1,Human_Error,SEDAN
4493900,MANHATTAN,1,8,1,0,Distraction,OTHER
4504406,UNKNOWN,2,18,1,1,Aggressive_Driving,PICK-UP TRUCK
4566571,BROOKLYN,9,7,1,0,Distraction,BUS
4464513,BROOKLYN,10,20,0,0,Human_Error,STATION WAGON/SPORT UTILITY VEHICLE
4460187,QUEENS,9,21,0,0,Other_Unknown,SEDAN
4460587,MANHATTAN,9,8,1,0,Human_Error,STATION WAGON/SPORT UTILITY VEHICLE
4417033,QUEENS,5,18,1,1,Other_Unknown,PICK-UP TRUCK
4426108,BRONX,6,9,1,0,Aggressive_Driving,STATION WAGON/SPORT UTILITY VEHICLE
4417588,BROOKLYN,5,13,0,1,Distraction,STATION WAGON/SPORT UTILITY VEHICLE
4408687,UNKNOWN,4,14,0,0,Human_Error,STATION WAGON/SPORT UTILITY VEHICLE
4417770,QUEENS,5,17,1,0,Distraction,STATION WAGON/SPORT UTILITY VEHICLE
4456907,QUEENS,9,21,0,0,Other_Unknown,SEDAN
4417635,BRONX,5,0,0,0,Other_Unknown,SEDAN
4515804,STATEN ISLAND,4,7,1,1,Distraction,SEDAN
4460886,QUEENS,9,0,0,1,Human_Error,STATION WAGON/SPORT UTILITY VEHICLE
4418705,UNKNOWN,5,18,1,1,Distraction,STATION WAGON/SPORT UTILITY VEHICLE
4426925,BROOKLYN,6,23,0,1,Other_Unknown,SEDAN
4465992,MANHATTAN,10,23,0,1,Other_Unknown,PICK-UP TRUCK
4457211,UNKNOWN,9,15,0,0,Aggressive_Driving,STATION WAGON/SPORT UTILITY VEHICLE
4461873,BROOKLYN,9,19,0,1,Other_Unknown,UNKNOWN
4409937,QUEENS,4,18,1,0,Other_Unknown,BOX TRUCK
4465928,QUEENS,10,21,0,1,Other_Unknown,SEDAN
4457112,UNKNOWN,9,8,1,0,Human_Error,SEDAN
4465884,MANHATTAN,10,17,1,1,Human_Error,STATION WAGON/SPORT UTILITY VEHICLE
4487058,QUEENS,12,22,0,0,Human_Error,SEDAN
4410680,BROOKLYN,4,11,0,0,Other_Unknown,OTHER
4419199,BROOKLYN,5,21,0,0,Other_Unknown,SEDAN
4513949,UNKNOWN,3,14,0,1,Other_Unknown,STATION WAGON/SPORT UTILITY VEHICLE
4514487,MANHATTAN,3,16,1,0,Other_Unknown,STATION WAGON/SPORT UTILITY VEHICLE
4542397,UNKNOWN,6,21,0,1,DUI_Drugs,TAXI
4542793,BROOKLYN,6,15,0,0,Other_Unknown,SEDAN
4516023,BROOKLYN,4,8,1,1,Other_Unknown,STATION WAGON/SPORT UTILITY VEHICLE
4516444,BROOKLYN,4,21,0,1,Aggressive_Driving,SEDAN
4515794,BROOKLYN,4,0,0,1,Other_Unknown,SEDAN
4419407,UNKNOWN,5,18,1,1,Distraction,SEDAN
4542474,QUEENS,6,10,0,0,Human_Error,STATION WAGON/SPORT UTILITY VEHICLE
4419380,MANHATTAN,5,0,0,1,Other_Unknown,BIKE
4474481,QUEENS,10,13,0,0,Other_Unknown,SEDAN
4457767,UNKNOWN,9,20,0,0,Other_Unknown,STATION WAGON/SPORT UTILITY VEHICLE
4420261,UNKNOWN,5,17,1,0,Distraction,STATION WAGON/SPORT UTILITY VEHICLE
4411147,BROOKLYN,4,21,0,0,Other_Unknown,TAXI
4428394,UNKNOWN,6,6,0,0,Other_Unknown,SEDAN
4489988,UNKNOWN,12,10,0,1,Other_Unknown,SEDAN
4489448,BRONX,12,5,0,1,Aggressive_Driving,SEDAN
4428246,BROOKLYN,6,13,0,0,Other_Unknown,STATION WAGON/SPORT UTILITY VEHICLE
4428023,UNKNOWN,6,1,0,0,DUI_Drugs,SEDAN
4492507,UNKNOWN,1,13,0,0,Distraction,PICK-UP TRUCK
4598365,BROOKLYN,1,15,0,0,Other_Unknown,SEDAN
4485643,UNKNOWN,12,2,0,1,Other_Unknown,SEDAN
4515958,QUEENS,3,0,0,0,Distraction,SEDAN
4515141,QUEENS,3,16,1,0,Distraction,SEDAN
4515928,QUEENS,3,11,0,0,Vehicle_Fail,SEDAN
4411806,BROOKLYN,4,0,0,0,Other_Unknown,SEDAN
4429170,UNKNOWN,6,22,0,1,Distraction,SEDAN
4411792,BROOKLYN,4,14,0,0,Human_Error,STATION WAGON/SPORT UTILITY VEHICLE
4462881,MANHATTAN,7,17,1,0,Aggressive_Driving,SEDAN
4459187,UNKNOWN,9,14,0,0,Distraction,OTHER
4421282,UNKNOWN,5,13,0,0,Other_Unknown,BOX TRUCK
4429919,BROOKLYN,6,18,1,0,Other_Unknown,SEDAN
4430098,QUEENS,6,4,0,0,Other_Unknown,SEDAN
4463205,BRONX,10,12,0,0,Other_Unknown,OTHER
4412486,UNKNOWN,5,15,0,1,Human_Error,STATION WAGON/SPORT UTILITY VEHICLE
4420754,BRONX,5,0,0,0,DUI_Drugs,STATION WAGON/SPORT UTILITY VEHICLE
4420724,UNKNOWN,5,17,1,0,Human_Error,SEDAN
4430090,QUEENS,6,17,1,0,Human_Error,STATION WAGON/SPORT UTILITY VEHICLE
4420888,BRONX,5,16,1,0,Human_Error,STATION WAGON/SPORT UTILITY VEHICLE
4430062,BRONX,6,17,1,0,Distraction,SEDAN
4490306,BRONX,12,11,0,0,Other_Unknown,SEDAN
4412979,BROOKLYN,5,0,0,0,Distraction,SEDAN
4543522,MANHATTAN,6,15,0,0,Other_Unknown,STATION WAGON/SPORT UTILITY VEHICLE
4504703,MANHATTAN,2,14,0,0,Other_Unknown,SEDAN
4421888,BRONX,5,10,0,1,Other_Unknown,STATION WAGON/SPORT UTILITY VEHICLE
4458884,QUEENS,9,17,1,1,Other_Unknown,STATION WAGON/SPORT UTILITY VEHICLE
4431230,BRONX,6,16,1,0,Aggressive_Driving,BIKE
4413122,BRONX,5,2,0,0,Other_Unknown,PICK-UP TRUCK
4430210,BROOKLYN,6,17,1,0,Other_Unknown,SEDAN
4431254,UNKNOWN,6,23,0,1,Aggressive_Driving,SEDAN
4422427,QUEENS,5,18,1,0,Aggressive_Driving,SEDAN
4459440,QUEENS,9,12,0,0,Human_Error,STATION WAGON/SPORT UTILITY VEHICLE
4459247,QUEENS,9,19,0,0,Distraction,BIKE
4493048,QUEENS,1,18,1,1,Human_Error,STATION WAGON/SPORT UTILITY VEHICLE
4516653,BROOKLYN,4,23,0,0,Distraction,STATION WAGON/SPORT UTILITY VEHICLE
4514372,BROOKLYN,3,18,1,0,Distraction,SEDAN
4490107,BRONX,12,3,0,0,Distraction,PICK-UP TRUCK
4423167,BROOKLYN,5,11,0,1,Other_Unknown,STATION WAGON/SPORT UTILITY VEHICLE
4432206,UNKNOWN,6,16,1,1,Aggressive_Driving,SEDAN
4464280,STATEN ISLAND,9,10,0,0,Distraction,SEDAN
4463991,MANHATTAN,10,13,0,1,Other_Unknown,STATION WAGON/SPORT UTILITY VEHICLE
4464144,UNKNOWN,10,8,1,1,Other_Unknown,STATION WAGON/SPORT UTILITY VEHICLE
4463544,UNKNOWN,10,16,1,1,Human_Error,SEDAN
4414505,UNKNOWN,5,16,1,1,Human_Error,SEDAN
4423223,BROOKLYN,6,11,0,0,Other_Unknown,BOX TRUCK
4423812,QUEENS,6,3,0,0,Aggressive_Driving,SEDAN
4459914,UNKNOWN,9,20,0,0,Other_Unknown,SEDAN
4422955,UNKNOWN,6,13,0,0,Road_Conditions,STATION WAGON/SPORT UTILITY VEHICLE
4460203,BROOKLYN,9,9,1,1,Other_Unknown,STATION WAGON/SPORT UTILITY VEHICLE
4422966,UNKNOWN,6,8,1,0,Aggressive_Driving,OTHER
4488989,MANHATTAN,12,16,1,0,Other_Unknown,SEDAN
4486160,BROOKLYN,12,12,0,1,Other_Unknown,SEDAN
4424690,UNKNOWN,6,1,0,1,Human_Error,SEDAN
4566906,MANHATTAN,9,15,0,0,Human_Error,SEDAN
4465008,BROOKLYN,10,17,1,0,Distraction,SEDAN
4415878,BROOKLYN,5,14,0,0,Other_Unknown,STATION WAGON/SPORT UTILITY VEHICLE
4514413,UNKNOWN,3,11,0,0,Distraction,STATION WAGON/SPORT UTILITY VEHICLE
4424681,BRONX,6,7,1,0,Human_Error,SEDAN
4424797,STATEN ISLAND,6,14,0,0,Distraction,SEDAN
4516030,MANHATTAN,4,6,0,0,Other_Unknown,SEDAN
4407349,STATEN ISLAND,4,16,1,0,Human_Error,STATION WAGON/SPORT UTILITY VEHICLE
4407873,UNKNOWN,4,2,0,0,Distraction,SEDAN
4408104,UNKNOWN,4,19,0,0,Distraction,SEDAN
4407933,UNKNOWN,4,11,0,0,Human_Error,STATION WAGON/SPORT UTILITY VEHICLE
4408215,BROOKLYN,4,20,0,0,Human_Error,SEDAN
4408265,UNKNOWN,4,11,0,0,Other_Unknown,STATION WAGON/SPORT UTILITY VEHICLE
4425081,BROOKLYN,6,11,0,0,Distraction,SEDAN
4415889,MANHATTAN,5,21,0,0,Distraction,STATION WAGON/SPORT UTILITY VEHICLE
4456681,UNKNOWN,7,12,0,0,Other_Unknown,SEDAN
4460399,BROOKLYN,9,23,0,0,Distraction,SEDAN
4417433,UNKNOWN,5,14,0,1,Road_Conditions,STATION WAGON/SPORT UTILITY VEHICLE
4598579,QUEENS,1,20,0,0,Distraction,BUS
4416541,MANHATTAN,5,3,0,1,Vehicle_Fail,STATION WAGON/SPORT UTILITY VEHICLE
4465094,BROOKLYN,10,10,0,0,Other_Unknown,SEDAN
4465727,BROOKLYN,10,8,1,0,Human_Error,E-BIKE
4456823,BROOKLYN,9,14,0,1,Other_Unknown,STATION WAGON/SPORT UTILITY VEHICLE
4419213,BROOKLYN,5,2,0,0,Other_Unknown,STATION WAGON/SPORT UTILITY VEHICLE
4421333,UNKNOWN,5,17,1,0,Distraction,STATION WAGON/SPORT UTILITY VEHICLE
4416012,UNKNOWN,5,21,0,0,Other_Unknown,SEDAN
4417249,UNKNOWN,5,23,0,0,Other_Unknown,SEDAN
4424911,UNKNOWN,6,10,0,0,Aggressive_Driving,OTHER
4425014,BRONX,6,16,1,0,Aggressive_Driving,OTHER
4456880,MANHATTAN,9,13,0,0,Other_Unknown,STATION WAGON/SPORT UTILITY VEHICLE
4490689,BRONX,12,14,0,0,Other_Unknown,SEDAN
4417135,QUEENS,5,7,1,1,Other_Unknown,STATION WAGON/SPORT UTILITY VEHICLE
4461603,UNKNOWN,9,12,0,1,Other_Unknown,STATION WAGON/SPORT UTILITY VEHICLE
4426087,QUEENS,6,12,0,0,Human_Error,STATION WAGON/SPORT UTILITY VEHICLE
4460931,BROOKLYN,9,12,0,1,Other_Unknown,SEDAN
4457028,UNKNOWN,9,14,0,0,Distraction,TAXI
4408935,BRONX,4,11,0,0,Distraction,STATION WAGON/SPORT UTILITY VEHICLE
4408975,UNKNOWN,4,15,0,0,Aggressive_Driving,STATION WAGON/SPORT UTILITY VEHICLE
4409133,UNKNOWN,4,13,0,0,Other_Unknown,SEDAN
4516144,UNKNOWN,4,6,0,0,Distraction,SEDAN
4426917,BROOKLYN,6,15,0,1,Distraction,SEDAN
4522269,QUEENS,4,16,1,0,Other_Unknown,SEDAN
4513873,BROOKLYN,3,18,1,1,Human_Error,SEDAN
4465204,MANHATTAN,10,15,0,0,Other_Unknown,BUS
4416917,QUEENS,5,11,0,1,Other_Unknown,PICK-UP TRUCK
4417186,BRONX,5,21,0,1,Human_Error,STATION WAGON/SPORT UTILITY VEHICLE
4408561,MANHATTAN,4,7,1,0,Other_Unknown,SEDAN
4460668,UNKNOWN,9,1,0,1,Distraction,SEDAN
4417540,UNKNOWN,5,17,1,0,Distraction,SEDAN
4409077,BRONX,4,18,1,0,Aggressive_Driving,STATION WAGON/SPORT UTILITY VEHICLE
4515987,BROOKLYN,4,13,0,1,Distraction,STATION WAGON/SPORT UTILITY VEHICLE
4461601,MANHATTAN,9,18,1,1,Aggressive_Driving,MOTORCYCLE
4461868,QUEENS,9,11,0,1,Other_Unknown,SEDAN
4465824,MANHATTAN,10,21,0,1,Aggressive_Driving,BUS
4409345,UNKNOWN,4,16,1,0,Other_Unknown,STATION WAGON/SPORT UTILITY VEHICLE
4427421,QUEENS,6,21,0,1,Other_Unknown,SEDAN
4427094,UNKNOWN,6,20,0,1,Human_Error,SEDAN
4410004,UNKNOWN,4,10,0,0,Human_Error,SEDAN
4427815,BROOKLYN,6,13,0,0,Human_Error,SEDAN
4418907,QUEENS,5,12,0,0,Distraction,SEDAN
4418382,BROOKLYN,5,0,0,0,DUI_Drugs,SEDAN
4419521,UNKNOWN,5,15,0,0,Human_Error,STATION WAGON/SPORT UTILITY VEHICLE
4487622,BROOKLYN,12,20,0,0,Other_Unknown,SEDAN
4427540,UNKNOWN,6,19,0,0,Distraction,SEDAN
4427510,UNKNOWN,6,1,0,0,Aggressive_Driving,TAXI
4418962,UNKNOWN,5,23,0,0,Aggressive_Driving,STATION WAGON/SPORT UTILITY VEHICLE
4491663,UNKNOWN,1,14,0,1,Other_Unknown,STATION WAGON/SPORT UTILITY VEHICLE
4491483,UNKNOWN,1,1,0,1,Distraction,SEDAN
4514672,QUEENS,3,15,0,0,Other_Unknown,BOX TRUCK
4411472,UNKNOWN,4,22,0,1,Aggressive_Driving,STATION WAGON/SPORT UTILITY VEHICLE
4419945,STATEN ISLAND,5,10,0,1,Road_Conditions,STATION WAGON/SPORT UTILITY VEHICLE
4427766,BRONX,6,2,0,0,Other_Unknown,UNKNOWN
4411432,UNKNOWN,4,21,0,0,Human_Error,STATION WAGON/SPORT UTILITY VEHICLE
4410897,BROOKLYN,4,0,0,0,Other_Unknown,SEDAN
4429247,QUEENS,6,22,0,0,Distraction,STATION WAGON/SPORT UTILITY VEHICLE
4457312,BROOKLYN,9,1,0,0,Distraction,OTHER
4420015,MANHATTAN,5,5,0,0,Human_Error,STATION WAGON/SPORT UTILITY VEHICLE
4458821,BROOKLYN,9,10,0,0,Other_Unknown,SEDAN
4462409,UNKNOWN,9,18,1,0,Aggressive_Driving,PICK-UP TRUCK
4487038,BRONX,12,13,0,0,Distraction,SEDAN
4465958,QUEENS,10,1,0,1,Other_Unknown,UNKNOWN
4411059,UNKNOWN,4,18,1,0,Human_Error,SEDAN
4492088,BRONX,1,15,0,1,Other_Unknown,OTHER
4492323,BROOKLYN,1,20,0,1,Other_Unknown,E-BIKE
4516343,UNKNOWN,3,13,0,0,Other_Unknown,SEDAN
4428547,UNKNOWN,6,23,0,0,Human_Error,STATION WAGON/SPORT UTILITY VEHICLE
4428068,BRONX,6,12,0,0,Other_Unknown,STATION WAGON/SPORT UTILITY VEHICLE
4419219,UNKNOWN,5,6,0,1,Aggressive_Driving,SEDAN
4419969,QUEENS,5,23,0,1,Human_Error,SEDAN
4428639,BROOKLYN,6,15,0,0,Road_Conditions,SEDAN
4411279,BRONX,4,19,0,0,Aggressive_Driving,SEDAN
4566151,QUEENS,9,17,1,0,Other_Unknown,STATION WAGON/SPORT UTILITY VEHICLE
4458135,QUEENS,9,3,0,0,Other_Unknown,SEDAN
4420217,UNKNOWN,5,0,0,0,Other_Unknown,STATION WAGON/SPORT UTILITY VEHICLE
4419897,UNKNOWN,5,10,0,0,Distraction,OTHER
4489722,BROOKLYN,12,17,1,1,Other_Unknown,SEDAN
4429394,MANHATTAN,6,15,0,0,Other_Unknown,SEDAN
4420884,BROOKLYN,5,23,0,0,Other_Unknown,STATION WAGON/SPORT UTILITY VEHICLE
4411777,BROOKLYN,4,14,0,0,Other_Unknown,SEDAN
4420233,BRONX,5,8,1,0,Distraction,STATION WAGON/SPORT UTILITY VEHICLE
4516449,QUEENS,4,9,1,0,Other_Unknown,STATION WAGON/SPORT UTILITY VEHICLE
4429234,MANHATTAN,6,5,0,1,Other_Unknown,STATION WAGON/SPORT UTILITY VEHICLE
4597945,UNKNOWN,1,20,0,1,Aggressive_Driving,SEDAN
4566980,BRONX,9,3,0,0,Other_Unknown,STATION WAGON/SPORT UTILITY VEHICLE
4412050,STATEN ISLAND,4,18,1,0,Other_Unknown,PICK-UP TRUCK
4598145,QUEENS,1,7,1,1,Other_Unknown,SEDAN
4515362,BROOKLYN,3,12,0,0,Human_Error,SEDAN
4429301,UNKNOWN,6,17,1,1,Aggressive_Driving,SEDAN
4463541,UNKNOWN,10,13,0,0,Other_Unknown,STATION WAGON/SPORT UTILITY VEHICLE
4463241,UNKNOWN,10,23,0,0,Other_Unknown,SEDAN
4462988,UNKNOWN,9,17,1,0,Other_Unknown,STATION WAGON/SPORT UTILITY VEHICLE
4411706,BROOKLYN,4,16,1,0,Aggressive_Driving,OTHER
4412732,BRONX,5,23,0,1,Other_Unknown,TAXI
4412935,BRONX,5,18,1,1,Distraction,SEDAN
4412392,QUEENS,5,17,1,1,Human_Error,SEDAN
4412793,QUEENS,5,12,0,1,Other_Unknown,SEDAN
4459134,UNKNOWN,9,8,1,0,Human_Error,BUS
4484638,QUEENS,12,7,1,0,Other_Unknown,SEDAN
4430283,UNKNOWN,6,11,0,0,Other_Unknown,SEDAN
4487774,QUEENS,12,17,1,1,Human_Error,STATION WAGON/SPORT UTILITY VEHICLE
4462954,UNKNOWN,9,21,0,1,Other_Unknown,SEDAN
4458895,QUEENS,9,10,0,1,Human_Error,STATION WAGON/SPORT UTILITY VEHICLE
4492733,QUEENS,12,17,1,0,Other_Unknown,BUS
4413050,BROOKLYN,5,12,0,0,Other_Unknown,SEDAN
4422288,MANHATTAN,5,10,0,0,Other_Unknown,BIKE
4422179,UNKNOWN,5,16,1,1,Human_Error,STATION WAGON/SPORT UTILITY VEHICLE
4493446,UNKNOWN,1,15,0,0,Other_Unknown,SEDAN
4459451,BRONX,9,20,0,0,Human_Error,SEDAN
4459499,BRONX,9,13,0,0,Human_Error,STATION WAGON/SPORT UTILITY VEHICLE
4493396,BRONX,1,12,0,0,Other_Unknown,SEDAN
4490230,BROOKLYN,12,17,1,0,Distraction,SEDAN
4431195,BROOKLYN,6,23,0,0,Other_Unknown,SEDAN
4430132,UNKNOWN,6,13,0,0,Other_Unknown,BOX TRUCK
4515482,BROOKLYN,3,9,1,0,Other_Unknown,SEDAN
4464001,BRONX,10,17,1,0,Other_Unknown,STATION WAGON/SPORT UTILITY VEHICLE
4464021,STATEN ISLAND,10,16,1,1,Human_Error,STATION WAGON/SPORT UTILITY VEHICLE
4459384,QUEENS,9,22,0,0,Other_Unknown,SEDAN
4430982,UNKNOWN,6,12,0,0,Other_Unknown,SEDAN
4459151,UNKNOWN,9,13,0,0,Other_Unknown,SEDAN
4459696,MANHATTAN,9,22,0,0,DUI_Drugs,SEDAN
4493043,UNKNOWN,1,15,0,1,Human_Error,STATION WAGON/SPORT UTILITY VEHICLE
4463511,BROOKLYN,10,22,0,1,Distraction,BIKE
4422645,QUEENS,6,11,0,0,Distraction,SEDAN
4431808,BRONX,6,20,0,1,Other_Unknown,SEDAN
4490658,BROOKLYN,12,20,0,0,Other_Unknown,STATION WAGON/SPORT UTILITY VEHICLE
4493512,BROOKLYN,1,22,0,1,Distraction,STATION WAGON/SPORT UTILITY VEHICLE
4463622,UNKNOWN,10,4,0,1,Distraction,TAXI
4432363,BRONX,6,12,0,0,Human_Error,BOX TRUCK
4431620,BRONX,6,16,1,1,Other_Unknown,STATION WAGON/SPORT UTILITY VEHICLE
4432181,UNKNOWN,6,16,1,0,Human_Error,STATION WAGON/SPORT UTILITY VEHICLE
4566517,BRONX,9,17,1,1,Other_Unknown,E-BIKE
4415323,BROOKLYN,5,13,0,1,Distraction,STATION WAGON/SPORT UTILITY VEHICLE
4415279,BROOKLYN,5,5,0,0,Human_Error,STATION WAGON/SPORT UTILITY VEHICLE
4566896,UNKNOWN,9,22,0,0,Other_Unknown,STATION WAGON/SPORT UTILITY VEHICLE
4415042,STATEN ISLAND,5,8,1,0,Aggressive_Driving,SEDAN
4493795,MANHATTAN,1,11,0,0,Distraction,SEDAN
4423537,UNKNOWN,6,19,0,0,Distraction,SEDAN
4432523,UNKNOWN,6,8,1,0,Road_Conditions,SEDAN
4415539,BROOKLYN,5,18,1,0,Human_Error,SEDAN
4494011,QUEENS,1,17,1,0,Distraction,STATION WAGON/SPORT UTILITY VEHICLE
4567250,MANHATTAN,9,9,1,0,Distraction,BUS
4432424,BROOKLYN,6,14,0,0,Other_Unknown,SEDAN
4432936,UNKNOWN,6,20,0,0,Distraction,SEDAN
4433139,MANHATTAN,6,19,0,0,Human_Error,SEDAN
4566575,UNKNOWN,9,9,1,0,Human_Error,SEDAN
4493919,UNKNOWN,1,11,0,0,Human_Error,STATION WAGON/SPORT UTILITY VEHICLE
4461380,QUEENS,9,20,0,0,Human_Error,STATION WAGON/SPORT UTILITY VEHICLE
4424912,QUEENS,6,7,1,1,Vehicle_Fail,SEDAN
4429442,UNKNOWN,6,6,0,1,Distraction,SEDAN
4412432,UNKNOWN,4,13,0,0,Road_Conditions,SEDAN
4463258,UNKNOWN,10,18,1,0,Other_Unknown,SEDAN
4463771,BROOKLYN,9,0,0,0,Other_Unknown,SEDAN
4463784,BROOKLYN,9,10,0,0,Other_Unknown,STATION WAGON/SPORT UTILITY VEHICLE
4429571,UNKNOWN,6,0,0,0,DUI_Drugs,STATION WAGON/SPORT UTILITY VEHICLE
4420591,MANHATTAN,5,8,1,0,Other_Unknown,STATION WAGON/SPORT UTILITY VEHICLE
4421671,MANHATTAN,5,1,0,0,Distraction,SEDAN
4430442,UNKNOWN,6,23,0,1,Distraction,STATION WAGON/SPORT UTILITY VEHICLE
4429765,BRONX,6,8,1,0,Aggressive_Driving,STATION WAGON/SPORT UTILITY VEHICLE
4492688,QUEENS,1,23,0,0,Distraction,STATION WAGON/SPORT UTILITY VEHICLE
4413567,UNKNOWN,5,14,0,0,Human_Error,SEDAN
4430814,UNKNOWN,6,0,0,0,Other_Unknown,SEDAN
4515403,UNKNOWN,4,19,0,0,Distraction,STATION WAGON/SPORT UTILITY VEHICLE
4413396,BROOKLYN,5,12,0,0,Human_Error,SEDAN
4488434,BROOKLYN,12,19,0,1,Other_Unknown,BOX TRUCK
4430545,QUEENS,6,8,1,0,Human_Error,SEDAN
4464172,UNKNOWN,9,20,0,0,Distraction,BIKE
4459946,BROOKLYN,9,14,0,0,Other_Unknown,SEDAN
4516884,BRONX,4,7,1,0,Other_Unknown,STATION WAGON/SPORT UTILITY VEHICLE
4431610,UNKNOWN,6,21,0,1,Other_Unknown,STATION WAGON/SPORT UTILITY VEHICLE
4413700,BROOKLYN,5,12,0,0,Aggressive_Driving,BUS
4463692,QUEENS,10,2,0,1,Other_Unknown,STATION WAGON/SPORT UTILITY VEHICLE
4493768,BROOKLYN,1,8,1,1,Human_Error,STATION WAGON/SPORT UTILITY VEHICLE
4414098,QUEENS,5,18,1,0,Distraction,E-BIKE
4464403,BRONX,9,18,1,0,Other_Unknown,BIKE
4414647,QUEENS,5,21,0,0,Other_Unknown,STATION WAGON/SPORT UTILITY VEHICLE
4432136,UNKNOWN,6,8,1,0,Aggressive_Driving,SEDAN
4567205,QUEENS,9,15,0,0,Other_Unknown,STATION WAGON/SPORT UTILITY VEHICLE
4566996,BROOKLYN,9,7,1,0,Distraction,SEDAN
4493569,QUEENS,1,15,0,0,Human_Error,SEDAN
4423653,QUEENS,6,12,0,0,Distraction,SEDAN
4415107,UNKNOWN,5,2,0,1,Distraction,SEDAN
4566795,UNKNOWN,9,7,1,0,Human_Error,BUS
4423821,UNKNOWN,6,17,1,1,Distraction,SEDAN
4424344,BROOKLYN,6,21,0,0,Other_Unknown,SEDAN
4521507,QUEENS,4,5,0,1,DUI_Drugs,STATION WAGON/SPORT UTILITY VEHICLE
4459898,QUEENS,9,10,0,0,Human_Error,SEDAN
4424193,QUEENS,6,17,1,1,Human_Error,SEDAN
4460412,BROOKLYN,9,6,0,0,Other_Unknown,SEDAN
4513637,QUEENS,3,23,0,1,Distraction,SEDAN
4516249,UNKNOWN,4,19,0,1,Distraction,SEDAN
4416510,UNKNOWN,5,16,1,0,Aggressive_Driving,SEDAN
4416138,UNKNOWN,5,20,0,0,Other_Unknown,SEDAN
4456419,UNKNOWN,9,19,0,1,Aggressive_Driving,SEDAN
4416915,UNKNOWN,5,1,0,1,Aggressive_Driving,SEDAN
4486557,UNKNOWN,12,2,0,0,Human_Error,SEDAN
4426231,QUEENS,6,18,1,0,Other_Unknown,STATION WAGON/SPORT UTILITY VEHICLE
4426155,QUEENS,6,19,0,0,Human_Error,SEDAN
4489902,MANHATTAN,12,21,0,0,Distraction,TAXI
4418516,BRONX,5,9,1,0,Distraction,SEDAN
4466265,BROOKLYN,10,19,0,0,Aggressive_Driving,SEDAN
4461774,MANHATTAN,9,8,1,1,Human_Error,SEDAN
4415754,QUEENS,5,8,1,0,Other_Unknown,STATION WAGON/SPORT UTILITY VEHICLE
4417209,BROOKLYN,5,23,0,0,Other_Unknown,SEDAN
4416385,MANHATTAN,5,18,1,0,Aggressive_Driving,STATION WAGON/SPORT UTILITY VEHICLE
4456766,UNKNOWN,9,16,1,0,Human_Error,BIKE
4456117,UNKNOWN,9,22,0,1,Distraction,STATION WAGON/SPORT UTILITY VEHICLE
4491174,BROOKLYN,12,23,0,0,Aggressive_Driving,SEDAN
4489698,UNKNOWN,12,23,0,0,Distraction,SEDAN
4409201,BROOKLYN,4,9,1,0,Road_Conditions,SEDAN
4426616,QUEENS,6,8,1,1,Other_Unknown,SEDAN
4462024,BROOKLYN,9,17,1,0,Aggressive_Driving,SEDAN
4491636,UNKNOWN,1,8,1,1,Other_Unknown,SEDAN
4409787,BROOKLYN,4,11,0,0,Other_Unknown,OTHER
4427812,UNKNOWN,6,16,1,1,Distraction,STATION WAGON/SPORT UTILITY VEHICLE
4486957,BRONX,12,16,1,0,Other_Unknown,SEDAN
4419532,UNKNOWN,5,19,0,0,Vehicle_Fail,STATION WAGON/SPORT UTILITY VEHICLE
4466209,UNKNOWN,10,0,0,1,Distraction,SEDAN
4419496,MANHATTAN,5,14,0,0,Distraction,STATION WAGON/SPORT UTILITY VEHICLE
4485510,BRONX,12,7,1,0,Other_Unknown,STATION WAGON/SPORT UTILITY VEHICLE
4492199,BRONX,1,17,1,0,Other_Unknown,STATION WAGON/SPORT UTILITY VEHICLE
4491715,BROOKLYN,1,8,1,0,Aggressive_Driving,OTHER
4485821,UNKNOWN,12,8,1,1,Distraction,STATION WAGON/SPORT UTILITY VEHICLE
4419642,BRONX,5,16,1,1,Distraction,STATION WAGON/SPORT UTILITY VEHICLE
4466595,UNKNOWN,10,19,0,0,Road_Conditions,SEDAN
4516617,QUEENS,4,3,0,1,Distraction,STATION WAGON/SPORT UTILITY VEHICLE
4427946,UNKNOWN,6,18,1,0,Other_Unknown,SEDAN
4420201,UNKNOWN,5,20,0,1,Other_Unknown,STATION WAGON/SPORT UTILITY VEHICLE
4428562,MANHATTAN,6,7,1,0,Other_Unknown,SEDAN
4492408,QUEENS,1,18,1,1,DUI_Drugs,SEDAN
4504681,BROOKLYN,2,11,0,0,Other_Unknown,STATION WAGON/SPORT UTILITY VEHICLE
4429528,MANHATTAN,6,23,0,0,Distraction,BIKE
4412741,BROOKLYN,4,21,0,1,Other_Unknown,STATION WAGON/SPORT UTILITY VEHICLE
4411828,BROOKLYN,4,17,1,0,Distraction,SEDAN
4566851,MANHATTAN,9,8,1,0,Human_Error,BOX TRUCK
4429965,BROOKLYN,6,12,0,0,Other_Unknown,SEDAN
4462491,MANHATTAN,9,7,1,0,Distraction,SEDAN
4429295,BRONX,6,15,0,1,Aggressive_Driving,TAXI
4429995,MANHATTAN,6,23,0,0,Other_Unknown,STATION WAGON/SPORT UTILITY VEHICLE
4411707,UNKNOWN,4,23,0,0,Human_Error,SEDAN
4462791,UNKNOWN,9,14,0,0,Human_Error,SEDAN
4516796,UNKNOWN,4,7,1,0,Human_Error,SEDAN
4543291,BRONX,7,3,0,1,Other_Unknown,STATION WAGON/SPORT UTILITY VEHICLE
4429858,MANHATTAN,6,0,0,0,Human_Error,SEDAN
4413029,UNKNOWN,5,14,0,1,Human_Error,SEDAN
4459203,UNKNOWN,9,8,1,0,Aggressive_Driving,STATION WAGON/SPORT UTILITY VEHICLE
4459024,UNKNOWN,9,19,0,1,Other_Unknown,SEDAN
4429833,QUEENS,6,13,0,0,Human_Error,SEDAN
4429877,MANHATTAN,6,17,1,0,Road_Conditions,TAXI
4421339,UNKNOWN,5,8,1,0,Other_Unknown,SEDAN
4430539,UNKNOWN,6,8,1,1,Other_Unknown,BOX TRUCK
4412672,BROOKLYN,5,7,1,1,Other_Unknown,STATION WAGON/SPORT UTILITY VEHICLE
4488510,BROOKLYN,12,8,1,0,Human_Error,SEDAN
4463073,MANHATTAN,8,8,1,0,Other_Unknown,STATION WAGON/SPORT UTILITY VEHICLE
4485117,QUEENS,12,22,0,0,Distraction,STATION WAGON/SPORT UTILITY VEHICLE
4463162,UNKNOWN,9,4,0,0,Aggressive_Driving,STATION WAGON/SPORT UTILITY VEHICLE
4488051,QUEENS,12,18,1,1,Other_Unknown,STATION WAGON/SPORT UTILITY VEHICLE
4459405,QUEENS,9,15,0,1,Human_Error,SEDAN
4486074,UNKNOWN,12,16,1,0,Other_Unknown,SEDAN
4430634,MANHATTAN,6,2,0,0,Other_Unknown,SEDAN
4421913,MANHATTAN,5,11,0,1,Other_Unknown,SEDAN
4422353,QUEENS,5,14,0,0,Other_Unknown,SEDAN
4514146,QUEENS,3,7,1,0,Other_Unknown,STATION WAGON/SPORT UTILITY VEHICLE
4431098,QUEENS,6,5,0,1,Aggressive_Driving,STATION WAGON/SPORT UTILITY VEHICLE
4413604,UNKNOWN,5,11,0,0,Human_Error,STATION WAGON/SPORT UTILITY VEHICLE
4431585,UNKNOWN,6,17,1,1,Aggressive_Driving,MOTORCYCLE
4431274,QUEENS,6,9,1,1,Other_Unknown,STATION WAGON/SPORT UTILITY VEHICLE
4490441,UNKNOWN,12,19,0,0,Distraction,STATION WAGON/SPORT UTILITY VEHICLE
4493731,STATEN ISLAND,1,15,0,0,Human_Error,SEDAN
4462348,BROOKLYN,9,22,0,0,Distraction,OTHER
4414466,UNKNOWN,5,5,0,1,Other_Unknown,STATION WAGON/SPORT UTILITY VEHICLE
4414653,QUEENS,5,16,1,1,Aggressive_Driving,SEDAN
4423513,UNKNOWN,6,13,0,0,Human_Error,SEDAN
4493687,BRONX,1,10,0,0,Human_Error,SEDAN
4414740,QUEENS,5,11,0,1,Distraction,SEDAN
4459874,QUEENS,9,20,0,0,Distraction,STATION WAGON/SPORT UTILITY VEHICLE
4460378,BRONX,9,15,0,0,Human_Error,SEDAN
4487879,UNKNOWN,12,17,1,1,Distraction,STATION WAGON/SPORT UTILITY VEHICLE
4432782,BROOKLYN,6,17,1,1,Aggressive_Driving,SEDAN
4543867,QUEENS,7,8,1,1,Other_Unknown,SEDAN
4423941,BROOKLYN,6,20,0,1,Human_Error,SEDAN
4493982,MANHATTAN,1,18,1,0,Aggressive_Driving,SEDAN
4493895,BROOKLYN,1,22,0,0,Distraction,STATION WAGON/SPORT UTILITY VEHICLE
4494329,BRONX,1,6,0,0,Road_Conditions,SEDAN
4423709,BROOKLYN,6,10,0,1,Other_Unknown,SEDAN
4424477,UNKNOWN,6,23,0,0,Other_Unknown,MOTORCYCLE
4566576,BROOKLYN,9,23,0,0,Other_Unknown,STATION WAGON/SPORT UTILITY VEHICLE
4460609,UNKNOWN,9,17,1,0,Other_Unknown,STATION WAGON/SPORT UTILITY VEHICLE
4464529,UNKNOWN,10,19,0,0,Human_Error,STATION WAGON/SPORT UTILITY VEHICLE
4485340,BRONX,12,11,0,0,Other_Unknown,STATION WAGON/SPORT UTILITY VEHICLE
4407852,QUEENS,4,14,0,0,Distraction,SEDAN
4416244,QUEENS,5,18,1,0,Other_Unknown,STATION WAGON/SPORT UTILITY VEHICLE
4491001,BROOKLYN,12,9,1,1,Distraction,SEDAN
4407534,UNKNOWN,4,16,1,0,Human_Error,SEDAN
4415638,UNKNOWN,5,12,0,0,DUI_Drugs,STATION WAGON/SPORT UTILITY VEHICLE
4407992,QUEENS,4,9,1,0,Human_Error,SEDAN
4491465,QUEENS,12,21,0,1,Other_Unknown,STATION WAGON/SPORT UTILITY VEHICLE
4408393,BRONX,4,9,1,0,Aggressive_Driving,SEDAN
4415799,QUEENS,5,10,0,0,Aggressive_Driving,SEDAN
4408761,UNKNOWN,3,18,1,0,Human_Error,BIKE
4465075,UNKNOWN,10,20,0,0,Human_Error,SEDAN
4465936,QUEENS,9,1,0,0,Distraction,SEDAN
4598277,BRONX,1,0,0,0,Other_Unknown,STATION WAGON/SPORT UTILITY VEHICLE
4465482,BRONX,10,16,1,0,Distraction,OTHER
4408814,BROOKLYN,4,19,0,0,Distraction,STATION WAGON/SPORT UTILITY VEHICLE
4417481,BROOKLYN,5,11,0,0,Other_Unknown,STATION WAGON/SPORT UTILITY VEHICLE
4465594,UNKNOWN,10,12,0,0,Distraction,SEDAN
4542958,QUEENS,6,17,1,0,Human_Error,STATION WAGON/SPORT UTILITY VEHICLE
4409251,QUEENS,4,16,1,0,Road_Conditions,SEDAN
4425974,UNKNOWN,6,2,0,1,Aggressive_Driving,STATION WAGON/SPORT UTILITY VEHICLE
4487540,BROOKLYN,12,9,1,0,Human_Error,STATION WAGON/SPORT UTILITY VEHICLE
4425886,BROOKLYN,6,21,0,0,Human_Error,STATION WAGON/SPORT UTILITY VEHICLE
4418283,MANHATTAN,5,14,0,0,Human_Error,STATION WAGON/SPORT UTILITY VEHICLE
4457323,MANHATTAN,9,0,0,0,Other_Unknown,SEDAN
4457052,BRONX,9,16,1,0,Human_Error,OTHER
4543310,MANHATTAN,6,22,0,0,Human_Error,BIKE
4489029,UNKNOWN,12,12,0,0,Aggressive_Driving,SEDAN
4426725,BRONX,6,16,1,1,Other_Unknown,STATION WAGON/SPORT UTILITY VEHICLE
4410347,BROOKLYN,4,19,0,0,Other_Unknown,STATION WAGON/SPORT UTILITY VEHICLE
4461793,MANHATTAN,9,18,1,0,Other_Unknown,TAXI
4427291,UNKNOWN,6,2,0,0,Vehicle_Fail,STATION WAGON/SPORT UTILITY VEHICLE
4409967,QUEENS,4,6,0,0,Human_Error,SEDAN
4457315,BRONX,9,7,1,0,Other_Unknown,OTHER
4487676,QUEENS,12,11,0,0,Human_Error,SEDAN
4410671,BROOKLYN,4,21,0,0,Human_Error,SEDAN
4410624,MANHATTAN,4,9,1,1,Other_Unknown,TAXI
4486089,BROOKLYN,12,15,0,0,Aggressive_Driving,STATION WAGON/SPORT UTILITY VEHICLE
4487299,BROOKLYN,12,15,0,0,Aggressive_Driving,STATION WAGON/SPORT UTILITY VEHICLE
4411231,MANHATTAN,4,19,0,0,Distraction,SEDAN
4516591,MANHATTAN,4,18,1,1,Other_Unknown,TAXI
4542296,QUEENS,6,17,1,0,Other_Unknown,SEDAN
4491942,MANHATTAN,1,20,0,0,Other_Unknown,SEDAN
4516480,UNKNOWN,3,10,0,0,Other_Unknown,STATION WAGON/SPORT UTILITY VEHICLE
4516511,QUEENS,3,15,0,0,Distraction,PICK-UP TRUCK
4542286,UNKNOWN,6,14,0,0,Distraction,OTHER
4429162,UNKNOWN,6,22,0,0,Aggressive_Driving,SEDAN
4428172,UNKNOWN,6,8,1,0,Human_Error,OTHER
4411850,BROOKLYN,4,10,0,0,Human_Error,UNKNOWN
4419728,QUEENS,5,20,0,1,Distraction,STATION WAGON/SPORT UTILITY VEHICLE
4458330,BRONX,9,21,0,0,Other_Unknown,STATION WAGON/SPORT UTILITY VEHICLE
4458770,BRONX,9,11,0,0,Aggressive_Driving,BOX TRUCK
4514630,BROOKLYN,3,22,0,0,Other_Unknown,UNKNOWN
4411333,BROOKLYN,4,4,0,0,Other_Unknown,STATION WAGON/SPORT UTILITY VEHICLE
4516250,QUEENS,4,15,0,0,Other_Unknown,STATION WAGON/SPORT UTILITY VEHICLE
4411935,BROOKLYN,4,5,0,0,Human_Error,SEDAN
4412652,UNKNOWN,4,8,1,0,Human_Error,SEDAN
4516380,QUEENS,4,12,0,0,Human_Error,STATION WAGON/SPORT UTILITY VEHICLE
4430172,QUEENS,6,21,0,0,DUI_Drugs,STATION WAGON/SPORT UTILITY VEHICLE
4492599,UNKNOWN,1,18,1,0,Distraction,SEDAN
4459365,UNKNOWN,9,12,0,1,Other_Unknown,STATION WAGON/SPORT UTILITY VEHICLE
4542846,UNKNOWN,7,20,0,0,Aggressive_Driving,SEDAN
4421755,UNKNOWN,5,19,0,0,Human_Error,SEDAN
4429659,BROOKLYN,6,4,0,0,Distraction,SEDAN
4413838,UNKNOWN,4,15,0,0,Other_Unknown,SEDAN
4492979,QUEENS,1,12,0,1,Human_Error,BOX TRUCK
4514747,QUEENS,3,8,1,0,Human_Error,SEDAN
4431447,QUEENS,6,18,1,0,Distraction,STATION WAGON/SPORT UTILITY VEHICLE
4421801,UNKNOWN,5,12,0,1,Road_Conditions,STATION WAGON/SPORT UTILITY VEHICLE
4463774,UNKNOWN,10,13,0,1,Human_Error,SEDAN
4431190,UNKNOWN,6,2,0,0,Other_Unknown,SEDAN
4431647,BRONX,6,18,1,0,Distraction,SEDAN
4514332,UNKNOWN,3,20,0,0,Human_Error,STATION WAGON/SPORT UTILITY VEHICLE
4515276,BRONX,3,11,0,0,Aggressive_Driving,SEDAN
4493679,BRONX,1,3,0,0,Road_Conditions,STATION WAGON/SPORT UTILITY VEHICLE
4414725,BROOKLYN,5,12,0,0,Vehicle_Fail,PICK-UP TRUCK
4432129,BROOKLYN,6,2,0,0,Other_Unknown,SEDAN
4460403,BRONX,9,14,0,0,Other_Unknown,OTHER
4567086,QUEENS,9,20,0,0,Aggressive_Driving,SEDAN
4415206,MANHATTAN,5,10,0,0,Distraction,TAXI
4415319,BROOKLYN,5,17,1,1,Other_Unknown,STATION WAGON/SPORT UTILITY VEHICLE
4423922,UNKNOWN,6,18,1,0,Aggressive_Driving,BIKE
4423298,QUEENS,6,6,0,0,Distraction,SEDAN
4488333,BRONX,12,16,1,0,Other_Unknown,SEDAN
4432392,MANHATTAN,6,18,1,0,Aggressive_Driving,TAXI
4432828,MANHATTAN,6,21,0,0,Distraction,STATION WAGON/SPORT UTILITY VEHICLE
4424654,UNKNOWN,5,0,0,0,Human_Error,BUS
4488529,QUEENS,12,19,0,0,Other_Unknown,STATION WAGON/SPORT UTILITY VEHICLE
4494235,QUEENS,1,13,0,1,Human_Error,UNKNOWN
4424710,UNKNOWN,5,14,0,0,Other_Unknown,SEDAN
4424352,BROOKLYN,6,15,0,0,Other_Unknown,STATION WAGON/SPORT UTILITY VEHICLE
4515148,BROOKLYN,3,16,1,0,Distraction,SEDAN
4460586,QUEENS,9,6,0,0,Other_Unknown,STATION WAGON/SPORT UTILITY VEHICLE
4485866,QUEENS,12,7,1,0,Aggressive_Driving,SEDAN
4513701,STATEN ISLAND,3,13,0,1,Other_Unknown,STATION WAGON/SPORT UTILITY VEHICLE
4408229,UNKNOWN,4,17,1,0,Human_Error,STATION WAGON/SPORT UTILITY VEHICLE
4415491,UNKNOWN,5,18,1,0,Human_Error,SEDAN
4415944,UNKNOWN,5,15,0,0,Human_Error,SEDAN
4407826,UNKNOWN,4,12,0,0,Distraction,SEDAN
4455924,UNKNOWN,9,11,0,1,Distraction,STATION WAGON/SPORT UTILITY VEHICLE
4456123,UNKNOWN,9,18,1,1,Other_Unknown,SEDAN
4490903,UNKNOWN,12,10,0,0,Road_Conditions,STATION WAGON/SPORT UTILITY VEHICLE
4408664,BRONX,4,18,1,0,Other_Unknown,STATION WAGON/SPORT UTILITY VEHICLE
4490750,BROOKLYN,12,14,0,0,Human_Error,STATION WAGON/SPORT UTILITY VEHICLE
4461276,MANHATTAN,9,15,0,0,Human_Error,SEDAN
4490547,QUEENS,12,16,1,0,Other_Unknown,STATION WAGON/SPORT UTILITY VEHICLE
4460477,QUEENS,9,3,0,0,Other_Unknown,SEDAN
4465826,UNKNOWN,10,16,1,1,Distraction,SEDAN
4408873,UNKNOWN,4,15,0,1,Human_Error,SEDAN
4408617,BROOKLYN,4,0,0,1,Other_Unknown,SEDAN
4408183,BROOKLYN,4,10,0,1,Distraction,SEDAN
4465289,BRONX,10,17,1,0,Human_Error,SEDAN
4542655,QUEENS,6,9,1,0,Distraction,SEDAN
4598241,BROOKLYN,1,17,1,0,Other_Unknown,PICK-UP TRUCK
4542233,BRONX,6,7,1,0,Aggressive_Driving,STATION WAGON/SPORT UTILITY VEHICLE
4417486,BROOKLYN,5,2,0,1,Human_Error,STATION WAGON/SPORT UTILITY VEHICLE
4409301,UNKNOWN,4,14,0,0,Other_Unknown,STATION WAGON/SPORT UTILITY VEHICLE
4425128,QUEENS,6,0,0,0,Other_Unknown,STATION WAGON/SPORT UTILITY VEHICLE
4461663,BRONX,9,12,0,1,Other_Unknown,STATION WAGON/SPORT UTILITY VEHICLE
4418117,BRONX,5,18,1,0,Human_Error,E-BIKE
4425794,UNKNOWN,5,15,0,1,Aggressive_Driving,STATION WAGON/SPORT UTILITY VEHICLE
4418126,BROOKLYN,5,18,1,1,Aggressive_Driving,SEDAN
4516214,UNKNOWN,4,14,0,1,Aggressive_Driving,STATION WAGON/SPORT UTILITY VEHICLE
4515873,BROOKLYN,4,10,0,1,Other_Unknown,STATION WAGON/SPORT UTILITY VEHICLE
4457067,UNKNOWN,9,1,0,0,Other_Unknown,SEDAN
4488911,QUEENS,12,18,1,0,Human_Error,SEDAN
4416845,BROOKLYN,5,17,1,0,Human_Error,SEDAN
4456528,MANHATTAN,9,0,0,0,Human_Error,SEDAN
4409472,UNKNOWN,4,5,0,0,Other_Unknown,SEDAN
4409245,MANHATTAN,4,10,0,0,Other_Unknown,TAXI
4409286,QUEENS,4,12,0,0,Other_Unknown,STATION WAGON/SPORT UTILITY VEHICLE
4462318,QUEENS,9,7,1,0,Human_Error,SEDAN
4466088,BROOKLYN,10,11,0,1,Human_Error,STATION WAGON/SPORT UTILITY VEHICLE
4427975,BRONX,6,12,0,1,Other_Unknown,STATION WAGON/SPORT UTILITY VEHICLE
4428074,UNKNOWN,6,17,1,0,Human_Error,PICK-UP TRUCK
4489360,BROOKLYN,12,13,0,0,Human_Error,STATION WAGON/SPORT UTILITY VEHICLE
4419317,BROOKLYN,5,17,1,1,Other_Unknown,STATION WAGON/SPORT UTILITY VEHICLE
4419043,UNKNOWN,5,14,0,1,Other_Unknown,SEDAN
4462001,UNKNOWN,9,15,0,0,Human_Error,STATION WAGON/SPORT UTILITY VEHICLE
4458559,UNKNOWN,9,23,0,0,Human_Error,SEDAN
4458699,UNKNOWN,9,3,0,0,Distraction,STATION WAGON/SPORT UTILITY VEHICLE
4411630,BROOKLYN,4,21,0,0,Distraction,SEDAN
4458136,UNKNOWN,9,7,1,0,Human_Error,SEDAN
4457927,UNKNOWN,9,16,1,0,Other_Unknown,STATION WAGON/SPORT UTILITY VEHICLE
4427884,BROOKLYN,6,0,0,0,Human_Error,STATION WAGON/SPORT UTILITY VEHICLE
4458361,BROOKLYN,9,17,1,0,Distraction,SEDAN
4458268,UNKNOWN,9,19,0,0,Distraction,STATION WAGON/SPORT UTILITY VEHICLE
4490240,STATEN ISLAND,12,4,0,0,Other_Unknown,STATION WAGON/SPORT UTILITY VEHICLE
4516728,UNKNOWN,9,10,0,0,Other_Unknown,STATION WAGON/SPORT UTILITY VEHICLE
4463478,UNKNOWN,9,8,1,0,Distraction,SEDAN
4430153,BRONX,6,21,0,0,Other_Unknown,SEDAN
4412916,BRONX,5,14,0,1,Other_Unknown,UNKNOWN
4459293,UNKNOWN,9,19,0,0,Other_Unknown,BIKE
4421293,BROOKLYN,5,19,0,0,Other_Unknown,STATION WAGON/SPORT UTILITY VEHICLE
4429872,UNKNOWN,6,11,0,0,Human_Error,STATION WAGON/SPORT UTILITY VEHICLE
4413397,UNKNOWN,4,13,0,0,Distraction,STATION WAGON/SPORT UTILITY VEHICLE
4412547,BROOKLYN,5,6,0,1,Distraction,STATION WAGON/SPORT UTILITY VEHICLE
4421416,UNKNOWN,5,12,0,0,Aggressive_Driving,OTHER
4420947,UNKNOWN,5,17,1,0,Human_Error,SEDAN
4430457,QUEENS,6,7,1,0,Other_Unknown,SEDAN
4412586,QUEENS,5,21,0,1,Aggressive_Driving,TAXI
4488104,BRONX,12,19,0,1,Human_Error,SEDAN
4543605,UNKNOWN,7,15,0,1,Aggressive_Driving,STATION WAGON/SPORT UTILITY VEHICLE
4458692,BROOKLYN,9,12,0,1,Distraction,SEDAN
4430111,QUEENS,6,7,1,0,Aggressive_Driving,STATION WAGON/SPORT UTILITY VEHICLE
4421151,QUEENS,5,20,0,0,Distraction,OTHER
4431344,BROOKLYN,6,16,1,0,Other_Unknown,SEDAN
4521771,BRONX,4,11,0,1,Human_Error,STATION WAGON/SPORT UTILITY VEHICLE
4492947,BRONX,1,10,0,1,Other_Unknown,SEDAN
4422793,STATEN ISLAND,5,6,0,1,Other_Unknown,SEDAN
4423204,QUEENS,5,23,0,0,Aggressive_Driving,SEDAN
4490302,QUEENS,12,17,1,0,Human_Error,STATION WAGON/SPORT UTILITY VEHICLE
4431279,UNKNOWN,6,13,0,1,Other_Unknown,SEDAN
4431757,BRONX,6,14,0,0,Human_Error,SEDAN
4431716,UNKNOWN,6,20,0,1,Human_Error,STATION WAGON/SPORT UTILITY VEHICLE
4424123,UNKNOWN,6,19,0,0,Human_Error,STATION WAGON/SPORT UTILITY VEHICLE
4415058,MANHATTAN,5,21,0,1,Aggressive_Driving,STATION WAGON/SPORT UTILITY VEHICLE
4494057,MANHATTAN,12,12,0,0,Other_Unknown,BUS
4760044,UNKNOWN,9,9,1,1,Road_Conditions,OTHER
4423868,BROOKLYN,5,13,0,0,Aggressive_Driving,SEDAN
4423841,UNKNOWN,6,9,1,0,Other_Unknown,STATION WAGON/SPORT UTILITY VEHICLE
4432627,MANHATTAN,6,15,0,1,Distraction,STATION WAGON/SPORT UTILITY VEHICLE
4414972,BRONX,5,16,1,1,Other_Unknown,STATION WAGON/SPORT UTILITY VEHICLE
4415321,BROOKLYN,5,1,0,1,Other_Unknown,SEDAN
4415443,UNKNOWN,5,11,0,1,Other_Unknown,STATION WAGON/SPORT UTILITY VEHICLE
4464192,BROOKLYN,10,10,0,0,Other_Unknown,OTHER
4543868,BRONX,6,19,0,0,Human_Error,STATION WAGON/SPORT UTILITY VEHICLE
4543981,BROOKLYN,7,16,1,1,Aggressive_Driving,SEDAN
4488790,UNKNOWN,12,14,0,0,Distraction,SEDAN
4542562,QUEENS,7,16,1,0,Other_Unknown,STATION WAGON/SPORT UTILITY VEHICLE
4567352,UNKNOWN,9,16,1,0,Aggressive_Driving,TAXI
4486960,UNKNOWN,12,6,0,0,Other_Unknown,UNKNOWN
4464899,BROOKLYN,10,11,0,0,Distraction,SEDAN
4484930,UNKNOWN,12,5,0,0,Other_Unknown,SEDAN
4455935,BROOKLYN,9,21,0,1,Human_Error,SEDAN
4490665,STATEN ISLAND,12,0,0,0,Human_Error,STATION WAGON/SPORT UTILITY VEHICLE
4408705,UNKNOWN,4,18,1,0,Other_Unknown,SEDAN
4425958,MANHATTAN,6,19,0,0,Distraction,TAXI
4409207,BROOKLYN,4,0,0,0,Other_Unknown,SEDAN
4426044,BRONX,6,22,0,0,Distraction,STATION WAGON/SPORT UTILITY VEHICLE
4425704,MANHATTAN,6,16,1,0,Human_Error,SEDAN
4426464,QUEENS,6,18,1,0,Human_Error,SEDAN
4426736,BRONX,6,18,1,0,Distraction,PICK-UP TRUCK
4426540,BROOKLYN,6,17,1,0,Distraction,SEDAN
4487030,QUEENS,12,18,1,0,Human_Error,BOX TRUCK
4487326,QUEENS,12,22,0,0,Distraction,STATION WAGON/SPORT UTILITY VEHICLE
4461349,UNKNOWN,9,20,0,1,Distraction,SEDAN
4426114,UNKNOWN,6,9,1,0,Distraction,STATION WAGON/SPORT UTILITY VEHICLE
4417488,BROOKLYN,5,14,0,0,Other_Unknown,SEDAN
4409450,BRONX,4,8,1,0,Human_Error,SEDAN
4489188,QUEENS,12,14,0,0,Distraction,BOX TRUCK
4486964,QUEENS,12,8,1,0,Distraction,SEDAN
4485142,MANHATTAN,12,13,0,0,Other_Unknown,SEDAN
4457463,QUEENS,9,11,0,0,Other_Unknown,SEDAN
4425453,MANHATTAN,5,18,1,0,Distraction,TAXI
4513690,BROOKLYN,3,14,0,1,Human_Error,TAXI
4460993,STATEN ISLAND,9,7,1,0,Other_Unknown,SEDAN
4417430,UNKNOWN,5,11,0,1,Other_Unknown,STATION WAGON/SPORT UTILITY VEHICLE
4457525,BRONX,9,7,1,0,Other_Unknown,STATION WAGON/SPORT UTILITY VEHICLE
4461402,BROOKLYN,9,20,0,1,Distraction,SEDAN
4426790,BRONX,6,13,0,1,Distraction,STATION WAGON/SPORT UTILITY VEHICLE
4427624,QUEENS,6,19,0,0,Human_Error,OTHER
4409983,UNKNOWN,4,11,0,0,Distraction,SEDAN
4410351,BROOKLYN,4,21,0,0,Human_Error,STATION WAGON/SPORT UTILITY VEHICLE
4427150,BROOKLYN,6,14,0,0,Distraction,SEDAN
4410872,UNKNOWN,4,11,0,0,Human_Error,STATION WAGON/SPORT UTILITY VEHICLE
4410036,UNKNOWN,4,6,0,1,Distraction,SEDAN
4410201,UNKNOWN,4,5,0,1,DUI_Drugs,SEDAN
4489507,BROOKLYN,12,17,1,0,Other_Unknown,SEDAN
4514629,BROOKLYN,3,1,0,0,Distraction,SEDAN
4462083,QUEENS,9,16,1,0,Other_Unknown,OTHER
4491742,UNKNOWN,1,17,1,0,Aggressive_Driving,SEDAN
4492364,BRONX,1,1,0,1,Distraction,OTHER
4491949,BRONX,1,9,1,0,Other_Unknown,BUS
4411070,QUEENS,4,16,1,0,Distraction,SEDAN
4411598,STATEN ISLAND,4,17,1,0,Human_Error,SEDAN
4428650,UNKNOWN,6,14,0,0,Other_Unknown,SEDAN
4458316,UNKNOWN,9,23,0,0,Other_Unknown,SEDAN
4427932,UNKNOWN,6,16,1,0,Human_Error,STATION WAGON/SPORT UTILITY VEHICLE
4419456,QUEENS,5,17,1,1,Distraction,SEDAN
4411599,UNKNOWN,4,8,1,0,Other_Unknown,SEDAN
4411113,BROOKLYN,4,13,0,0,Distraction,STATION WAGON/SPORT UTILITY VEHICLE
4428990,QUEENS,6,8,1,0,Human_Error,STATION WAGON/SPORT UTILITY VEHICLE
4457393,UNKNOWN,9,6,0,0,Aggressive_Driving,SEDAN
4458102,UNKNOWN,9,13,0,0,Distraction,SEDAN
4458348,BROOKLYN,9,16,1,0,Other_Unknown,BIKE
4457695,BRONX,9,17,1,0,Other_Unknown,OTHER
4428905,UNKNOWN,6,10,0,1,Other_Unknown,SEDAN
4490154,UNKNOWN,12,21,0,1,Other_Unknown,SEDAN
4515694,BRONX,4,1,0,0,Aggressive_Driving,SEDAN
4513951,BROOKLYN,3,0,0,1,Human_Error,SEDAN
4513855,QUEENS,3,13,0,1,Distraction,STATION WAGON/SPORT UTILITY VEHICLE
4513797,QUEENS,3,10,0,1,Human_Error,STATION WAGON/SPORT UTILITY VEHICLE
4420320,UNKNOWN,5,11,0,0,Distraction,STATION WAGON/SPORT UTILITY VEHICLE
4412125,BRONX,4,11,0,0,Other_Unknown,STATION WAGON/SPORT UTILITY VEHICLE
4420851,BROOKLYN,5,13,0,0,Other_Unknown,SEDAN
4412036,MANHATTAN,4,19,0,0,Other_Unknown,SEDAN
4411912,MANHATTAN,4,6,0,0,Aggressive_Driving,TAXI
4463583,UNKNOWN,10,10,0,0,Human_Error,SEDAN
4411980,BROOKLYN,4,16,1,0,Other_Unknown,SEDAN
4493086,UNKNOWN,1,14,0,0,Other_Unknown,STATION WAGON/SPORT UTILITY VEHICLE
4492825,UNKNOWN,1,10,0,0,Other_Unknown,SEDAN
4458460,BROOKLYN,9,22,0,1,Human_Error,STATION WAGON/SPORT UTILITY VEHICLE
4459033,QUEENS,9,20,0,1,Distraction,STATION WAGON/SPORT UTILITY VEHICLE
4412642,QUEENS,5,17,1,1,Human_Error,SEDAN
4493079,UNKNOWN,1,18,1,0,Other_Unknown,STATION WAGON/SPORT UTILITY VEHICLE
4462299,UNKNOWN,9,16,1,0,Other_Unknown,SEDAN
4493041,QUEENS,1,9,1,1,Distraction,STATION WAGON/SPORT UTILITY VEHICLE
4485431,UNKNOWN,12,17,1,0,Distraction,SEDAN
4431203,BROOKLYN,6,1,0,0,Other_Unknown,SEDAN
4413966,UNKNOWN,4,8,1,0,Distraction,PICK-UP TRUCK
4430612,QUEENS,6,16,1,0,Other_Unknown,STATION WAGON/SPORT UTILITY VEHICLE
4413476,BROOKLYN,5,10,0,0,Other_Unknown,STATION WAGON/SPORT UTILITY VEHICLE
4413323,QUEENS,5,17,1,0,Other_Unknown,STATION WAGON/SPORT UTILITY VEHICLE
4463412,UNKNOWN,10,22,0,1,Other_Unknown,STATION WAGON/SPORT UTILITY VEHICLE
4422926,UNKNOWN,5,23,0,0,Aggressive_Driving,SEDAN
4459972,UNKNOWN,9,23,0,1,Other_Unknown,STATION WAGON/SPORT UTILITY VEHICLE
4422577,QUEENS,5,8,1,0,Other_Unknown,STATION WAGON/SPORT UTILITY VEHICLE
4463967,BROOKLYN,10,14,0,1,Distraction,STATION WAGON/SPORT UTILITY VEHICLE
4516996,QUEENS,3,20,0,0,Aggressive_Driving,STATION WAGON/SPORT UTILITY VEHICLE
4485396,QUEENS,12,2,0,0,Human_Error,SEDAN
4543498,QUEENS,7,20,0,1,Other_Unknown,SEDAN
4431766,UNKNOWN,6,11,0,0,Other_Unknown,TAXI
4490636,QUEENS,12,18,1,1,Human_Error,SEDAN
4431931,UNKNOWN,6,10,0,0,Other_Unknown,SEDAN
4431181,UNKNOWN,6,23,0,1,Other_Unknown,SEDAN
4431144,UNKNOWN,6,17,1,1,Human_Error,MOTORCYCLE
4414828,UNKNOWN,5,18,1,0,Distraction,SEDAN
4463648,BROOKLYN,10,20,0,1,Human_Error,TAXI
4493546,UNKNOWN,1,19,0,1,Road_Conditions,STATION WAGON/SPORT UTILITY VEHICLE
4431896,UNKNOWN,6,17,1,1,Distraction,STATION WAGON/SPORT UTILITY VEHICLE
4414192,MANHATTAN,5,22,0,0,Distraction,SEDAN
4488355,MANHATTAN,12,21,0,0,Other_Unknown,SEDAN
4432191,BROOKLYN,6,7,1,0,Human_Error,OTHER
4423048,BROOKLYN,6,16,1,0,Distraction,SEDAN
4414755,BROOKLYN,5,21,0,1,Human_Error,SEDAN
4493527,UNKNOWN,1,14,0,0,Distraction,STATION WAGON/SPORT UTILITY VEHICLE
4423267,BROOKLYN,6,18,1,0,Distraction,STATION WAGON/SPORT UTILITY VEHICLE
4544116,QUEENS,6,16,1,0,Other_Unknown,STATION WAGON/SPORT UTILITY VEHICLE
4543536,MANHATTAN,7,11,0,0,Distraction,SEDAN
4543017,MANHATTAN,6,20,0,0,Other_Unknown,OTHER
4489089,BROOKLYN,12,17,1,0,Human_Error,OTHER
4515149,UNKNOWN,3,11,0,0,Distraction,STATION WAGON/SPORT UTILITY VEHICLE
4566987,UNKNOWN,9,15,0,1,Other_Unknown,SEDAN
4460127,UNKNOWN,9,5,0,0,Aggressive_Driving,STATION WAGON/SPORT UTILITY VEHICLE
4424871,UNKNOWN,6,11,0,0,Human_Error,SEDAN
4415582,UNKNOWN,5,19,0,0,Other_Unknown,SEDAN
4490436,QUEENS,12,7,1,0,Distraction,BOX TRUCK
4490881,UNKNOWN,12,6,0,0,Aggressive_Driving,SEDAN
4491251,BROOKLYN,12,12,0,0,Other_Unknown,STATION WAGON/SPORT UTILITY VEHICLE
4415871,BROOKLYN,5,14,0,0,Distraction,STATION WAGON/SPORT UTILITY VEHICLE
4424761,QUEENS,6,3,0,0,DUI_Drugs,STATION WAGON/SPORT UTILITY VEHICLE
4416742,UNKNOWN,5,11,0,0,Human_Error,SEDAN
4424918,UNKNOWN,6,8,1,0,Other_Unknown,STATION WAGON/SPORT UTILITY VEHICLE
4514711,UNKNOWN,3,21,0,0,Other_Unknown,SEDAN
4515038,BRONX,3,10,0,0,Distraction,OTHER
4464833,UNKNOWN,10,18,1,0,Other_Unknown,STATION WAGON/SPORT UTILITY VEHICLE
4408863,UNKNOWN,4,22,0,1,Aggressive_Driving,SEDAN
4409188,UNKNOWN,4,15,0,0,Human_Error,SEDAN
4417756,BRONX,5,17,1,0,Other_Unknown,SEDAN
4486763,MANHATTAN,12,5,0,0,Other_Unknown,SEDAN
4426848,QUEENS,6,10,0,0,Human_Error,STATION WAGON/SPORT UTILITY VEHICLE
4417655,UNKNOWN,5,20,0,0,Other_Unknown,SEDAN
4417899,BROOKLYN,5,15,0,0,Other_Unknown,STATION WAGON/SPORT UTILITY VEHICLE
4516256,UNKNOWN,4,9,1,1,Distraction,SEDAN
4409563,MANHATTAN,3,8,1,0,Distraction,STATION WAGON/SPORT UTILITY VEHICLE
4487878,QUEENS,12,16,1,1,Other_Unknown,SEDAN
4465637,BROOKLYN,10,14,0,1,Distraction,STATION WAGON/SPORT UTILITY VEHICLE
4409722,UNKNOWN,4,21,0,0,Other_Unknown,STATION WAGON/SPORT UTILITY VEHICLE
4410079,UNKNOWN,4,20,0,0,Other_Unknown,STATION WAGON/SPORT UTILITY VEHICLE
4409789,BROOKLYN,4,11,0,0,Other_Unknown,STATION WAGON/SPORT UTILITY VEHICLE
4457461,QUEENS,9,19,0,0,Human_Error,SEDAN
4466128,BROOKLYN,10,11,0,1,Distraction,BOX TRUCK
4504382,BROOKLYN,2,18,1,1,Human_Error,SEDAN
4418390,BRONX,5,19,0,0,Other_Unknown,STATION WAGON/SPORT UTILITY VEHICLE
4427531,MANHATTAN,6,13,0,0,Distraction,OTHER
4515884,QUEENS,4,2,0,1,Other_Unknown,SEDAN
4516060,BRONX,4,4,0,1,Other_Unknown,SEDAN
4411238,MANHATTAN,4,0,0,1,Human_Error,STATION WAGON/SPORT UTILITY VEHICLE
4419826,UNKNOWN,5,2,0,0,Human_Error,SEDAN
4516358,BROOKLYN,4,0,0,1,Aggressive_Driving,SEDAN
4428655,UNKNOWN,6,6,0,0,Human_Error,OTHER
4420231,MANHATTAN,5,0,0,0,Other_Unknown,SEDAN
4420154,QUEENS,5,13,0,1,Human_Error,SEDAN
4489524,QUEENS,12,15,0,1,Aggressive_Driving,SEDAN
4420567,UNKNOWN,5,9,1,0,Human_Error,OTHER
4458128,MANHATTAN,9,21,0,0,Distraction,SEDAN
4420220,MANHATTAN,5,23,0,0,Human_Error,STATION WAGON/SPORT UTILITY VEHICLE
4458796,BROOKLYN,9,16,1,0,Distraction,SEDAN
4566055,UNKNOWN,9,12,0,0,Distraction,SEDAN
4429256,QUEENS,6,0,0,1,Other_Unknown,MOTORCYCLE
4463879,BROOKLYN,9,20,0,0,Human_Error,SEDAN
4598064,BRONX,1,12,0,1,Other_Unknown,STATION WAGON/SPORT UTILITY VEHICLE
4421274,UNKNOWN,5,7,1,0,Human_Error,SEDAN
4412820,QUEENS,5,7,1,1,Distraction,PICK-UP TRUCK
4421272,MANHATTAN,5,20,0,0,Human_Error,SEDAN
4458905,UNKNOWN,9,22,0,1,Human_Error,SEDAN
4492929,BRONX,1,15,0,0,Other_Unknown,STATION WAGON/SPORT UTILITY VEHICLE
4543473,UNKNOWN,6,2,0,0,Vehicle_Fail,SEDAN
4421591,UNKNOWN,5,13,0,1,Human_Error,STATION WAGON/SPORT UTILITY VEHICLE
4515375,MANHATTAN,3,14,0,1,Human_Error,STATION WAGON/SPORT UTILITY VEHICLE
4485257,QUEENS,12,15,0,0,Distraction,STATION WAGON/SPORT UTILITY VEHICLE
4431316,BROOKLYN,6,15,0,0,Other_Unknown,SEDAN
4430173,BROOKLYN,6,12,0,0,Other_Unknown,SEDAN
4422575,QUEENS,5,4,0,0,Other_Unknown,STATION WAGON/SPORT UTILITY VEHICLE
4463306,MANHATTAN,10,16,1,1,Human_Error,OTHER
4490617,QUEENS,12,19,0,0,Distraction,SEDAN
4488951,UNKNOWN,12,18,1,1,Human_Error,SEDAN
4414731,UNKNOWN,5,1,0,0,Distraction,STATION WAGON/SPORT UTILITY VEHICLE
4414813,BROOKLYN,5,17,1,0,Distraction,SEDAN
4414487,QUEENS,5,20,0,0,Human_Error,UNKNOWN
4422684,UNKNOWN,6,17,1,0,Aggressive_Driving,STATION WAGON/SPORT UTILITY VEHICLE
4493931,BROOKLYN,1,11,0,1,Other_Unknown,SEDAN
4414593,UNKNOWN,5,20,0,0,Distraction,SEDAN
4515408,BROOKLYN,4,20,0,0,Human_Error,STATION WAGON/SPORT UTILITY VEHICLE
4493213,BRONX,1,8,1,1,Human_Error,SEDAN
4414470,BRONX,5,14,0,0,Other_Unknown,BOX TRUCK
4488594,MANHATTAN,12,16,1,0,Distraction,STATION WAGON/SPORT UTILITY VEHICLE
4414908,MANHATTAN,5,15,0,1,Other_Unknown,BIKE
4423810,QUEENS,6,13,0,0,Other_Unknown,SEDAN
4543802,BROOKLYN,7,0,0,0,Other_Unknown,SEDAN
4543334,UNKNOWN,7,16,1,0,Aggressive_Driving,SEDAN
4432467,MANHATTAN,6,19,0,0,Other_Unknown,SEDAN
4432461,BROOKLYN,6,15,0,0,Human_Error,STATION WAGON/SPORT UTILITY VEHICLE
4432927,UNKNOWN,6,1,0,0,Other_Unknown,SEDAN
4543695,QUEENS,7,22,0,0,Human_Error,SEDAN
4566496,MANHATTAN,9,9,1,0,Other_Unknown,OTHER
4460597,BRONX,9,16,1,0,Human_Error,SEDAN
4424234,QUEENS,6,19,0,1,Aggressive_Driving,STATION WAGON/SPORT UTILITY VEHICLE
4423830,UNKNOWN,6,8,1,1,Other_Unknown,STATION WAGON/SPORT UTILITY VEHICLE
4464409,BROOKLYN,10,13,0,0,Other_Unknown,SEDAN
4513795,QUEENS,3,4,0,1,Aggressive_Driving,SEDAN
4486519,MANHATTAN,12,14,0,0,Other_Unknown,SEDAN
4515788,UNKNOWN,4,19,0,1,Aggressive_Driving,SEDAN
4491138,MANHATTAN,12,23,0,0,Aggressive_Driving,OTHER
4491029,QUEENS,12,16,1,0,Human_Error,STATION WAGON/SPORT UTILITY VEHICLE
4414864,UNKNOWN,5,4,0,0,Other_Unknown,OTHER
4424409,BROOKLYN,6,1,0,0,Other_Unknown,SEDAN
4424821,STATEN ISLAND,6,13,0,0,Human_Error,SEDAN
4407408,QUEENS,4,0,0,0,Distraction,SEDAN
4513496,BROOKLYN,3,5,0,1,Other_Unknown,STATION WAGON/SPORT UTILITY VEHICLE
4491634,QUEENS,12,9,1,0,Distraction,SEDAN
4415605,UNKNOWN,5,20,0,0,Distraction,STATION WAGON/SPORT UTILITY VEHICLE
4415433,UNKNOWN,5,16,1,0,Other_Unknown,STATION WAGON/SPORT UTILITY VEHICLE
4515729,BROOKLYN,4,18,1,1,Other_Unknown,SEDAN
4417040,QUEENS,5,3,0,1,Aggressive_Driving,SEDAN
4490926,MANHATTAN,12,15,0,1,Other_Unknown,STATION WAGON/SPORT UTILITY VEHICLE
4461047,BROOKLYN,9,12,0,0,Aggressive_Driving,STATION WAGON/SPORT UTILITY VEHICLE
4485380,BROOKLYN,12,14,0,0,Human_Error,SEDAN
4465859,UNKNOWN,10,15,0,0,Other_Unknown,SEDAN
4465347,UNKNOWN,10,20,0,0,Aggressive_Driving,SEDAN
4456641,UNKNOWN,7,3,0,0,Road_Conditions,SEDAN
4416303,MANHATTAN,5,22,0,0,Aggressive_Driving,SEDAN
4425614,MANHATTAN,6,11,0,0,Distraction,SEDAN
4408774,BRONX,4,17,1,0,Distraction,SEDAN
4408474,BROOKLYN,3,22,0,0,Other_Unknown,SEDAN
4460468,BROOKLYN,9,5,0,0,Human_Error,STATION WAGON/SPORT UTILITY VEHICLE
4490904,UNKNOWN,12,9,1,0,Other_Unknown,STATION WAGON/SPORT UTILITY VEHICLE
4417653,BRONX,5,23,0,1,Distraction,SEDAN
4455987,BROOKLYN,9,1,0,1,Human_Error,SEDAN
4416551,BROOKLYN,5,0,0,1,Other_Unknown,STATION WAGON/SPORT UTILITY VEHICLE
4465802,BROOKLYN,9,23,0,0,Distraction,SEDAN
4416988,UNKNOWN,5,3,0,1,Distraction,STATION WAGON/SPORT UTILITY VEHICLE
4465143,UNKNOWN,10,13,0,0,Aggressive_Driving,BUS
4543066,BROOKLYN,7,13,0,0,Human_Error,SEDAN
4425977,BROOKLYN,6,6,0,0,Human_Error,STATION WAGON/SPORT UTILITY VEHICLE
4417666,BRONX,5,17,1,1,Aggressive_Driving,STATION WAGON/SPORT UTILITY VEHICLE
4426012,BRONX,6,19,0,0,Other_Unknown,STATION WAGON/SPORT UTILITY VEHICLE
4461240,UNKNOWN,9,15,0,1,Aggressive_Driving,SEDAN
4487261,QUEENS,12,17,1,0,Distraction,STATION WAGON/SPORT UTILITY VEHICLE
4417844,MANHATTAN,5,23,0,0,Other_Unknown,STATION WAGON/SPORT UTILITY VEHICLE
4409198,UNKNOWN,4,9,1,0,Other_Unknown,SEDAN
4460437,UNKNOWN,9,7,1,0,Human_Error,STATION WAGON/SPORT UTILITY VEHICLE
4415101,UNKNOWN,5,11,0,0,Human_Error,SEDAN
4415888,UNKNOWN,5,19,0,0,Distraction,OTHER
4456625,BRONX,7,20,0,0,Human_Error,SEDAN
4416392,BRONX,5,18,1,0,Other_Unknown,SEDAN
4455948,BROOKLYN,9,3,0,1,Other_Unknown,STATION WAGON/SPORT UTILITY VEHICLE
4417349,QUEENS,5,17,1,1,Aggressive_Driving,SEDAN
4425607,UNKNOWN,6,15,0,0,Other_Unknown,BIKE
4425955,BRONX,6,17,1,0,Road_Conditions,OTHER
4417679,BROOKLYN,5,16,1,0,Distraction,STATION WAGON/SPORT UTILITY VEHICLE
4417801,BROOKLYN,5,23,0,0,Human_Error,STATION WAGON/SPORT UTILITY VEHICLE
4543229,QUEENS,6,20,0,0,Other_Unknown,STATION WAGON/SPORT UTILITY VEHICLE
4426838,MANHATTAN,6,6,0,1,Other_Unknown,SEDAN
4417856,UNKNOWN,5,4,0,0,Aggressive_Driving,UNKNOWN
4418402,BROOKLYN,5,21,0,0,Distraction,E-BIKE
4417953,UNKNOWN,5,18,1,0,Other_Unknown,SEDAN
4417896,QUEENS,5,7,1,0,Human_Error,STATION WAGON/SPORT UTILITY VEHICLE
4417724,UNKNOWN,5,8,1,0,Other_Unknown,STATION WAGON/SPORT UTILITY VEHICLE
4425463,QUEENS,6,22,0,0,Vehicle_Fail,SEDAN
4415641,UNKNOWN,5,14,0,0,Other_Unknown,OTHER
4407947,UNKNOWN,4,2,0,1,Other_Unknown,SEDAN
4416990,UNKNOWN,5,17,1,1,Other_Unknown,SEDAN
4465466,UNKNOWN,10,17,1,0,Other_Unknown,STATION WAGON/SPORT UTILITY VEHICLE
4417161,MANHATTAN,5,12,0,1,Other_Unknown,SEDAN
4418192,STATEN ISLAND,5,21,0,0,Human_Error,SEDAN
4487987,MANHATTAN,12,7,1,0,Human_Error,STATION WAGON/SPORT UTILITY VEHICLE
4410564,STATEN ISLAND,4,16,1,0,Other_Unknown,SEDAN
4410331,UNKNOWN,4,6,0,0,Distraction,BOX TRUCK
4461642,UNKNOWN,9,15,0,0,Distraction,BUS
4409370,QUEENS,4,15,0,0,Aggressive_Driving,STATION WAGON/SPORT UTILITY VEHICLE
4462107,QUEENS,9,16,1,0,Other_Unknown,STATION WAGON/SPORT UTILITY VEHICLE
4409713,MANHATTAN,4,15,0,0,Other_Unknown,SEDAN
4461496,MANHATTAN,9,5,0,0,Distraction,STATION WAGON/SPORT UTILITY VEHICLE
4457859,MANHATTAN,8,22,0,1,Distraction,TAXI
4543205,BRONX,6,17,1,0,Other_Unknown,SEDAN
4410255,UNKNOWN,4,13,0,1,Other_Unknown,SEDAN
4541909,BRONX,6,8,1,0,Other_Unknown,SEDAN
4514557,BROOKLYN,3,18,1,0,Distraction,SEDAN
4490015,UNKNOWN,12,19,0,0,Human_Error,SEDAN
4411215,MANHATTAN,4,19,0,0,Other_Unknown,SEDAN
4457588,BROOKLYN,9,12,0,0,Human_Error,SEDAN
4462724,UNKNOWN,9,16,1,0,Other_Unknown,SEDAN
4542118,UNKNOWN,6,23,0,0,Other_Unknown,STATION WAGON/SPORT UTILITY VEHICLE
4491852,BROOKLYN,1,2,0,0,Human_Error,SEDAN
4429044,BROOKLYN,6,23,0,1,Other_Unknown,OTHER
4457677,QUEENS,9,0,0,0,Other_Unknown,PICK-UP TRUCK
4488248,QUEENS,12,19,0,0,Other_Unknown,SEDAN
4487502,UNKNOWN,12,23,0,1,Other_Unknown,STATION WAGON/SPORT UTILITY VEHICLE
4465690,STATEN ISLAND,10,13,0,0,Distraction,SEDAN
4408986,BROOKLYN,4,12,0,0,Other_Unknown,SEDAN
4514461,QUEENS,3,0,0,0,Human_Error,SEDAN
4542531,BROOKLYN,6,17,1,0,Human_Error,STATION WAGON/SPORT UTILITY VEHICLE
4456384,BROOKLYN,9,12,0,1,Other_Unknown,SEDAN
4425946,BROOKLYN,6,17,1,0,Aggressive_Driving,SEDAN
4402282,UNKNOWN,3,16,1,0,Distraction,STATION WAGON/SPORT UTILITY VEHICLE
4460924,BROOKLYN,9,18,1,1,Human_Error,SEDAN
4409214,STATEN ISLAND,4,14,0,0,Distraction,PICK-UP TRUCK
4409202,UNKNOWN,4,19,0,0,Other_Unknown,OTHER
4489142,UNKNOWN,12,10,0,0,Aggressive_Driving,SEDAN
4426988,UNKNOWN,6,2,0,1,Human_Error,SEDAN
4418527,UNKNOWN,5,19,0,1,Other_Unknown,SEDAN
4457349,MANHATTAN,9,18,1,0,Other_Unknown,SEDAN
4491365,QUEENS,1,3,0,1,Aggressive_Driving,OTHER
4461532,BRONX,9,6,0,0,Distraction,SEDAN
4410239,QUEENS,4,12,0,0,Distraction,STATION WAGON/SPORT UTILITY VEHICLE
4487903,BROOKLYN,12,22,0,0,Distraction,SEDAN
4418983,MANHATTAN,5,11,0,0,Other_Unknown,STATION WAGON/SPORT UTILITY VEHICLE
4489525,UNKNOWN,12,22,0,1,Vehicle_Fail,SEDAN
4491931,UNKNOWN,1,11,0,1,Other_Unknown,STATION WAGON/SPORT UTILITY VEHICLE
4542374,QUEENS,6,20,0,0,Other_Unknown,SEDAN
4516364,MANHATTAN,4,7,1,1,Aggressive_Driving,SEDAN
4462085,QUEENS,9,19,0,0,Other_Unknown,STATION WAGON/SPORT UTILITY VEHICLE
4419479,UNKNOWN,5,0,0,1,Human_Error,STATION WAGON/SPORT UTILITY VEHICLE
4491646,UNKNOWN,1,6,0,0,Other_Unknown,PICK-UP TRUCK
4492084,MANHATTAN,12,16,1,0,Human_Error,SEDAN
4516533,UNKNOWN,4,0,0,1,Other_Unknown,SEDAN
4410968,BROOKLYN,4,20,0,0,Other_Unknown,SEDAN
4458087,QUEENS,9,7,1,0,Other_Unknown,STATION WAGON/SPORT UTILITY VEHICLE
4428605,BROOKLYN,6,8,1,0,Distraction,SEDAN
4411126,QUEENS,4,10,0,0,Other_Unknown,SEDAN
4457735,QUEENS,9,8,1,0,Aggressive_Driving,SEDAN
4429477,UNKNOWN,6,2,0,0,Distraction,SEDAN
4428961,UNKNOWN,6,16,1,1,Other_Unknown,STATION WAGON/SPORT UTILITY VEHICLE
4487644,UNKNOWN,12,11,0,1,Distraction,STATION WAGON/SPORT UTILITY VEHICLE
4411251,MANHATTAN,4,6,0,0,Other_Unknown,OTHER
4412620,UNKNOWN,4,15,0,0,Human_Error,SEDAN
4462371,UNKNOWN,9,10,0,0,Distraction,BOX TRUCK
4429768,UNKNOWN,6,20,0,0,Other_Unknown,TAXI
4412097,QUEENS,4,22,0,0,Other_Unknown,STATION WAGON/SPORT UTILITY VEHICLE
4463033,BROOKLYN,9,8,1,0,Other_Unknown,SEDAN
4462909,BROOKLYN,9,23,0,0,Human_Error,STATION WAGON/SPORT UTILITY VEHICLE
4421288,QUEENS,5,15,0,0,Human_Error,SEDAN
4421287,QUEENS,5,9,1,0,Other_Unknown,SEDAN
4493242,UNKNOWN,12,15,0,0,Human_Error,OTHER
4421554,UNKNOWN,5,20,0,0,Human_Error,STATION WAGON/SPORT UTILITY VEHICLE
4412453,QUEENS,5,6,0,1,Aggressive_Driving,STATION WAGON/SPORT UTILITY VEHICLE
4421153,UNKNOWN,5,13,0,0,Distraction,SEDAN
4420436,UNKNOWN,5,0,0,0,Distraction,SEDAN
4488013,BRONX,12,17,1,1,Other_Unknown,STATION WAGON/SPORT UTILITY VEHICLE
4462648,UNKNOWN,9,18,1,0,Distraction,BIKE
4413842,BROOKLYN,4,20,0,0,Distraction,SEDAN
4421682,QUEENS,5,19,0,1,Aggressive_Driving,SEDAN
4413518,UNKNOWN,5,16,1,1,Distraction,SEDAN
4413461,UNKNOWN,5,12,0,0,Other_Unknown,SEDAN
4493053,BROOKLYN,1,17,1,1,Other_Unknown,SEDAN
4490375,BRONX,12,21,0,0,Distraction,STATION WAGON/SPORT UTILITY VEHICLE
4485667,UNKNOWN,12,15,0,0,Aggressive_Driving,STATION WAGON/SPORT UTILITY VEHICLE
4487862,QUEENS,12,21,0,1,Human_Error,STATION WAGON/SPORT UTILITY VEHICLE
4430544,BRONX,6,15,0,0,Other_Unknown,BOX TRUCK
4431463,QUEENS,5,17,1,0,Distraction,PICK-UP TRUCK
4422394,UNKNOWN,5,12,0,0,Aggressive_Driving,STATION WAGON/SPORT UTILITY VEHICLE
4431415,BRONX,6,22,0,0,Other_Unknown,BIKE
4490395,MANHATTAN,12,23,0,0,Other_Unknown,TAXI
4414397,QUEENS,5,11,0,0,Human_Error,SEDAN
4515756,QUEENS,3,15,0,0,Other_Unknown,SEDAN
4514746,QUEENS,3,3,0,0,Other_Unknown,SEDAN
4423137,UNKNOWN,6,19,0,0,Distraction,STATION WAGON/SPORT UTILITY VEHICLE
4414479,QUEENS,5,16,1,1,Human_Error,SEDAN
4432322,UNKNOWN,6,15,0,0,Distraction,STATION WAGON/SPORT UTILITY VEHICLE
4424156,UNKNOWN,6,13,0,0,Other_Unknown,SEDAN
4543863,UNKNOWN,7,14,0,0,Human_Error,SEDAN
4514534,BRONX,3,19,0,0,Aggressive_Driving,STATION WAGON/SPORT UTILITY VEHICLE
4432383,QUEENS,6,14,0,0,Other_Unknown,STATION WAGON/SPORT UTILITY VEHICLE
4424741,UNKNOWN,6,23,0,1,Other_Unknown,STATION WAGON/SPORT UTILITY VEHICLE
4493742,UNKNOWN,1,8,1,0,Road_Conditions,BUS
4543087,MANHATTAN,7,10,0,0,Aggressive_Driving,STATION WAGON/SPORT UTILITY VEHICLE
4424146,BROOKLYN,6,11,0,1,Human_Error,SEDAN
4493823,QUEENS,1,11,0,0,Other_Unknown,SEDAN
4412148,UNKNOWN,4,9,1,0,Other_Unknown,STATION WAGON/SPORT UTILITY VEHICLE
4420927,MANHATTAN,5,2,0,0,Human_Error,STATION WAGON/SPORT UTILITY VEHICLE
4428987,UNKNOWN,6,13,0,1,Human_Error,SEDAN
4463159,BROOKLYN,9,11,0,0,Human_Error,STATION WAGON/SPORT UTILITY VEHICLE
4598008,BROOKLYN,1,19,0,1,Other_Unknown,SEDAN
4430289,QUEENS,6,22,0,0,Other_Unknown,SEDAN
4430105,BROOKLYN,6,0,0,1,Other_Unknown,SEDAN
4430223,UNKNOWN,6,18,1,0,Aggressive_Driving,TAXI
4420996,UNKNOWN,5,9,1,0,Human_Error,SEDAN
4430249,QUEENS,6,17,1,0,Road_Conditions,OTHER
4459155,UNKNOWN,9,18,1,0,Distraction,SEDAN
4430115,UNKNOWN,6,22,0,0,Distraction,STATION WAGON/SPORT UTILITY VEHICLE
4488513,UNKNOWN,12,6,0,1,Other_Unknown,SEDAN
4430491,MANHATTAN,6,11,0,0,Human_Error,SEDAN
4516628,QUEENS,4,10,0,0,Human_Error,SEDAN
4515738,UNKNOWN,3,10,0,0,Other_Unknown,SEDAN
4515252,BRONX,3,4,0,0,Aggressive_Driving,STATION WAGON/SPORT UTILITY VEHICLE
4431125,BROOKLYN,6,19,0,0,Aggressive_Driving,SEDAN
4431333,BROOKLYN,6,0,0,0,Distraction,SEDAN
4414884,BRONX,5,23,0,0,Human_Error,SEDAN
4414789,UNKNOWN,5,13,0,0,Other_Unknown,SEDAN
4493817,QUEENS,1,17,1,1,Other_Unknown,SEDAN
4414108,UNKNOWN,5,20,0,0,Distraction,STATION WAGON/SPORT UTILITY VEHICLE
4464334,UNKNOWN,10,4,0,1,Other_Unknown,SEDAN
4460036,QUEENS,9,19,0,0,Aggressive_Driving,STATION WAGON/SPORT UTILITY VEHICLE
4515753,QUEENS,3,11,0,0,Distraction,SEDAN
4424045,BROOKLYN,6,23,0,0,DUI_Drugs,SEDAN
4423360,MANHATTAN,6,9,1,0,Other_Unknown,STATION WAGON/SPORT UTILITY VEHICLE
4424722,MANHATTAN,5,8,1,0,Other_Unknown,STATION WAGON/SPORT UTILITY VEHICLE
4566190,BRONX,9,18,1,0,Aggressive_Driving,SEDAN
4460308,BROOKLYN,9,14,0,0,Human_Error,UNKNOWN
4460589,BROOKLYN,9,10,0,0,Distraction,OTHER
4418043,BROOKLYN,5,22,0,0,Vehicle_Fail,STATION WAGON/SPORT UTILITY VEHICLE
4461818,UNKNOWN,9,15,0,1,Human_Error,OTHER
4409612,UNKNOWN,4,8,1,0,Distraction,BUS
4457582,UNKNOWN,9,22,0,0,Other_Unknown,SEDAN
4409792,BRONX,4,12,0,0,Other_Unknown,STATION WAGON/SPORT UTILITY VEHICLE
4465833,BRONX,10,16,1,1,Other_Unknown,STATION WAGON/SPORT UTILITY VEHICLE
4418864,BROOKLYN,5,22,0,0,Other_Unknown,STATION WAGON/SPORT UTILITY VEHICLE
4419009,UNKNOWN,5,23,0,0,Other_Unknown,STATION WAGON/SPORT UTILITY VEHICLE
4418573,BRONX,5,8,1,0,Other_Unknown,SEDAN
4418959,UNKNOWN,5,13,0,0,Other_Unknown,STATION WAGON/SPORT UTILITY VEHICLE
4410484,BRONX,4,20,0,1,Other_Unknown,STATION WAGON/SPORT UTILITY VEHICLE
4486738,UNKNOWN,12,8,1,0,Distraction,STATION WAGON/SPORT UTILITY VEHICLE
4427689,MANHATTAN,6,7,1,0,Distraction,SEDAN
4419273,UNKNOWN,5,17,1,0,Human_Error,SEDAN
4410995,STATEN ISLAND,4,9,1,0,Human_Error,SEDAN
4542787,MANHATTAN,7,4,0,1,Distraction,STATION WAGON/SPORT UTILITY VEHICLE
4462733,BROOKLYN,9,14,0,0,Distraction,OTHER
4420112,MANHATTAN,5,17,1,0,Human_Error,STATION WAGON/SPORT UTILITY VEHICLE
4410516,UNKNOWN,4,0,0,0,Human_Error,MOTORCYCLE
4411346,BRONX,4,21,0,0,Distraction,STATION WAGON/SPORT UTILITY VEHICLE
4429249,UNKNOWN,6,19,0,0,Distraction,SEDAN
4428295,UNKNOWN,6,22,0,0,Human_Error,STATION WAGON/SPORT UTILITY VEHICLE
4420291,QUEENS,5,13,0,1,Distraction,SEDAN
4411127,UNKNOWN,4,13,0,0,Distraction,SEDAN
4420709,BRONX,5,15,0,0,Human_Error,SEDAN
4428635,UNKNOWN,6,4,0,1,Other_Unknown,STATION WAGON/SPORT UTILITY VEHICLE
4412422,UNKNOWN,4,19,0,0,Distraction,STATION WAGON/SPORT UTILITY VEHICLE
4411485,UNKNOWN,4,15,0,0,Distraction,SEDAN
4429796,BRONX,6,8,1,0,Distraction,SEDAN
4429118,UNKNOWN,6,12,0,1,Aggressive_Driving,STATION WAGON/SPORT UTILITY VEHICLE
4462215,UNKNOWN,9,8,1,0,Distraction,SEDAN
4411846,UNKNOWN,4,16,1,0,Human_Error,SEDAN
4421043,BROOKLYN,5,14,0,0,Distraction,STATION WAGON/SPORT UTILITY VEHICLE
4421609,BROOKLYN,5,15,0,0,Other_Unknown,SEDAN
4458951,BRONX,9,12,0,1,Human_Error,SEDAN
4458338,BRONX,9,2,0,1,Human_Error,SEDAN
4412404,BROOKLYN,5,7,1,1,Human_Error,STATION WAGON/SPORT UTILITY VEHICLE
4413434,BROOKLYN,4,23,0,0,Distraction,STATION WAGON/SPORT UTILITY VEHICLE
4492692,BRONX,1,7,1,0,Distraction,STATION WAGON/SPORT UTILITY VEHICLE
4543793,BROOKLYN,7,4,0,1,Other_Unknown,STATION WAGON/SPORT UTILITY VEHICLE
4421557,UNKNOWN,5,20,0,1,Distraction,STATION WAGON/SPORT UTILITY VEHICLE
4413580,UNKNOWN,5,19,0,1,Other_Unknown,SEDAN
4490118,BROOKLYN,12,13,0,0,Other_Unknown,SEDAN
4430985,QUEENS,6,19,0,0,Other_Unknown,SEDAN
4413368,MANHATTAN,5,15,0,0,Human_Error,E-BIKE
4463282,BROOKLYN,10,11,0,1,Distraction,SEDAN
4430894,BROOKLYN,6,14,0,0,Aggressive_Driving,SEDAN
4459180,UNKNOWN,9,10,0,0,Other_Unknown,STATION WAGON/SPORT UTILITY VEHICLE
4422352,UNKNOWN,5,13,0,0,Other_Unknown,SEDAN
4459965,UNKNOWN,9,15,0,1,Other_Unknown,STATION WAGON/SPORT UTILITY VEHICLE
4459521,QUEENS,9,11,0,0,Human_Error,STATION WAGON/SPORT UTILITY VEHICLE
4514313,BROOKLYN,3,7,1,0,Other_Unknown,SEDAN
4490384,QUEENS,12,9,1,0,Human_Error,SEDAN
4490647,BROOKLYN,12,13,0,1,Other_Unknown,SEDAN
4414634,BROOKLYN,4,20,0,0,Aggressive_Driving,STATION WAGON/SPORT UTILITY VEHICLE
4414289,QUEENS,5,13,0,0,Distraction,SEDAN
4463397,UNKNOWN,10,11,0,1,Distraction,STATION WAGON/SPORT UTILITY VEHICLE
4464013,UNKNOWN,10,16,1,1,Vehicle_Fail,STATION WAGON/SPORT UTILITY VEHICLE
4431559,BROOKLYN,6,5,0,1,DUI_Drugs,STATION WAGON/SPORT UTILITY VEHICLE
4424011,QUEENS,5,8,1,0,Other_Unknown,MOTORCYCLE
4423891,BROOKLYN,6,5,0,0,Distraction,STATION WAGON/SPORT UTILITY VEHICLE
4415633,QUEENS,5,1,0,1,Aggressive_Driving,SEDAN
4494015,MANHATTAN,1,19,0,0,Other_Unknown,STATION WAGON/SPORT UTILITY VEHICLE
4517480,STATEN ISLAND,4,10,0,0,Other_Unknown,SEDAN
4424327,UNKNOWN,6,13,0,0,Other_Unknown,SEDAN
4423806,UNKNOWN,6,13,0,1,Vehicle_Fail,SEDAN
4514977,QUEENS,3,13,0,0,Distraction,STATION WAGON/SPORT UTILITY VEHICLE
4416955,UNKNOWN,5,6,0,0,Other_Unknown,STATION WAGON/SPORT UTILITY VEHICLE
4456721,MANHATTAN,9,8,1,0,Distraction,SEDAN
4405244,STATEN ISLAND,4,22,0,0,Human_Error,STATION WAGON/SPORT UTILITY VEHICLE
4415370,UNKNOWN,5,5,0,0,Human_Error,SEDAN
4424322,BROOKLYN,6,0,0,0,Other_Unknown,SEDAN
4491192,BROOKLYN,12,17,1,0,Distraction,SEDAN
4415497,BROOKLYN,5,12,0,0,Other_Unknown,SEDAN
4490802,QUEENS,12,4,0,0,Aggressive_Driving,STATION WAGON/SPORT UTILITY VEHICLE
4491208,QUEENS,12,21,0,0,Distraction,STATION WAGON/SPORT UTILITY VEHICLE
4456128,BROOKLYN,9,0,0,1,Other_Unknown,SEDAN
4425471,BRONX,5,22,0,0,Human_Error,STATION WAGON/SPORT UTILITY VEHICLE
4464594,UNKNOWN,10,0,0,0,Other_Unknown,STATION WAGON/SPORT UTILITY VEHICLE
4461256,UNKNOWN,9,7,1,0,Distraction,BIKE
4408943,MANHATTAN,4,21,0,1,Other_Unknown,STATION WAGON/SPORT UTILITY VEHICLE
4408244,QUEENS,4,17,1,1,Human_Error,SEDAN
4457194,QUEENS,8,18,1,0,Distraction,STATION WAGON/SPORT UTILITY VEHICLE
4409250,BROOKLYN,4,17,1,0,Other_Unknown,UNKNOWN
4409128,UNKNOWN,4,8,1,0,Other_Unknown,SEDAN
4417204,UNKNOWN,5,19,0,1,Other_Unknown,STATION WAGON/SPORT UTILITY VEHICLE
4598155,BRONX,1,18,1,0,Distraction,OTHER
4409184,STATEN ISLAND,4,19,0,0,Distraction,STATION WAGON/SPORT UTILITY VEHICLE
4426140,UNKNOWN,6,1,0,1,Other_Unknown,SEDAN
4490606,BROOKLYN,12,11,0,0,Distraction,BUS
4409484,BROOKLYN,4,11,0,0,Other_Unknown,SEDAN
4488883,UNKNOWN,12,16,1,0,Distraction,STATION WAGON/SPORT UTILITY VEHICLE
4426524,BRONX,6,22,0,1,Human_Error,SEDAN
4465561,UNKNOWN,10,18,1,1,Human_Error,SEDAN
4409653,UNKNOWN,4,20,0,0,Aggressive_Driving,SEDAN
4427237,QUEENS,6,13,0,1,Other_Unknown,SEDAN
4489437,UNKNOWN,12,11,0,0,Distraction,SEDAN
4426374,UNKNOWN,6,5,0,1,Other_Unknown,UNKNOWN
4426654,UNKNOWN,6,19,0,1,Human_Error,SEDAN
4462335,BROOKLYN,9,19,0,0,Other_Unknown,E-BIKE
4409328,BROOKLYN,4,13,0,0,Human_Error,BOX TRUCK
4419443,BROOKLYN,5,21,0,0,Other_Unknown,SEDAN
4410339,UNKNOWN,4,16,1,1,Human_Error,SEDAN
4410615,BRONX,4,23,0,1,Other_Unknown,STATION WAGON/SPORT UTILITY VEHICLE
4410509,BROOKLYN,4,0,0,1,Other_Unknown,SEDAN
4515749,QUEENS,4,9,1,1,Other_Unknown,SEDAN
4419049,UNKNOWN,5,16,1,1,Other_Unknown,STATION WAGON/SPORT UTILITY VEHICLE
4492180,MANHATTAN,1,19,0,0,Distraction,STATION WAGON/SPORT UTILITY VEHICLE
4516404,UNKNOWN,3,12,0,0,Other_Unknown,SEDAN
4516543,BRONX,3,0,0,0,Human_Error,STATION WAGON/SPORT UTILITY VEHICLE
4458767,BROOKLYN,9,22,0,0,Distraction,UNKNOWN
4428196,UNKNOWN,6,18,1,0,Distraction,STATION WAGON/SPORT UTILITY VEHICLE
4543157,BROOKLYN,6,12,0,1,Distraction,SEDAN
4427849,UNKNOWN,6,9,1,0,Distraction,PICK-UP TRUCK
4566525,BRONX,9,1,0,1,Human_Error,SEDAN
4490182,BRONX,12,7,1,1,Other_Unknown,SEDAN
4514995,QUEENS,3,0,0,0,Distraction,SEDAN
4515553,BROOKLYN,3,17,1,0,Other_Unknown,STATION WAGON/SPORT UTILITY VEHICLE
4412264,UNKNOWN,4,1,0,0,Other_Unknown,TAXI
4411719,MANHATTAN,4,7,1,0,Other_Unknown,SEDAN
4412073,BROOKLYN,4,18,1,0,Other_Unknown,SEDAN
4462617,QUEENS,9,15,0,0,Other_Unknown,STATION WAGON/SPORT UTILITY VEHICLE
4412236,BROOKLYN,4,18,1,0,Other_Unknown,STATION WAGON/SPORT UTILITY VEHICLE
4412691,QUEENS,4,13,0,1,Distraction,STATION WAGON/SPORT UTILITY VEHICLE
4412790,UNKNOWN,4,6,0,0,Human_Error,PICK-UP TRUCK
4516578,UNKNOWN,4,19,0,0,Distraction,STATION WAGON/SPORT UTILITY VEHICLE
4462979,UNKNOWN,9,5,0,0,Distraction,OTHER
4458576,QUEENS,9,5,0,1,Other_Unknown,STATION WAGON/SPORT UTILITY VEHICLE
4429448,QUEENS,6,7,1,0,Human_Error,STATION WAGON/SPORT UTILITY VEHICLE
4459308,UNKNOWN,9,12,0,0,Other_Unknown,SEDAN
4462402,UNKNOWN,9,3,0,0,Other_Unknown,SEDAN
4462574,MANHATTAN,9,0,0,0,Other_Unknown,SEDAN
4429584,BROOKLYN,6,0,0,0,Other_Unknown,STATION WAGON/SPORT UTILITY VEHICLE
4429971,BROOKLYN,6,17,1,0,Other_Unknown,STATION WAGON/SPORT UTILITY VEHICLE
4412214,QUEENS,5,16,1,1,Other_Unknown,STATION WAGON/SPORT UTILITY VEHICLE
4458962,UNKNOWN,9,23,0,1,Distraction,OTHER
4492111,QUEENS,1,8,1,0,Other_Unknown,SEDAN
4421751,BROOKLYN,5,12,0,0,Human_Error,BUS
4420891,QUEENS,5,17,1,0,Other_Unknown,STATION WAGON/SPORT UTILITY VEHICLE
4413379,BROOKLYN,5,11,0,0,Distraction,SEDAN
4493162,QUEENS,1,15,0,0,Distraction,SEDAN
4413466,BROOKLYN,5,20,0,1,Other_Unknown,SEDAN
4421781,BROOKLYN,5,12,0,1,Vehicle_Fail,SEDAN
4413404,QUEENS,4,10,0,0,Distraction,SEDAN
4493284,BROOKLYN,1,19,0,1,Other_Unknown,SEDAN
4421935,UNKNOWN,5,18,1,1,Human_Error,SEDAN
4414086,BROOKLYN,5,22,0,0,Other_Unknown,SEDAN
4431304,BROOKLYN,6,22,0,0,Human_Error,SEDAN
4459731,UNKNOWN,9,15,0,0,Human_Error,SEDAN
4515972,UNKNOWN,3,1,0,1,Human_Error,SEDAN
4566617,UNKNOWN,9,7,1,0,Distraction,STATION WAGON/SPORT UTILITY VEHICLE
4493714,QUEENS,1,23,0,1,Human_Error,STATION WAGON/SPORT UTILITY VEHICLE
4463685,QUEENS,10,5,0,1,Other_Unknown,SEDAN
4414668,BROOKLYN,5,6,0,0,Aggressive_Driving,SEDAN
4487880,QUEENS,12,1,0,0,Human_Error,SEDAN
4415273,UNKNOWN,5,9,1,0,Other_Unknown,SEDAN
4423069,UNKNOWN,6,23,0,0,Other_Unknown,STATION WAGON/SPORT UTILITY VEHICLE
4423013,UNKNOWN,6,10,0,0,Distraction,STATION WAGON/SPORT UTILITY VEHICLE
4460170,QUEENS,9,11,0,0,Other_Unknown,SEDAN
4432853,MANHATTAN,6,18,1,0,Distraction,TAXI
4414914,BROOKLYN,5,17,1,1,Aggressive_Driving,SEDAN
4464205,UNKNOWN,10,9,1,0,Distraction,PICK-UP TRUCK
4488697,UNKNOWN,12,5,0,0,Other_Unknown,TAXI
4494209,UNKNOWN,1,12,0,1,Human_Error,SEDAN
4424310,QUEENS,6,1,0,1,Aggressive_Driving,SEDAN
4460943,UNKNOWN,9,12,0,0,Human_Error,STATION WAGON/SPORT UTILITY VEHICLE
4675877,UNKNOWN,11,9,1,0,Other_Unknown,STATION WAGON/SPORT UTILITY VEHICLE
4416427,UNKNOWN,4,1,0,0,Other_Unknown,TAXI
4415555,BRONX,5,11,0,0,Distraction,STATION WAGON/SPORT UTILITY VEHICLE
4416721,BROOKLYN,5,15,0,0,Distraction,STATION WAGON/SPORT UTILITY VEHICLE
4491333,MANHATTAN,12,14,0,0,Other_Unknown,SEDAN
4407731,BROOKLYN,4,2,0,0,Aggressive_Driving,SEDAN
4408000,BROOKLYN,4,17,1,0,Distraction,SEDAN
4456770,STATEN ISLAND,9,11,0,0,Distraction,SEDAN
4456033,UNKNOWN,9,13,0,1,Other_Unknown,STATION WAGON/SPORT UTILITY VEHICLE
4490679,UNKNOWN,12,5,0,0,Road_Conditions,SEDAN
4408532,BROOKLYN,4,10,0,0,Human_Error,SEDAN
4515214,UNKNOWN,3,10,0,1,Distraction,SEDAN
4465678,MANHATTAN,10,9,1,0,Other_Unknown,SEDAN
4465829,MANHATTAN,10,9,1,0,Other_Unknown,SEDAN
4456431,BRONX,9,19,0,1,Other_Unknown,SEDAN
4597718,BROOKLYN,1,18,1,1,Other_Unknown,SEDAN
4408625,BROOKLYN,4,13,0,0,Other_Unknown,SEDAN
4425726,QUEENS,6,22,0,0,Human_Error,SEDAN
4457156,BRONX,9,21,0,0,Aggressive_Driving,SEDAN
4426292,UNKNOWN,6,19,0,1,Human_Error,BUS
4426994,UNKNOWN,6,14,0,0,Human_Error,SEDAN
4465728,BROOKLYN,10,20,0,1,Other_Unknown,SEDAN
4461803,MANHATTAN,9,12,0,0,Other_Unknown,SEDAN
4409758,BRONX,4,7,1,0,Other_Unknown,TAXI
4489488,UNKNOWN,12,7,1,0,Distraction,STATION WAGON/SPORT UTILITY VEHICLE
4489733,UNKNOWN,12,15,0,0,Human_Error,OTHER
4461824,MANHATTAN,9,21,0,0,Other_Unknown,PICK-UP TRUCK
4410268,UNKNOWN,4,23,0,0,Human_Error,STATION WAGON/SPORT UTILITY VEHICLE
4504817,QUEENS,2,22,0,0,Other_Unknown,PICK-UP TRUCK
4486900,UNKNOWN,12,0,0,0,Other_Unknown,SEDAN
4461693,UNKNOWN,9,2,0,0,Other_Unknown,OTHER
4419802,MANHATTAN,5,8,1,0,Other_Unknown,STATION WAGON/SPORT UTILITY VEHICLE
4458762,UNKNOWN,9,2,0,0,Distraction,STATION WAGON/SPORT UTILITY VEHICLE
4428370,BRONX,6,22,0,1,Aggressive_Driving,SEDAN
4427962,MANHATTAN,6,10,0,0,Other_Unknown,OTHER
4420289,UNKNOWN,5,11,0,0,DUI_Drugs,STATION WAGON/SPORT UTILITY VEHICLE
4504719,BRONX,2,0,0,1,Aggressive_Driving,STATION WAGON/SPORT UTILITY VEHICLE
4419985,BRONX,5,10,0,0,Vehicle_Fail,SEDAN
4458208,QUEENS,9,14,0,0,Human_Error,STATION WAGON/SPORT UTILITY VEHICLE
4492361,UNKNOWN,1,14,0,0,Other_Unknown,SEDAN
4485491,QUEENS,12,19,0,1,Other_Unknown,STATION WAGON/SPORT UTILITY VEHICLE
4490303,UNKNOWN,12,14,0,0,Road_Conditions,SEDAN
4421005,MANHATTAN,5,1,0,0,Distraction,SEDAN
4420616,UNKNOWN,5,18,1,0,Other_Unknown,SEDAN
4412588,BROOKLYN,4,23,0,0,Distraction,STATION WAGON/SPORT UTILITY VEHICLE
4566874,UNKNOWN,9,17,1,0,Other_Unknown,STATION WAGON/SPORT UTILITY VEHICLE
4490106,BRONX,12,19,0,0,Other_Unknown,BIKE
4463090,UNKNOWN,9,21,0,0,Human_Error,SEDAN
4429978,BROOKLYN,6,14,0,1,Other_Unknown,SEDAN
4412185,UNKNOWN,4,16,1,0,Human_Error,STATION WAGON/SPORT UTILITY VEHICLE
4421189,BRONX,5,14,0,0,Distraction,SEDAN
4429775,UNKNOWN,6,5,0,0,Other_Unknown,SEDAN
4412388,UNKNOWN,5,14,0,1,Distraction,SEDAN
4459237,UNKNOWN,9,21,0,1,Aggressive_Driving,STATION WAGON/SPORT UTILITY VEHICLE
4430082,BRONX,6,16,1,0,Human_Error,SEDAN
4421118,STATEN ISLAND,5,1,0,0,Distraction,SEDAN
4490168,UNKNOWN,12,20,0,0,Other_Unknown,STATION WAGON/SPORT UTILITY VEHICLE
4462772,QUEENS,9,8,1,0,Other_Unknown,STATION WAGON/SPORT UTILITY VEHICLE
4516676,BROOKLYN,4,14,0,0,Human_Error,SEDAN
4422031,UNKNOWN,5,3,0,1,Vehicle_Fail,STATION WAGON/SPORT UTILITY VEHICLE
4490038,UNKNOWN,12,16,1,0,DUI_Drugs,SEDAN
4490475,MANHATTAN,12,15,0,0,Other_Unknown,STATION WAGON/SPORT UTILITY VEHICLE
4488477,BROOKLYN,12,17,1,0,Distraction,STATION WAGON/SPORT UTILITY VEHICLE
4515170,UNKNOWN,3,17,1,0,Human_Error,STATION WAGON/SPORT UTILITY VEHICLE
4413322,UNKNOWN,5,8,1,0,Distraction,STATION WAGON/SPORT UTILITY VEHICLE
4515608,QUEENS,3,15,0,0,Human_Error,SEDAN
4485269,MANHATTAN,12,14,0,0,Other_Unknown,STATION WAGON/SPORT UTILITY VEHICLE
4422271,BRONX,5,11,0,0,Other_Unknown,STATION WAGON/SPORT UTILITY VEHICLE
4422367,QUEENS,5,9,1,0,Other_Unknown,SEDAN
4464134,UNKNOWN,9,21,0,0,Distraction,SEDAN
4488335,BRONX,12,2,0,0,Aggressive_Driving,SEDAN
4422963,UNKNOWN,6,14,0,0,Human_Error,SEDAN
4422863,MANHATTAN,6,23,0,0,Other_Unknown,STATION WAGON/SPORT UTILITY VEHICLE
4414528,BROOKLYN,5,17,1,0,Distraction,SEDAN
4464314,UNKNOWN,10,15,0,1,Other_Unknown,SEDAN
4488453,BRONX,12,9,1,0,Distraction,SEDAN
4567262,UNKNOWN,9,12,0,0,Other_Unknown,STATION WAGON/SPORT UTILITY VEHICLE
4432671,MANHATTAN,6,20,0,0,Distraction,SEDAN
4431833,BRONX,6,11,0,0,Other_Unknown,STATION WAGON/SPORT UTILITY VEHICLE
4460226,BROOKLYN,9,0,0,1,Other_Unknown,SEDAN
4415046,STATEN ISLAND,5,2,0,1,Human_Error,OTHER
4542894,BROOKLYN,6,5,0,0,Human_Error,STATION WAGON/SPORT UTILITY VEHICLE
4567312,MANHATTAN,9,3,0,0,DUI_Drugs,SEDAN
4543859,STATEN ISLAND,7,13,0,0,Human_Error,SEDAN
4424243,QUEENS,6,23,0,1,Other_Unknown,STATION WAGON/SPORT UTILITY VEHICLE
4493910,MANHATTAN,1,10,0,0,Human_Error,SEDAN
4464697,MANHATTAN,10,14,0,0,Distraction,BUS
4423862,BROOKLYN,6,10,0,1,Other_Unknown,OTHER
4461285,UNKNOWN,8,14,0,0,Aggressive_Driving,STATION WAGON/SPORT UTILITY VEHICLE
4460335,UNKNOWN,9,10,0,0,Other_Unknown,SEDAN
4415393,MANHATTAN,5,19,0,0,Aggressive_Driving,STATION WAGON/SPORT UTILITY VEHICLE
4515731,BROOKLYN,4,16,1,1,Other_Unknown,STATION WAGON/SPORT UTILITY VEHICLE
4415693,BRONX,5,5,0,0,Distraction,BUS
4408122,BROOKLYN,4,18,1,0,Other_Unknown,STATION WAGON/SPORT UTILITY VEHICLE
4491024,MANHATTAN,12,19,0,0,Other_Unknown,MOTORCYCLE
4425204,BRONX,6,6,0,0,Other_Unknown,SEDAN
4407664,UNKNOWN,4,7,1,0,Distraction,SEDAN
4599028,BRONX,12,4,0,0,Other_Unknown,SEDAN
4416781,BRONX,5,15,0,1,Other_Unknown,OTHER
4465233,BROOKLYN,10,9,1,0,Human_Error,STATION WAGON/SPORT UTILITY VEHICLE
4465321,QUEENS,10,14,0,0,Human_Error,SEDAN
4542350,UNKNOWN,7,0,0,0,Other_Unknown,SEDAN
4426023,MANHATTAN,5,11,0,1,Other_Unknown,BIKE
4425296,UNKNOWN,6,16,1,0,Human_Error,SEDAN
4460959,BRONX,9,19,0,1,Other_Unknown,STATION WAGON/SPORT UTILITY VEHICLE
4460903,QUEENS,9,1,0,1,Vehicle_Fail,STATION WAGON/SPORT UTILITY VEHICLE
4461613,MANHATTAN,9,8,1,0,Other_Unknown,BUS
4410423,UNKNOWN,4,17,1,0,Other_Unknown,STATION WAGON/SPORT UTILITY VEHICLE
4410312,BROOKLYN,4,16,1,0,Other_Unknown,SEDAN
4418845,BROOKLYN,5,8,1,0,Other_Unknown,SEDAN
4427037,BROOKLYN,6,13,0,0,Other_Unknown,SEDAN
4465929,QUEENS,10,22,0,1,Other_Unknown,UNKNOWN
4419193,MANHATTAN,5,10,0,0,Other_Unknown,STATION WAGON/SPORT UTILITY VEHICLE
4543335,BRONX,7,16,1,0,Human_Error,SEDAN
4466054,BROOKLYN,10,7,1,1,Distraction,SEDAN
4410589,UNKNOWN,4,9,1,0,Human_Error,SEDAN
4487784,UNKNOWN,12,21,0,0,Distraction,STATION WAGON/SPORT UTILITY VEHICLE
4487235,BROOKLYN,12,13,0,0,Other_Unknown,STATION WAGON/SPORT UTILITY VEHICLE
4514181,BRONX,3,17,1,1,Distraction,PICK-UP TRUCK
4492095,UNKNOWN,12,0,0,0,Other_Unknown,SEDAN
4410807,BROOKLYN,4,18,1,0,Distraction,STATION WAGON/SPORT UTILITY VEHICLE
4462632,BROOKLYN,9,11,0,0,Other_Unknown,UNKNOWN
4410886,BRONX,4,17,1,0,Distraction,SEDAN
4542589,BRONX,7,15,0,0,Other_Unknown,SEDAN
4428349,BROOKLYN,6,0,0,0,Human_Error,SEDAN
4542127,UNKNOWN,6,9,1,0,Aggressive_Driving,STATION WAGON/SPORT UTILITY VEHICLE
4489889,UNKNOWN,12,1,0,1,Other_Unknown,SEDAN
4411481,QUEENS,4,17,1,0,Human_Error,SEDAN
4462388,MANHATTAN,9,15,0,0,Distraction,STATION WAGON/SPORT UTILITY VEHICLE
4429926,BRONX,6,14,0,0,Distraction,OTHER
4516773,QUEENS,4,0,0,1,Human_Error,STATION WAGON/SPORT UTILITY VEHICLE
4462798,UNKNOWN,9,17,1,0,Distraction,BUS
4759752,UNKNOWN,9,10,0,1,Road_Conditions,TAXI
4458507,BROOKLYN,9,16,1,1,Human_Error,STATION WAGON/SPORT UTILITY VEHICLE
4459132,STATEN ISLAND,9,6,0,1,Distraction,OTHER
4412812,BROOKLYN,5,2,0,1,Human_Error,UNKNOWN
4422048,MANHATTAN,5,9,1,0,Other_Unknown,SEDAN
4421961,QUEENS,5,7,1,0,Other_Unknown,STATION WAGON/SPORT UTILITY VEHICLE
4430177,BROOKLYN,6,17,1,0,Other_Unknown,STATION WAGON/SPORT UTILITY VEHICLE
4492680,QUEENS,1,9,1,0,Distraction,STATION WAGON/SPORT UTILITY VEHICLE
4413539,UNKNOWN,4,22,0,0,Distraction,SEDAN
4413585,BRONX,5,16,1,0,Human_Error,SEDAN
4422200,BROOKLYN,5,17,1,0,Other_Unknown,SEDAN
4421787,BROOKLYN,5,11,0,1,Human_Error,STATION WAGON/SPORT UTILITY VEHICLE
4487513,UNKNOWN,12,0,0,1,Other_Unknown,SEDAN
4430853,QUEENS,6,18,1,0,Distraction,SEDAN
4463225,QUEENS,10,16,1,1,Distraction,SEDAN
4463261,UNKNOWN,10,5,0,1,Vehicle_Fail,STATION WAGON/SPORT UTILITY VEHICLE
4431438,MANHATTAN,6,16,1,0,Distraction,OTHER
4459193,BROOKLYN,9,0,0,0,Distraction,SEDAN
4515049,BRONX,3,8,1,0,Other_Unknown,SEDAN
4414718,UNKNOWN,4,18,1,0,Other_Unknown,SEDAN
4423042,UNKNOWN,6,11,0,0,Distraction,STATION WAGON/SPORT UTILITY VEHICLE
4413815,MANHATTAN,5,19,0,0,Distraction,SEDAN
4414299,UNKNOWN,5,19,0,0,Other_Unknown,UNKNOWN
4493548,BROOKLYN,1,18,1,1,Other_Unknown,STATION WAGON/SPORT UTILITY VEHICLE
4493220,UNKNOWN,1,11,0,1,Distraction,STATION WAGON/SPORT UTILITY VEHICLE
4566492,UNKNOWN,9,16,1,0,Distraction,BIKE
4514971,QUEENS,3,18,1,0,Other_Unknown,SEDAN
4488239,QUEENS,12,16,1,0,Human_Error,SEDAN
4515292,UNKNOWN,3,8,1,0,Other_Unknown,STATION WAGON/SPORT UTILITY VEHICLE
4566838,UNKNOWN,9,9,1,0,Other_Unknown,OTHER
4423338,MANHATTAN,6,3,0,0,Distraction,SEDAN
4423793,QUEENS,5,18,1,1,Other_Unknown,STATION WAGON/SPORT UTILITY VEHICLE
4414756,UNKNOWN,5,16,1,1,Distraction,SEDAN
4543359,BROOKLYN,7,17,1,0,Distraction,SEDAN
4544102,UNKNOWN,7,9,1,1,Other_Unknown,STATION WAGON/SPORT UTILITY VEHICLE
4464713,QUEENS,10,14,0,0,Other_Unknown,STATION WAGON/SPORT UTILITY VEHICLE
4432463,UNKNOWN,6,10,0,0,Aggressive_Driving,STATION WAGON/SPORT UTILITY VEHICLE
4489251,BROOKLYN,12,16,1,0,Other_Unknown,STATION WAGON/SPORT UTILITY VEHICLE
4424549,QUEENS,5,6,0,0,Other_Unknown,SEDAN
4493712,UNKNOWN,1,8,1,0,Other_Unknown,SEDAN
4423658,QUEENS,6,13,0,1,Distraction,SEDAN
4485686,UNKNOWN,12,0,0,1,DUI_Drugs,STATION WAGON/SPORT UTILITY VEHICLE
4424518,QUEENS,6,17,1,1,Other_Unknown,STATION WAGON/SPORT UTILITY VEHICLE
4464528,QUEENS,10,15,0,0,Aggressive_Driving,STATION WAGON/SPORT UTILITY VEHICLE
4491074,BRONX,12,0,0,0,Human_Error,PICK-UP TRUCK
4416898,UNKNOWN,5,14,0,0,Other_Unknown,SEDAN
4416620,UNKNOWN,5,17,1,0,Human_Error,STATION WAGON/SPORT UTILITY VEHICLE
4407976,MANHATTAN,4,12,0,0,Human_Error,STATION WAGON/SPORT UTILITY VEHICLE
4407672,BROOKLYN,4,11,0,0,Distraction,OTHER
4490719,UNKNOWN,12,19,0,0,Human_Error,STATION WAGON/SPORT UTILITY VEHICLE
4456441,QUEENS,9,11,0,1,Other_Unknown,SEDAN
4456895,QUEENS,9,14,0,0,Other_Unknown,SEDAN
4408436,MANHATTAN,4,21,0,1,Aggressive_Driving,SEDAN
4460419,QUEENS,9,17,1,0,Other_Unknown,SEDAN
4417109,UNKNOWN,5,14,0,1,Other_Unknown,SEDAN
4465657,UNKNOWN,10,9,1,0,Human_Error,SEDAN
4456413,UNKNOWN,9,14,0,1,Other_Unknown,SEDAN
4456199,BROOKLYN,9,11,0,1,Distraction,STATION WAGON/SPORT UTILITY VEHICLE
4425635,UNKNOWN,6,11,0,0,Other_Unknown,SEDAN
4460787,BROOKLYN,9,10,0,1,Other_Unknown,STATION WAGON/SPORT UTILITY VEHICLE
4426608,BRONX,6,15,0,0,Human_Error,SEDAN
4409312,MANHATTAN,4,18,1,0,Distraction,STATION WAGON/SPORT UTILITY VEHICLE
4417394,UNKNOWN,5,1,0,0,DUI_Drugs,SEDAN
4417646,BROOKLYN,5,12,0,0,Distraction,OTHER
4426591,BRONX,6,16,1,1,Other_Unknown,PICK-UP TRUCK
4418049,UNKNOWN,5,14,0,0,Other_Unknown,BOX TRUCK
4486614,UNKNOWN,12,6,0,0,Human_Error,SEDAN
4461458,BRONX,9,8,1,1,Other_Unknown,SEDAN
4461849,BRONX,9,13,0,0,Distraction,SEDAN
4419035,BRONX,5,19,0,0,Other_Unknown,TAXI
4419201,UNKNOWN,5,8,1,0,Other_Unknown,STATION WAGON/SPORT UTILITY VEHICLE
4427162,BROOKLYN,6,10,0,0,Other_Unknown,STATION WAGON/SPORT UTILITY VEHICLE
4457745,UNKNOWN,9,11,0,1,Human_Error,SEDAN
4410627,UNKNOWN,4,17,1,0,Other_Unknown,STATION WAGON/SPORT UTILITY VEHICLE
4427496,BROOKLYN,6,8,1,0,Distraction,SEDAN
4598121,QUEENS,1,18,1,0,Other_Unknown,STATION WAGON/SPORT UTILITY VEHICLE
4491504,BROOKLYN,1,18,1,1,Distraction,SEDAN
4410383,UNKNOWN,4,1,0,1,Other_Unknown,UNKNOWN
4419786,BROOKLYN,5,15,0,1,Aggressive_Driving,SEDAN
4419420,QUEENS,5,0,0,1,Other_Unknown,STATION WAGON/SPORT UTILITY VEHICLE
4419401,BROOKLYN,5,22,0,1,Other_Unknown,SEDAN
4411436,UNKNOWN,4,12,0,0,Other_Unknown,OTHER
4516051,MANHATTAN,4,4,0,1,Human_Error,TAXI
4542565,UNKNOWN,6,16,1,0,Human_Error,TAXI
4428848,BROOKLYN,5,1,0,1,Human_Error,STATION WAGON/SPORT UTILITY VEHICLE
4428484,QUEENS,6,13,0,0,Distraction,OTHER
4428808,BRONX,6,15,0,0,Distraction,SEDAN
4428616,BROOKLYN,6,7,1,0,Other_Unknown,STATION WAGON/SPORT UTILITY VEHICLE
4411090,UNKNOWN,4,5,0,0,Human_Error,SEDAN
4457827,MANHATTAN,9,7,1,0,Human_Error,STATION WAGON/SPORT UTILITY VEHICLE
4542630,QUEENS,7,12,0,0,Human_Error,OTHER
4420348,BROOKLYN,5,8,1,0,Other_Unknown,SEDAN
4420612,QUEENS,5,16,1,0,Other_Unknown,STATION WAGON/SPORT UTILITY VEHICLE
4458332,UNKNOWN,9,17,1,0,Aggressive_Driving,STATION WAGON/SPORT UTILITY VEHICLE
4515725,UNKNOWN,3,22,0,0,Distraction,SEDAN
4514648,BROOKLYN,3,5,0,1,Distraction,SEDAN
4429427,MANHATTAN,6,13,0,0,Aggressive_Driving,STATION WAGON/SPORT UTILITY VEHICLE
4566652,MANHATTAN,9,12,0,0,Other_Unknown,BIKE
4566134,UNKNOWN,9,15,0,0,Other_Unknown,SEDAN
4543773,BROOKLYN,7,0,0,1,Distraction,SEDAN
4485100,UNKNOWN,12,21,0,0,Distraction,SEDAN
4463850,UNKNOWN,8,17,1,1,Distraction,PICK-UP TRUCK
4492174,UNKNOWN,1,9,1,0,Other_Unknown,STATION WAGON/SPORT UTILITY VEHICLE
4459297,UNKNOWN,9,12,0,0,Aggressive_Driving,SEDAN
4420825,UNKNOWN,5,7,1,0,Distraction,SEDAN
4412618,MANHATTAN,5,19,0,1,Other_Unknown,STATION WAGON/SPORT UTILITY VEHICLE
4412825,QUEENS,5,11,0,1,Other_Unknown,STATION WAGON/SPORT UTILITY VEHICLE
4463179,UNKNOWN,9,3,0,0,Distraction,SEDAN
4462884,UNKNOWN,9,11,0,0,Other_Unknown,STATION WAGON/SPORT UTILITY VEHICLE
4492878,UNKNOWN,1,5,0,0,Other_Unknown,STATION WAGON/SPORT UTILITY VEHICLE
4492471,MANHATTAN,1,19,0,0,Other_Unknown,SEDAN
4492560,BROOKLYN,1,10,0,0,Human_Error,OTHER
4543389,BROOKLYN,7,6,0,1,Other_Unknown,SEDAN
4422332,BROOKLYN,5,19,0,0,Distraction,STATION WAGON/SPORT UTILITY VEHICLE
4431071,UNKNOWN,6,23,0,0,Human_Error,SEDAN
4421746,STATEN ISLAND,5,0,0,1,Road_Conditions,OTHER
4413551,QUEENS,5,16,1,0,Aggressive_Driving,STATION WAGON/SPORT UTILITY VEHICLE
4422530,BRONX,5,7,1,0,Other_Unknown,SEDAN
4430466,BRONX,6,5,0,0,Other_Unknown,STATION WAGON/SPORT UTILITY VEHICLE
4431497,BROOKLYN,6,22,0,1,Human_Error,STATION WAGON/SPORT UTILITY VEHICLE
4459708,UNKNOWN,9,6,0,1,Aggressive_Driving,STATION WAGON/SPORT UTILITY VEHICLE
4430824,UNKNOWN,6,21,0,0,Other_Unknown,SEDAN
4514411,UNKNOWN,3,22,0,0,Vehicle_Fail,STATION WAGON/SPORT UTILITY VEHICLE
4413651,BROOKLYN,5,10,0,0,Distraction,OTHER
4515640,BROOKLYN,3,10,0,0,Distraction,STATION WAGON/SPORT UTILITY VEHICLE
4431968,BROOKLYN,6,8,1,1,Other_Unknown,SEDAN
4515128,BROOKLYN,3,13,0,0,Road_Conditions,STATION WAGON/SPORT UTILITY VEHICLE
4415317,BROOKLYN,5,19,0,1,Other_Unknown,SEDAN
4415274,BROOKLYN,5,16,1,0,Other_Unknown,STATION WAGON/SPORT UTILITY VEHICLE
4423851,BRONX,6,0,0,0,Distraction,STATION WAGON/SPORT UTILITY VEHICLE
4459538,MANHATTAN,9,0,0,0,Distraction,SEDAN
4460328,UNKNOWN,9,15,0,0,Aggressive_Driving,STATION WAGON/SPORT UTILITY VEHICLE
4414793,MANHATTAN,5,14,0,1,Distraction,SEDAN
4493922,BROOKLYN,1,8,1,0,Human_Error,UNKNOWN
4424104,UNKNOWN,6,9,1,0,Aggressive_Driving,SEDAN
4415477,BROOKLYN,5,10,0,1,Other_Unknown,STATION WAGON/SPORT UTILITY VEHICLE
4514364,BROOKLYN,3,21,0,0,Other_Unknown,SEDAN
4432728,QUEENS,6,21,0,0,DUI_Drugs,STATION WAGON/SPORT UTILITY VEHICLE
4433017,UNKNOWN,6,14,0,0,Aggressive_Driving,STATION WAGON/SPORT UTILITY VEHICLE
4432976,BROOKLYN,6,18,1,1,Other_Unknown,OTHER
4401758,UNKNOWN,3,6,0,0,Human_Error,TAXI
4461068,UNKNOWN,9,19,0,0,Distraction,OTHER
4465053,BROOKLYN,10,21,0,0,Other_Unknown,SEDAN
4485914,MANHATTAN,12,21,0,0,Aggressive_Driving,STATION WAGON/SPORT UTILITY VEHICLE
4514125,BROOKLYN,3,0,0,1,Other_Unknown,STATION WAGON/SPORT UTILITY VEHICLE
4425384,BRONX,4,15,0,0,Human_Error,SEDAN
4408128,BROOKLYN,4,12,0,0,Other_Unknown,STATION WAGON/SPORT UTILITY VEHICLE
4415475,UNKNOWN,5,11,0,0,Distraction,STATION WAGON/SPORT UTILITY VEHICLE
4416671,UNKNOWN,5,11,0,0,Other_Unknown,SEDAN
4407392,BROOKLYN,4,13,0,0,Aggressive_Driving,PICK-UP TRUCK
4415918,UNKNOWN,4,6,0,0,Other_Unknown,BUS
4408293,UNKNOWN,4,16,1,1,Other_Unknown,STATION WAGON/SPORT UTILITY VEHICLE
4409003,BROOKLYN,4,9,1,1,Vehicle_Fail,SEDAN
4408410,UNKNOWN,4,14,0,1,Other_Unknown,STATION WAGON/SPORT UTILITY VEHICLE
4465995,BRONX,10,8,1,0,Aggressive_Driving,STATION WAGON/SPORT UTILITY VEHICLE
4457048,UNKNOWN,9,23,0,0,Human_Error,UNKNOWN
4426429,UNKNOWN,6,10,0,0,Distraction,STATION WAGON/SPORT UTILITY VEHICLE
4598322,MANHATTAN,1,14,0,1,Other_Unknown,SEDAN
4425708,BROOKLYN,6,10,0,0,Distraction,STATION WAGON/SPORT UTILITY VEHICLE
4426136,UNKNOWN,6,15,0,0,Human_Error,SEDAN
4418105,BRONX,5,17,1,0,Other_Unknown,STATION WAGON/SPORT UTILITY VEHICLE
4465682,STATEN ISLAND,9,19,0,0,Human_Error,STATION WAGON/SPORT UTILITY VEHICLE
4418159,QUEENS,5,16,1,0,Other_Unknown,SEDAN
4457415,MANHATTAN,9,16,1,1,Human_Error,SEDAN
4542295,QUEENS,6,22,0,0,Distraction,STATION WAGON/SPORT UTILITY VEHICLE
4456905,QUEENS,9,11,0,0,Distraction,STATION WAGON/SPORT UTILITY VEHICLE
4418640,BROOKLYN,5,15,0,0,Distraction,STATION WAGON/SPORT UTILITY VEHICLE
4487505,BROOKLYN,12,17,1,0,Other_Unknown,STATION WAGON/SPORT UTILITY VEHICLE
4486876,BRONX,12,10,0,0,Human_Error,STATION WAGON/SPORT UTILITY VEHICLE
4409817,MANHATTAN,4,10,0,0,Distraction,STATION WAGON/SPORT UTILITY VEHICLE
4426543,QUEENS,6,13,0,1,Other_Unknown,SEDAN
4409872,MANHATTAN,4,19,0,0,Other_Unknown,OTHER
4491416,BRONX,1,1,0,1,Other_Unknown,UNKNOWN
4427082,UNKNOWN,6,3,0,0,Other_Unknown,STATION WAGON/SPORT UTILITY VEHICLE
4419115,QUEENS,5,15,0,0,Human_Error,UNKNOWN
4419392,MANHATTAN,5,21,0,0,Human_Error,TAXI
4418773,UNKNOWN,5,0,0,1,Human_Error,SEDAN
4418894,UNKNOWN,5,11,0,0,Distraction,SEDAN
4487171,UNKNOWN,12,9,1,0,Other_Unknown,STATION WAGON/SPORT UTILITY VEHICLE
4418723,UNKNOWN,5,14,0,0,Human_Error,STATION WAGON/SPORT UTILITY VEHICLE
4418669,QUEENS,5,17,1,0,Distraction,STATION WAGON/SPORT UTILITY VEHICLE
4491467,BROOKLYN,1,5,0,1,Other_Unknown,SEDAN
4410296,BROOKLYN,4,12,0,1,Other_Unknown,STATION WAGON/SPORT UTILITY VEHICLE
4428003,UNKNOWN,6,8,1,0,Other_Unknown,SEDAN
4462530,QUEENS,9,11,0,0,Distraction,STATION WAGON/SPORT UTILITY VEHICLE
4410829,UNKNOWN,4,20,0,0,Human_Error,SEDAN
4419894,UNKNOWN,5,17,1,0,Other_Unknown,SEDAN
4428275,QUEENS,6,0,0,0,Aggressive_Driving,STATION WAGON/SPORT UTILITY VEHICLE
4428765,BROOKLYN,6,17,1,0,Distraction,SEDAN
4458813,MANHATTAN,9,16,1,0,Distraction,SEDAN
4457686,BROOKLYN,9,18,1,0,Aggressive_Driving,OTHER
4504274,QUEENS,2,1,0,1,Distraction,STATION WAGON/SPORT UTILITY VEHICLE
4514064,BROOKLYN,3,1,0,1,Other_Unknown,STATION WAGON/SPORT UTILITY VEHICLE
4485676,BRONX,12,11,0,0,Other_Unknown,OTHER
4411872,MANHATTAN,4,16,1,0,Other_Unknown,OTHER
4429540,STATEN ISLAND,6,19,0,1,Human_Error,STATION WAGON/SPORT UTILITY VEHICLE
4412385,UNKNOWN,4,21,0,0,Other_Unknown,STATION WAGON/SPORT UTILITY VEHICLE
4492131,UNKNOWN,1,6,0,0,Road_Conditions,SEDAN
4515984,MANHATTAN,3,3,0,1,Distraction,SEDAN
4411919,MANHATTAN,4,18,1,0,Other_Unknown,STATION WAGON/SPORT UTILITY VEHICLE
4429982,BROOKLYN,6,10,0,1,Other_Unknown,STATION WAGON/SPORT UTILITY VEHICLE
4463038,STATEN ISLAND,10,10,0,0,Human_Error,STATION WAGON/SPORT UTILITY VEHICLE
4411290,BROOKLYN,4,1,0,0,Distraction,STATION WAGON/SPORT UTILITY VEHICLE
4458448,UNKNOWN,9,9,1,1,Distraction,STATION WAGON/SPORT UTILITY VEHICLE
4420907,QUEENS,5,15,0,0,Aggressive_Driving,STATION WAGON/SPORT UTILITY VEHICLE
4421510,BRONX,5,16,1,0,Other_Unknown,OTHER
4412811,BROOKLYN,5,22,0,1,Distraction,STATION WAGON/SPORT UTILITY VEHICLE
4492270,UNKNOWN,1,5,0,0,Road_Conditions,STATION WAGON/SPORT UTILITY VEHICLE
4413355,UNKNOWN,4,8,1,0,Distraction,SEDAN
4487958,BRONX,12,17,1,1,Other_Unknown,SEDAN
4463049,MANHATTAN,10,14,0,0,Human_Error,STATION WAGON/SPORT UTILITY VEHICLE
4421447,QUEENS,5,0,0,1,Distraction,BUS
4543730,QUEENS,6,14,0,0,Distraction,SEDAN
4413549,UNKNOWN,5,21,0,1,Human_Error,SEDAN
4412889,UNKNOWN,5,2,0,0,Other_Unknown,STATION WAGON/SPORT UTILITY VEHICLE
4458844,UNKNOWN,9,19,0,1,Other_Unknown,OTHER
4490080,BROOKLYN,12,22,0,0,Distraction,E-BIKE
4493506,UNKNOWN,1,19,0,0,Distraction,STATION WAGON/SPORT UTILITY VEHICLE
4421976,QUEENS,5,16,1,1,Other_Unknown,SEDAN
4430393,QUEENS,6,17,1,0,Other_Unknown,PICK-UP TRUCK
4422503,UNKNOWN,5,23,0,0,Other_Unknown,SEDAN
4430228,UNKNOWN,6,18,1,0,Distraction,OTHER
4422263,BROOKLYN,5,2,0,1,Human_Error,SEDAN
4515103,BROOKLYN,3,14,0,0,Distraction,SEDAN
4413317,BRONX,5,11,0,0,Other_Unknown,OTHER
4463220,UNKNOWN,10,18,1,1,Other_Unknown,BIKE
4422256,UNKNOWN,5,16,1,0,Human_Error,STATION WAGON/SPORT UTILITY VEHICLE
4422887,BROOKLYN,5,20,0,1,Road_Conditions,OTHER
4430903,BROOKLYN,6,2,0,0,Distraction,SEDAN
4492897,UNKNOWN,1,19,0,1,Human_Error,TAXI
4431252,BROOKLYN,6,23,0,1,Other_Unknown,STATION WAGON/SPORT UTILITY VEHICLE
4414582,BRONX,5,17,1,0,Distraction,PICK-UP TRUCK
4414255,QUEENS,5,23,0,0,Distraction,PICK-UP TRUCK
4488220,QUEENS,12,17,1,0,Human_Error,STATION WAGON/SPORT UTILITY VEHICLE
4515300,UNKNOWN,3,8,1,0,Other_Unknown,SEDAN
4459719,QUEENS,9,9,1,0,Human_Error,STATION WAGON/SPORT UTILITY VEHICLE
4423055,UNKNOWN,6,22,0,0,Other_Unknown,SEDAN
4414847,MANHATTAN,5,16,1,1,Distraction,STATION WAGON/SPORT UTILITY VEHICLE
4459725,UNKNOWN,9,13,0,0,Distraction,SEDAN
4464683,BRONX,10,16,1,0,Other_Unknown,STATION WAGON/SPORT UTILITY VEHICLE
4423924,BROOKLYN,5,21,0,0,Distraction,SEDAN
4431259,UNKNOWN,6,11,0,0,Other_Unknown,SEDAN
4424177,BROOKLYN,6,19,0,1,Other_Unknown,SEDAN
4566467,UNKNOWN,9,16,1,0,Other_Unknown,SEDAN
4567305,BROOKLYN,9,9,1,0,Vehicle_Fail,SEDAN
4461145,STATEN ISLAND,9,13,0,0,Other_Unknown,SEDAN
4464572,BRONX,10,13,0,0,Other_Unknown,BOX TRUCK
4464519,MANHATTAN,10,11,0,0,Other_Unknown,OTHER
4416042,UNKNOWN,5,22,0,1,Distraction,SEDAN
4515451,UNKNOWN,4,1,0,1,Distraction,SEDAN
4424672,BROOKLYN,6,16,1,0,Distraction,BUS
4425153,UNKNOWN,6,11,0,0,Human_Error,BUS
4415786,MANHATTAN,5,17,1,0,Human_Error,BIKE
4416307,MANHATTAN,5,17,1,0,Distraction,SEDAN
4491164,UNKNOWN,12,13,0,1,Distraction,STATION WAGON/SPORT UTILITY VEHICLE
4460552,MANHATTAN,9,12,0,0,Other_Unknown,BIKE
4417269,UNKNOWN,5,15,0,1,Distraction,MOTORCYCLE
4504153,QUEENS,2,17,1,1,Other_Unknown,SEDAN
4417337,QUEENS,5,15,0,1,Human_Error,SEDAN
4456745,UNKNOWN,9,17,1,1,Human_Error,SEDAN
4416182,UNKNOWN,5,0,0,0,Distraction,STATION WAGON/SPORT UTILITY VEHICLE
4407169,UNKNOWN,4,3,0,0,Aggressive_Driving,STATION WAGON/SPORT UTILITY VEHICLE
4425399,UNKNOWN,6,13,0,1,Distraction,STATION WAGON/SPORT UTILITY VEHICLE
4426296,MANHATTAN,6,7,1,0,Distraction,OTHER
4426397,QUEENS,6,18,1,1,Other_Unknown,STATION WAGON/SPORT UTILITY VEHICLE
4460934,UNKNOWN,9,19,0,1,Distraction,STATION WAGON/SPORT UTILITY VEHICLE
4461191,UNKNOWN,9,22,0,1,Vehicle_Fail,SEDAN
4417084,UNKNOWN,5,20,0,1,Aggressive_Driving,SEDAN
4418083,MANHATTAN,5,13,0,0,Human_Error,STATION WAGON/SPORT UTILITY VEHICLE
4456820,QUEENS,9,11,0,0,Other_Unknown,STATION WAGON/SPORT UTILITY VEHICLE
4485683,UNKNOWN,9,13,0,0,Human_Error,SEDAN
4409254,UNKNOWN,4,8,1,0,Other_Unknown,SEDAN
4427288,UNKNOWN,6,13,0,1,Human_Error,STATION WAGON/SPORT UTILITY VEHICLE
4409692,BRONX,4,12,0,0,Human_Error,SEDAN
4461679,QUEENS,9,16,1,0,Other_Unknown,SEDAN
4409373,QUEENS,4,18,1,0,Distraction,SEDAN
4491295,BROOKLYN,1,10,0,1,Distraction,STATION WAGON/SPORT UTILITY VEHICLE
4427066,UNKNOWN,6,9,1,0,Distraction,SEDAN
4427089,UNKNOWN,6,6,0,0,Other_Unknown,STATION WAGON/SPORT UTILITY VEHICLE
4418659,UNKNOWN,5,17,1,0,Human_Error,STATION WAGON/SPORT UTILITY VEHICLE
4466030,BRONX,10,13,0,1,Distraction,SEDAN
4492016,QUEENS,1,12,0,1,Other_Unknown,SEDAN
4488003,BROOKLYN,12,0,0,0,Other_Unknown,STATION WAGON/SPORT UTILITY VEHICLE
4514101,BRONX,3,8,1,1,Other_Unknown,STATION WAGON/SPORT UTILITY VEHICLE
4410573,UNKNOWN,4,7,1,1,Other_Unknown,SEDAN
4516507,BROOKLYN,3,16,1,1,Human_Error,STATION WAGON/SPORT UTILITY VEHICLE
4492290,BROOKLYN,12,15,0,0,Human_Error,STATION WAGON/SPORT UTILITY VEHICLE
4410969,UNKNOWN,4,14,0,0,Distraction,STATION WAGON/SPORT UTILITY VEHICLE
4419916,QUEENS,5,2,0,1,Aggressive_Driving,SEDAN
4411011,UNKNOWN,4,1,0,0,DUI_Drugs,SEDAN
4457884,QUEENS,9,14,0,0,Other_Unknown,SEDAN
4490022,MANHATTAN,11,16,1,0,Distraction,SEDAN
4420576,BROOKLYN,5,17,1,0,Other_Unknown,STATION WAGON/SPORT UTILITY VEHICLE
4428360,BRONX,6,20,0,0,Distraction,STATION WAGON/SPORT UTILITY VEHICLE
4492490,BRONX,1,18,1,0,Other_Unknown,SEDAN
4457961,QUEENS,9,17,1,0,Other_Unknown,SEDAN
4429535,QUEENS,6,16,1,1,Human_Error,STATION WAGON/SPORT UTILITY VEHICLE
4411575,UNKNOWN,4,7,1,0,Human_Error,STATION WAGON/SPORT UTILITY VEHICLE
4514814,UNKNOWN,3,5,0,0,Human_Error,STATION WAGON/SPORT UTILITY VEHICLE
4516207,UNKNOWN,4,12,0,0,Human_Error,STATION WAGON/SPORT UTILITY VEHICLE
4463457,BROOKLYN,9,9,1,1,Aggressive_Driving,SEDAN
4463808,BROOKLYN,9,10,0,0,Other_Unknown,STATION WAGON/SPORT UTILITY VEHICLE
4421080,MANHATTAN,5,15,0,0,Distraction,SEDAN
4459221,BROOKLYN,9,12,0,0,Other_Unknown,SEDAN
4422025,UNKNOWN,5,18,1,0,Other_Unknown,STATION WAGON/SPORT UTILITY VEHICLE
4422310,MANHATTAN,5,20,0,1,Other_Unknown,SEDAN
4413068,QUEENS,5,7,1,0,Other_Unknown,OTHER
4430026,BROOKLYN,6,0,0,0,Distraction,SEDAN
4422192,BROOKLYN,5,15,0,1,Other_Unknown,SEDAN
4421845,BROOKLYN,5,15,0,1,Aggressive_Driving,STATION WAGON/SPORT UTILITY VEHICLE
4430886,BRONX,6,16,1,0,Other_Unknown,OTHER
4430909,BROOKLYN,6,12,0,0,Other_Unknown,STATION WAGON/SPORT UTILITY VEHICLE
4431084,BRONX,6,11,0,0,Distraction,SEDAN
4459417,UNKNOWN,9,10,0,0,Human_Error,STATION WAGON/SPORT UTILITY VEHICLE
4492958,QUEENS,1,11,0,1,Distraction,OTHER
4422451,MANHATTAN,6,1,0,0,Aggressive_Driving,SEDAN
4463317,UNKNOWN,10,2,0,1,Human_Error,SEDAN
4515288,BRONX,3,8,1,0,Other_Unknown,STATION WAGON/SPORT UTILITY VEHICLE
4488779,QUEENS,12,11,0,1,Other_Unknown,STATION WAGON/SPORT UTILITY VEHICLE
4567255,BROOKLYN,9,19,0,0,Other_Unknown,SEDAN
4464869,QUEENS,9,14,0,0,Other_Unknown,STATION WAGON/SPORT UTILITY VEHICLE
4566175,UNKNOWN,9,12,0,0,Aggressive_Driving,SEDAN
4461224,BROOKLYN,9,23,0,0,Other_Unknown,SEDAN
4461111,QUEENS,9,1,0,0,Other_Unknown,SEDAN
4424379,UNKNOWN,6,0,0,1,Aggressive_Driving,STATION WAGON/SPORT UTILITY VEHICLE
4425033,UNKNOWN,6,6,0,0,Distraction,STATION WAGON/SPORT UTILITY VEHICLE
4415800,MANHATTAN,5,9,1,0,Aggressive_Driving,STATION WAGON/SPORT UTILITY VEHICLE
4456860,QUEENS,9,9,1,0,Distraction,PICK-UP TRUCK
4456603,QUEENS,6,11,0,0,Other_Unknown,STATION WAGON/SPORT UTILITY VEHICLE
4484906,STATEN ISLAND,12,22,0,0,Road_Conditions,SEDAN
4407684,UNKNOWN,4,17,1,0,Distraction,SEDAN
4407651,BROOKLYN,4,17,1,0,Other_Unknown,SEDAN
4416369,BRONX,5,9,1,0,Other_Unknown,STATION WAGON/SPORT UTILITY VEHICLE
4491325,UNKNOWN,12,13,0,1,Distraction,SEDAN
4490622,UNKNOWN,12,19,0,0,Other_Unknown,SEDAN
4416682,QUEENS,5,20,0,0,Aggressive_Driving,SEDAN
4425552,MANHATTAN,6,9,1,0,Other_Unknown,STATION WAGON/SPORT UTILITY VEHICLE
4456565,QUEENS,7,14,0,0,Other_Unknown,OTHER
4459948,BROOKLYN,9,12,0,0,Aggressive_Driving,SEDAN
4484992,UNKNOWN,12,6,0,0,Other_Unknown,STATION WAGON/SPORT UTILITY VEHICLE
4408470,UNKNOWN,4,0,0,1,Distraction,STATION WAGON/SPORT UTILITY VEHICLE
4465387,UNKNOWN,10,9,1,0,Distraction,SEDAN
4465485,UNKNOWN,10,9,1,0,Human_Error,SEDAN
4464791,QUEENS,10,17,1,0,Other_Unknown,SEDAN
4485669,UNKNOWN,12,13,0,1,Other_Unknown,STATION WAGON/SPORT UTILITY VEHICLE
4598358,BRONX,1,5,0,0,Human_Error,SEDAN
4426552,QUEENS,5,20,0,0,Other_Unknown,STATION WAGON/SPORT UTILITY VEHICLE
4417175,BRONX,5,2,0,1,Other_Unknown,OTHER
4425366,BRONX,6,18,1,0,Human_Error,SEDAN
4408939,BROOKLYN,4,11,0,0,Human_Error,STATION WAGON/SPORT UTILITY VEHICLE
4515956,MANHATTAN,4,16,1,1,Distraction,SEDAN
4426748,UNKNOWN,6,15,0,1,Distraction,SEDAN
4426333,BROOKLYN,6,4,0,1,Vehicle_Fail,STATION WAGON/SPORT UTILITY VEHICLE
4487572,UNKNOWN,12,8,1,0,Other_Unknown,STATION WAGON/SPORT UTILITY VEHICLE
4418678,BROOKLYN,5,17,1,0,Distraction,STATION WAGON/SPORT UTILITY VEHICLE
4462053,QUEENS,9,18,1,1,Human_Error,STATION WAGON/SPORT UTILITY VEHICLE
4427002,BROOKLYN,6,0,0,1,Aggressive_Driving,STATION WAGON/SPORT UTILITY VEHICLE
4488915,QUEENS,12,18,1,0,Distraction,SEDAN
4489860,UNKNOWN,12,15,0,0,Other_Unknown,STATION WAGON/SPORT UTILITY VEHICLE
4418645,UNKNOWN,5,1,0,0,Distraction,STATION WAGON/SPORT UTILITY VEHICLE
4486965,UNKNOWN,12,17,1,0,Other_Unknown,STATION WAGON/SPORT UTILITY VEHICLE
4486855,BROOKLYN,12,23,0,0,Other_Unknown,SEDAN
4486835,BROOKLYN,12,18,1,0,Distraction,TAXI
4465747,UNKNOWN,10,10,0,1,Human_Error,SEDAN
4427472,BRONX,6,16,1,0,Other_Unknown,SEDAN
4513903,QUEENS,3,21,0,1,Other_Unknown,STATION WAGON/SPORT UTILITY VEHICLE
4514576,UNKNOWN,3,20,0,1,Distraction,SEDAN
4492019,BRONX,1,17,1,0,Other_Unknown,SEDAN
4542433,BRONX,6,23,0,0,Other_Unknown,SEDAN
4420326,UNKNOWN,5,19,0,0,Other_Unknown,SEDAN
4420155,UNKNOWN,5,4,0,1,Human_Error,STATION WAGON/SPORT UTILITY VEHICLE
4411227,BRONX,4,12,0,0,Distraction,SEDAN
4411286,MANHATTAN,4,15,0,0,Other_Unknown,SEDAN
4411265,MANHATTAN,4,12,0,0,Distraction,BOX TRUCK
4428646,QUEENS,6,17,1,0,Other_Unknown,BUS
4420034,QUEENS,5,17,1,0,Other_Unknown,STATION WAGON/SPORT UTILITY VEHICLE
4420346,UNKNOWN,5,12,0,0,Distraction,STATION WAGON/SPORT UTILITY VEHICLE
4428048,QUEENS,6,3,0,0,DUI_Drugs,SEDAN
4492172,MANHATTAN,1,10,0,0,Other_Unknown,STATION WAGON/SPORT UTILITY VEHICLE
4514142,QUEENS,3,15,0,1,Aggressive_Driving,SEDAN
4490290,UNKNOWN,12,20,0,0,Distraction,SEDAN
4458364,BROOKLYN,9,20,0,0,Human_Error,SEDAN
4515293,UNKNOWN,3,19,0,0,Other_Unknown,SEDAN
4411167,UNKNOWN,4,0,0,0,Other_Unknown,STATION WAGON/SPORT UTILITY VEHICLE
4412098,UNKNOWN,3,16,1,0,Other_Unknown,STATION WAGON/SPORT UTILITY VEHICLE
4459252,UNKNOWN,9,9,1,0,Other_Unknown,STATION WAGON/SPORT UTILITY VEHICLE
4412193,UNKNOWN,5,2,0,1,Other_Unknown,SEDAN
4412363,BRONX,5,14,0,1,Distraction,STATION WAGON/SPORT UTILITY VEHICLE
4543690,UNKNOWN,6,5,0,1,Other_Unknown,SEDAN
4412873,UNKNOWN,5,23,0,1,Other_Unknown,SEDAN
4458806,UNKNOWN,9,1,0,1,Other_Unknown,SEDAN
4420929,BRONX,5,0,0,0,Aggressive_Driving,SEDAN
4412766,BRONX,5,11,0,1,Other_Unknown,STATION WAGON/SPORT UTILITY VEHICLE
4492144,UNKNOWN,1,11,0,0,Distraction,TAXI
4492163,UNKNOWN,1,11,0,0,Other_Unknown,STATION WAGON/SPORT UTILITY VEHICLE
4463321,UNKNOWN,10,19,0,0,Human_Error,BIKE
4463841,UNKNOWN,10,1,0,0,Other_Unknown,TAXI
4420176,QUEENS,5,17,1,0,Human_Error,SEDAN
4422084,BROOKLYN,5,18,1,0,Human_Error,TAXI
4422078,UNKNOWN,5,19,0,0,Human_Error,SEDAN
4430712,UNKNOWN,6,20,0,0,DUI_Drugs,STATION WAGON/SPORT UTILITY VEHICLE
4413299,QUEENS,5,10,0,0,Human_Error,SEDAN
4413738,QUEENS,5,8,1,0,Road_Conditions,STATION WAGON/SPORT UTILITY VEHICLE
4430955,UNKNOWN,6,21,0,0,DUI_Drugs,STATION WAGON/SPORT UTILITY VEHICLE
4422440,UNKNOWN,5,15,0,0,Aggressive_Driving,SEDAN
4484817,QUEENS,12,17,1,0,Human_Error,SEDAN
4422348,UNKNOWN,5,2,0,0,Vehicle_Fail,SEDAN
4422319,QUEENS,5,14,0,0,Aggressive_Driving,STATION WAGON/SPORT UTILITY VEHICLE
4493256,UNKNOWN,1,3,0,1,DUI_Drugs,SEDAN
4514405,BRONX,3,10,0,0,Human_Error,SEDAN
4414450,UNKNOWN,5,4,0,0,Distraction,STATION WAGON/SPORT UTILITY VEHICLE
4423212,BROOKLYN,5,3,0,0,Other_Unknown,SEDAN
4423209,UNKNOWN,5,18,1,1,Human_Error,SEDAN
4413937,MANHATTAN,5,8,1,0,Human_Error,STATION WAGON/SPORT UTILITY VEHICLE
4414364,UNKNOWN,5,22,0,0,Distraction,OTHER
4464287,STATEN ISLAND,10,9,1,1,Distraction,SEDAN
4413813,MANHATTAN,5,14,0,0,Distraction,SEDAN
4432440,BRONX,6,23,0,0,Distraction,PICK-UP TRUCK
4488163,UNKNOWN,12,6,0,0,Other_Unknown,SEDAN
4515765,QUEENS,3,10,0,0,Aggressive_Driving,STATION WAGON/SPORT UTILITY VEHICLE
4423880,MANHATTAN,6,17,1,0,Distraction,PICK-UP TRUCK
4432532,UNKNOWN,6,1,0,1,Distraction,SEDAN
4414986,MANHATTAN,5,15,0,1,Human_Error,STATION WAGON/SPORT UTILITY VEHICLE
4494105,BROOKLYN,1,16,1,0,Other_Unknown,SEDAN
4543662,UNKNOWN,7,18,1,0,Distraction,SEDAN
4464647,QUEENS,9,11,0,0,Other_Unknown,SEDAN
4464377,UNKNOWN,10,19,0,0,Human_Error,STATION WAGON/SPORT UTILITY VEHICLE
4489030,QUEENS,12,9,1,0,Human_Error,BOX TRUCK
4432998,BROOKLYN,6,12,0,0,Distraction,OTHER
4494002,UNKNOWN,1,20,0,0,Aggressive_Driving,STATION WAGON/SPORT UTILITY VEHICLE
4460976,UNKNOWN,9,14,0,0,Distraction,BUS
4460677,BRONX,9,7,1,0,Other_Unknown,STATION WAGON/SPORT UTILITY VEHICLE
4424917,UNKNOWN,6,9,1,1,Human_Error,STATION WAGON/SPORT UTILITY VEHICLE
4516185,BROOKLYN,4,11,0,0,Distraction,OTHER
4415688,UNKNOWN,5,23,0,0,Other_Unknown,TAXI
4456980,MANHATTAN,9,8,1,1,Distraction,SEDAN
4417127,MANHATTAN,5,7,1,0,Human_Error,STATION WAGON/SPORT UTILITY VEHICLE
4424988,QUEENS,6,13,0,0,Human_Error,STATION WAGON/SPORT UTILITY VEHICLE
4425168,BROOKLYN,6,15,0,0,Aggressive_Driving,BUS
4456411,BRONX,9,21,0,1,Distraction,SEDAN
4425670,BROOKLYN,6,17,1,1,Human_Error,STATION WAGON/SPORT UTILITY VEHICLE
4461424,UNKNOWN,9,20,0,0,Distraction,STATION WAGON/SPORT UTILITY VEHICLE
4460445,QUEENS,9,11,0,0,Distraction,SEDAN
4408668,BROOKLYN,4,22,0,0,Distraction,BUS
4416749,UNKNOWN,5,1,0,1,Aggressive_Driving,STATION WAGON/SPORT UTILITY VEHICLE
4456472,BRONX,9,11,0,1,Other_Unknown,STATION WAGON/SPORT UTILITY VEHICLE
4542479,UNKNOWN,6,12,0,0,Other_Unknown,STATION WAGON/SPORT UTILITY VEHICLE
4542517,UNKNOWN,6,19,0,0,Distraction,SEDAN
4456247,BRONX,9,15,0,1,Other_Unknown,SEDAN
4426018,MANHATTAN,5,17,1,0,Other_Unknown,E-BIKE
4460893,QUEENS,9,0,0,1,Other_Unknown,STATION WAGON/SPORT UTILITY VEHICLE
4417598,QUEENS,5,14,0,0,Distraction,STATION WAGON/SPORT UTILITY VEHICLE
4417677,UNKNOWN,5,18,1,0,Human_Error,STATION WAGON/SPORT UTILITY VEHICLE
4426109,QUEENS,6,20,0,0,Other_Unknown,SEDAN
4409143,BROOKLYN,4,18,1,0,Other_Unknown,SEDAN
4464702,UNKNOWN,10,10,0,0,Other_Unknown,STATION WAGON/SPORT UTILITY VEHICLE
4490853,MANHATTAN,12,2,0,0,Other_Unknown,STATION WAGON/SPORT UTILITY VEHICLE
4516085,UNKNOWN,4,8,1,0,Other_Unknown,SEDAN
4485720,UNKNOWN,12,22,0,1,Distraction,SEDAN
4457003,BROOKLYN,9,22,0,0,Other_Unknown,SEDAN
4418072,UNKNOWN,5,20,0,0,Aggressive_Driving,SEDAN
4418363,BRONX,5,12,0,0,Aggressive_Driving,STATION WAGON/SPORT UTILITY VEHICLE
4457372,BRONX,9,17,1,0,Other_Unknown,SEDAN
4466178,STATEN ISLAND,10,19,0,1,Distraction,SEDAN
4457570,BROOKLYN,9,8,1,0,Other_Unknown,SEDAN
4419164,UNKNOWN,5,17,1,0,DUI_Drugs,STATION WAGON/SPORT UTILITY VEHICLE
4491657,UNKNOWN,1,0,0,1,Human_Error,SEDAN
4487250,BROOKLYN,12,8,1,0,Other_Unknown,SEDAN
4419194,BROOKLYN,5,15,0,0,Distraction,MOTORCYCLE
4428192,BROOKLYN,6,17,1,0,Other_Unknown,STATION WAGON/SPORT UTILITY VEHICLE
4427642,UNKNOWN,6,16,1,0,Other_Unknown,OTHER
4410371,UNKNOWN,4,9,1,1,Road_Conditions,SEDAN
4462094,MANHATTAN,9,8,1,0,Other_Unknown,BUS
4466299,UNKNOWN,10,18,1,0,Human_Error,SEDAN
4419096,UNKNOWN,5,23,0,1,Distraction,STATION WAGON/SPORT UTILITY VEHICLE
4492307,BROOKLYN,12,9,1,0,Other_Unknown,SEDAN
4410755,BROOKLYN,4,10,0,0,Other_Unknown,STATION WAGON/SPORT UTILITY VEHICLE
4462460,BROOKLYN,9,15,0,0,Distraction,SEDAN
4489914,MANHATTAN,12,22,0,0,Distraction,SEDAN
4419308,UNKNOWN,5,0,0,1,Other_Unknown,BIKE
4419549,UNKNOWN,5,16,1,1,Distraction,BUS
4428564,UNKNOWN,6,14,0,0,Human_Error,SEDAN
4489415,BROOKLYN,12,0,0,1,Other_Unknown,SEDAN
4428705,QUEENS,6,16,1,0,Human_Error,STATION WAGON/SPORT UTILITY VEHICLE
4428315,UNKNOWN,6,0,0,0,Distraction,OTHER
4428226,UNKNOWN,6,13,0,0,Distraction,OTHER
4458301,UNKNOWN,9,14,0,0,Human_Error,STATION WAGON/SPORT UTILITY VEHICLE
4490131,MANHATTAN,12,14,0,0,Other_Unknown,STATION WAGON/SPORT UTILITY VEHICLE
4429538,STATEN ISLAND,6,11,0,0,Other_Unknown,STATION WAGON/SPORT UTILITY VEHICLE
4429410,UNKNOWN,6,14,0,1,Other_Unknown,SEDAN
4429381,UNKNOWN,6,13,0,0,Distraction,STATION WAGON/SPORT UTILITY VEHICLE
4412216,UNKNOWN,4,19,0,0,Aggressive_Driving,STATION WAGON/SPORT UTILITY VEHICLE
4566985,QUEENS,9,10,0,0,Human_Error,SEDAN
4566375,QUEENS,9,9,1,0,Other_Unknown,STATION WAGON/SPORT UTILITY VEHICLE
4515580,BROOKLYN,4,16,1,0,Other_Unknown,SEDAN
4429525,QUEENS,6,14,0,1,Other_Unknown,SEDAN
4412105,BROOKLYN,4,18,1,0,Distraction,SEDAN
4463514,BRONX,10,12,0,0,Other_Unknown,STATION WAGON/SPORT UTILITY VEHICLE
4463320,MANHATTAN,10,18,1,0,Road_Conditions,STATION WAGON/SPORT UTILITY VEHICLE
4522303,UNKNOWN,4,23,0,1,Distraction,SEDAN
4421545,QUEENS,5,13,0,0,Human_Error,STATION WAGON/SPORT UTILITY VEHICLE
4492671,MANHATTAN,1,7,1,0,Human_Error,STATION WAGON/SPORT UTILITY VEHICLE
4492329,UNKNOWN,1,20,0,0,Aggressive_Driving,TAXI
4412897,UNKNOWN,5,23,0,1,Distraction,STATION WAGON/SPORT UTILITY VEHICLE
4492948,UNKNOWN,1,11,0,0,Human_Error,STATION WAGON/SPORT UTILITY VEHICLE
4413611,MANHATTAN,5,12,0,1,Other_Unknown,SEDAN
4413451,BROOKLYN,5,13,0,1,Other_Unknown,SEDAN
4422194,UNKNOWN,5,9,1,0,Aggressive_Driving,BUS
4493462,MANHATTAN,1,22,0,1,Other_Unknown,E-BIKE
4492957,MANHATTAN,1,6,0,1,Other_Unknown,STATION WAGON/SPORT UTILITY VEHICLE
4431553,BROOKLYN,6,1,0,0,Other_Unknown,SEDAN
4492893,QUEENS,1,12,0,1,Road_Conditions,BOX TRUCK
4492938,BROOKLYN,1,18,1,1,Human_Error,SEDAN
4422997,UNKNOWN,6,6,0,0,Distraction,SEDAN
4493809,BRONX,1,16,1,0,Distraction,SEDAN
4413900,UNKNOWN,5,14,0,0,Distraction,SEDAN
4429882,UNKNOWN,6,0,0,1,Human_Error,SEDAN
4464399,BROOKLYN,10,9,1,0,Aggressive_Driving,SEDAN
4459584,UNKNOWN,9,22,0,0,Distraction,SEDAN
4459444,UNKNOWN,9,9,1,0,Aggressive_Driving,SEDAN
4431836,BROOKLYN,6,8,1,0,Other_Unknown,STATION WAGON/SPORT UTILITY VEHICLE
4431932,UNKNOWN,6,16,1,0,Aggressive_Driving,STATION WAGON/SPORT UTILITY VEHICLE
4485449,MANHATTAN,12,21,0,1,Distraction,BUS
4432876,UNKNOWN,6,15,0,0,Distraction,STATION WAGON/SPORT UTILITY VEHICLE
4489187,UNKNOWN,12,19,0,0,Other_Unknown,SEDAN
4489098,MANHATTAN,12,11,0,0,Distraction,SEDAN
4424051,BROOKLYN,6,2,0,1,Aggressive_Driving,SEDAN
4522355,UNKNOWN,4,15,0,1,Human_Error,OTHER
4493819,QUEENS,1,16,1,0,Other_Unknown,SEDAN
4460072,STATEN ISLAND,9,6,0,0,Other_Unknown,BUS
4460434,UNKNOWN,9,15,0,1,Other_Unknown,STATION WAGON/SPORT UTILITY VEHICLE
4517264,UNKNOWN,4,3,0,0,Distraction,STATION WAGON/SPORT UTILITY VEHICLE
4461161,UNKNOWN,9,18,1,0,Aggressive_Driving,SEDAN
4415165,MANHATTAN,5,14,0,0,Human_Error,SEDAN
4490728,UNKNOWN,12,9,1,0,Other_Unknown,PICK-UP TRUCK
4417083,BROOKLYN,5,12,0,0,Road_Conditions,STATION WAGON/SPORT UTILITY VEHICLE
4415833,UNKNOWN,5,9,1,0,Other_Unknown,SEDAN
4417162,UNKNOWN,5,18,1,1,Human_Error,STATION WAGON/SPORT UTILITY VEHICLE
4416002,UNKNOWN,5,9,1,0,Other_Unknown,BOX TRUCK
4416501,UNKNOWN,5,21,0,0,Human_Error,STATION WAGON/SPORT UTILITY VEHICLE
4457018,BRONX,9,15,0,0,Human_Error,UNKNOWN
4456080,MANHATTAN,9,1,0,1,Human_Error,UNKNOWN
4416460,BROOKLYN,5,9,1,0,Other_Unknown,SEDAN
4407978,QUEENS,4,15,0,1,Other_Unknown,STATION WAGON/SPORT UTILITY VEHICLE
4465539,BROOKLYN,10,8,1,0,Other_Unknown,STATION WAGON/SPORT UTILITY VEHICLE
4460659,QUEENS,9,22,0,1,Other_Unknown,SEDAN
4456266,UNKNOWN,9,7,1,1,Other_Unknown,STATION WAGON/SPORT UTILITY VEHICLE
4542806,BROOKLYN,6,18,1,0,Distraction,SEDAN
4456353,UNKNOWN,9,15,0,1,Distraction,SEDAN
4417823,MANHATTAN,5,9,1,0,Other_Unknown,SEDAN
4425661,STATEN ISLAND,6,6,0,0,Other_Unknown,SEDAN
4461676,UNKNOWN,9,11,0,0,Distraction,BOX TRUCK
4460760,BROOKLYN,9,12,0,1,Other_Unknown,STATION WAGON/SPORT UTILITY VEHICLE
4426730,BROOKLYN,6,16,1,0,Other_Unknown,SEDAN
4425419,MANHATTAN,6,0,0,0,Distraction,SEDAN
4417549,BRONX,5,12,0,0,Other_Unknown,UNKNOWN
4465812,UNKNOWN,10,20,0,0,Distraction,SEDAN
4488727,UNKNOWN,12,2,0,0,Distraction,SEDAN
4426405,UNKNOWN,6,15,0,1,Aggressive_Driving,SEDAN
4457398,QUEENS,9,16,1,0,Other_Unknown,STATION WAGON/SPORT UTILITY VEHICLE
4487735,BROOKLYN,11,11,0,0,Other_Unknown,SEDAN
4458015,BRONX,9,16,1,0,Human_Error,SEDAN
4461847,BROOKLYN,9,15,0,0,Distraction,STATION WAGON/SPORT UTILITY VEHICLE
4461094,BROOKLYN,9,8,1,1,Other_Unknown,SEDAN
4543168,QUEENS,7,15,0,1,Other_Unknown,SEDAN
4426304,BRONX,6,0,0,1,Other_Unknown,SEDAN
4489635,QUEENS,12,9,1,0,Aggressive_Driving,SEDAN
4461562,UNKNOWN,9,7,1,0,Human_Error,SEDAN
4491481,BRONX,1,7,1,1,Other_Unknown,SEDAN
4457420,MANHATTAN,9,13,0,0,Other_Unknown,SEDAN
4426870,BRONX,6,6,0,0,Distraction,SEDAN
4418278,UNKNOWN,5,9,1,0,Other_Unknown,SEDAN
4418541,MANHATTAN,5,9,1,0,Other_Unknown,MOTORCYCLE
4411056,BROOKLYN,4,10,0,0,Other_Unknown,SEDAN
4489765,QUEENS,12,2,0,0,DUI_Drugs,SEDAN
4410782,BROOKLYN,4,10,0,1,Distraction,SEDAN
4543277,MANHATTAN,7,23,0,1,Human_Error,SEDAN
4466872,BROOKLYN,10,4,0,0,Aggressive_Driving,STATION WAGON/SPORT UTILITY VEHICLE
4504390,UNKNOWN,2,13,0,1,Distraction,SEDAN
4487130,QUEENS,12,15,0,0,Aggressive_Driving,STATION WAGON/SPORT UTILITY VEHICLE
4419936,BRONX,5,6,0,0,Human_Error,SEDAN
4491851,QUEENS,1,17,1,0,Distraction,SEDAN
4492086,MANHATTAN,1,5,0,1,Human_Error,TAXI
4419906,QUEENS,5,13,0,0,Other_Unknown,OTHER
4515920,UNKNOWN,4,1,0,1,Aggressive_Driving,OTHER
4462327,UNKNOWN,9,4,0,0,Aggressive_Driving,BOX TRUCK
4542049,BROOKLYN,6,11,0,0,Human_Error,SEDAN
4411388,UNKNOWN,4,14,0,0,Distraction,SEDAN
4490019,BROOKLYN,12,15,0,1,Other_Unknown,SEDAN
4489498,UNKNOWN,12,14,0,1,Distraction,SEDAN
4427963,MANHATTAN,6,16,1,0,Human_Error,UNKNOWN
4427757,MANHATTAN,6,11,0,0,Distraction,STATION WAGON/SPORT UTILITY VEHICLE
4543091,BRONX,7,18,1,0,Other_Unknown,PICK-UP TRUCK
4428941,QUEENS,6,21,0,0,Other_Unknown,SEDAN
4458106,BRONX,9,8,1,0,Other_Unknown,STATION WAGON/SPORT UTILITY VEHICLE
4428046,UNKNOWN,6,7,1,0,Other_Unknown,SEDAN
4546089,UNKNOWN,7,11,0,1,Other_Unknown,SEDAN
4457684,BROOKLYN,9,20,0,0,Aggressive_Driving,SEDAN
4490147,QUEENS,12,20,0,0,Aggressive_Driving,STATION WAGON/SPORT UTILITY VEHICLE
4490173,UNKNOWN,12,18,1,1,Distraction,STATION WAGON/SPORT UTILITY VEHICLE
4485389,UNKNOWN,12,13,0,0,Distraction,STATION WAGON/SPORT UTILITY VEHICLE
4420376,QUEENS,5,16,1,0,Other_Unknown,SEDAN
4411461,UNKNOWN,4,17,1,0,Distraction,STATION WAGON/SPORT UTILITY VEHICLE
4429434,QUEENS,6,2,0,1,Distraction,STATION WAGON/SPORT UTILITY VEHICLE
4462204,QUEENS,9,10,0,0,Distraction,SEDAN
4429698,MANHATTAN,6,9,1,1,Human_Error,STATION WAGON/SPORT UTILITY VEHICLE
4516912,BRONX,3,15,0,0,Other_Unknown,BUS
4462903,MANHATTAN,9,13,0,0,Distraction,BIKE
4458875,MANHATTAN,9,17,1,1,Other_Unknown,STATION WAGON/SPORT UTILITY VEHICLE
4462999,UNKNOWN,10,18,1,0,Other_Unknown,STATION WAGON/SPORT UTILITY VEHICLE
4412824,QUEENS,4,15,0,0,Other_Unknown,SEDAN
4412314,UNKNOWN,5,12,0,1,Human_Error,STATION WAGON/SPORT UTILITY VEHICLE
4412601,MANHATTAN,5,15,0,1,Other_Unknown,SEDAN
4421843,UNKNOWN,5,21,0,0,Distraction,SEDAN
4492745,UNKNOWN,1,12,0,0,Distraction,UNKNOWN
4492612,QUEENS,1,12,0,0,Distraction,SEDAN
4458831,UNKNOWN,9,13,0,1,Distraction,SEDAN
4429949,MANHATTAN,6,10,0,0,Road_Conditions,E-BIKE
4492838,UNKNOWN,1,12,0,0,Aggressive_Driving,SEDAN
4413613,MANHATTAN,5,10,0,1,Human_Error,SEDAN
4413316,UNKNOWN,5,21,0,0,Other_Unknown,STATION WAGON/SPORT UTILITY VEHICLE
4459585,BROOKLYN,9,8,1,0,Human_Error,STATION WAGON/SPORT UTILITY VEHICLE
4493570,QUEENS,1,19,0,0,Human_Error,SEDAN
4422032,BRONX,5,13,0,1,Other_Unknown,SEDAN
4413227,UNKNOWN,5,14,0,0,Human_Error,SEDAN
4413875,UNKNOWN,5,1,0,0,Other_Unknown,SEDAN
4413630,BRONX,5,15,0,0,Other_Unknown,SEDAN
4430521,BROOKLYN,6,0,0,0,Other_Unknown,OTHER
4463845,UNKNOWN,10,20,0,1,Distraction,SEDAN
4464072,UNKNOWN,10,20,0,1,Human_Error,UNKNOWN
4516622,UNKNOWN,4,23,0,0,Road_Conditions,SEDAN
4543685,BROOKLYN,6,18,1,1,Distraction,SEDAN
4488100,BROOKLYN,12,8,1,0,Human_Error,STATION WAGON/SPORT UTILITY VEHICLE
4414231,BRONX,5,12,0,0,Other_Unknown,STATION WAGON/SPORT UTILITY VEHICLE
4414689,BROOKLYN,5,17,1,0,Other_Unknown,STATION WAGON/SPORT UTILITY VEHICLE
4490798,BROOKLYN,12,6,0,0,Aggressive_Driving,SEDAN
4413789,UNKNOWN,5,8,1,0,Aggressive_Driving,PICK-UP TRUCK
4413793,QUEENS,5,12,0,0,Distraction,OTHER
4566910,BROOKLYN,9,16,1,0,Distraction,STATION WAGON/SPORT UTILITY VEHICLE
4415402,BRONX,5,23,0,1,Distraction,STATION WAGON/SPORT UTILITY VEHICLE
4415622,UNKNOWN,5,5,0,0,Human_Error,PICK-UP TRUCK
4415543,QUEENS,5,22,0,0,Distraction,SEDAN
4566658,UNKNOWN,8,9,1,1,Other_Unknown,SEDAN
4464118,BROOKLYN,10,16,1,0,Human_Error,STATION WAGON/SPORT UTILITY VEHICLE
4432466,UNKNOWN,6,14,0,0,Road_Conditions,STATION WAGON/SPORT UTILITY VEHICLE
4424063,UNKNOWN,6,5,0,1,Human_Error,SEDAN
4423998,BROOKLYN,6,22,0,1,Distraction,SEDAN
4461003,UNKNOWN,9,17,1,0,Other_Unknown,SEDAN
4517393,BROOKLYN,4,0,0,0,Distraction,OTHER
4461045,UNKNOWN,9,20,0,0,Other_Unknown,STATION WAGON/SPORT UTILITY VEHICLE
4460680,UNKNOWN,9,0,0,0,Other_Unknown,STATION WAGON/SPORT UTILITY VEHICLE
4424889,MANHATTAN,6,23,0,0,Human_Error,SEDAN
4415724,UNKNOWN,4,18,1,0,Other_Unknown,OTHER
4513587,BROOKLYN,3,10,0,1,Human_Error,STATION WAGON/SPORT UTILITY VEHICLE
4415347,UNKNOWN,5,22,0,0,Distraction,SEDAN
4407723,UNKNOWN,4,8,1,0,Distraction,STATION WAGON/SPORT UTILITY VEHICLE
4407454,BROOKLYN,4,13,0,0,Distraction,STATION WAGON/SPORT UTILITY VEHICLE
4416265,BROOKLYN,5,16,1,0,Human_Error,BIKE
4490809,UNKNOWN,12,2,0,0,Road_Conditions,SEDAN
4490738,BRONX,12,17,1,0,Other_Unknown,STATION WAGON/SPORT UTILITY VEHICLE
4408251,QUEENS,4,23,0,1,Other_Unknown,STATION WAGON/SPORT UTILITY VEHICLE
4460130,BRONX,9,13,0,0,Aggressive_Driving,SEDAN
4465270,BRONX,10,18,1,0,Other_Unknown,STATION WAGON/SPORT UTILITY VEHICLE
4465215,BRONX,10,6,0,0,Human_Error,SEDAN
4408482,UNKNOWN,4,12,0,1,Other_Unknown,BOX TRUCK
4515159,UNKNOWN,3,14,0,0,Human_Error,BUS
4465603,UNKNOWN,10,20,0,0,Human_Error,STATION WAGON/SPORT UTILITY VEHICLE
4457215,UNKNOWN,9,14,0,1,Human_Error,TAXI
4456532,UNKNOWN,9,23,0,1,Human_Error,STATION WAGON/SPORT UTILITY VEHICLE
4597773,UNKNOWN,1,20,0,1,Other_Unknown,STATION WAGON/SPORT UTILITY VEHICLE
4408777,BRONX,4,7,1,0,Other_Unknown,BUS
4425685,BROOKLYN,6,5,0,0,Other_Unknown,SEDAN
4460801,UNKNOWN,9,15,0,1,Road_Conditions,SEDAN
4457637,QUEENS,9,22,0,0,Human_Error,SEDAN
4425497,UNKNOWN,6,4,0,0,Distraction,SEDAN
4408963,BROOKLYN,4,15,0,0,Distraction,SEDAN
4516181,BROOKLYN,3,15,0,0,Other_Unknown,BUS
4516114,BROOKLYN,3,18,1,0,Other_Unknown,SEDAN
4417602,QUEENS,5,1,0,0,Distraction,SEDAN
4457645,BROOKLYN,8,18,1,0,Vehicle_Fail,STATION WAGON/SPORT UTILITY VEHICLE
4426905,UNKNOWN,6,15,0,1,Aggressive_Driving,SEDAN
4457820,MANHATTAN,9,18,1,0,Other_Unknown,STATION WAGON/SPORT UTILITY VEHICLE
4466042,BRONX,10,23,0,1,Distraction,UNKNOWN
4466028,UNKNOWN,10,11,0,1,Aggressive_Driving,SEDAN
4503921,UNKNOWN,2,8,1,1,Other_Unknown,STATION WAGON/SPORT UTILITY VEHICLE
4418735,MANHATTAN,5,13,0,0,Distraction,STATION WAGON/SPORT UTILITY VEHICLE
4427588,UNKNOWN,6,23,0,0,Distraction,PICK-UP TRUCK
4418305,QUEENS,5,11,0,0,Human_Error,BUS
4427970,UNKNOWN,6,10,0,0,Distraction,TAXI
4487318,UNKNOWN,12,20,0,0,Human_Error,SEDAN
4418974,BROOKLYN,5,17,1,1,Aggressive_Driving,SEDAN
4427743,STATEN ISLAND,6,10,0,0,Aggressive_Driving,OTHER
4491880,BROOKLYN,12,14,0,0,Human_Error,UNKNOWN
4489743,UNKNOWN,12,3,0,1,Other_Unknown,SEDAN
4419491,UNKNOWN,5,16,1,1,Distraction,BIKE
4492365,BRONX,12,10,0,0,Human_Error,STATION WAGON/SPORT UTILITY VEHICLE
4410459,BRONX,4,1,0,0,Distraction,SEDAN
4428179,QUEENS,6,17,1,0,Other_Unknown,STATION WAGON/SPORT UTILITY VEHICLE
4428561,QUEENS,6,13,0,0,Other_Unknown,SEDAN
4427888,BROOKLYN,6,23,0,0,Aggressive_Driving,SEDAN
4419709,BROOKLYN,5,19,0,1,Distraction,SEDAN
4411045,UNKNOWN,4,12,0,0,Human_Error,SEDAN
4542011,QUEENS,6,19,0,0,Aggressive_Driving,SEDAN
4543038,UNKNOWN,7,15,0,0,Other_Unknown,OTHER
4428478,MANHATTAN,6,12,0,0,Other_Unknown,BOX TRUCK
4492264,UNKNOWN,1,15,0,0,Aggressive_Driving,SEDAN
4458414,UNKNOWN,8,17,1,0,Distraction,E-BIKE
4458200,BROOKLYN,9,11,0,0,Distraction,SEDAN
4457595,UNKNOWN,9,14,0,0,Distraction,STATION WAGON/SPORT UTILITY VEHICLE
4428899,BROOKLYN,6,1,0,1,Other_Unknown,SEDAN
4412048,STATEN ISLAND,4,21,0,1,Other_Unknown,PICK-UP TRUCK
4412771,BROOKLYN,4,18,1,0,Distraction,STATION WAGON/SPORT UTILITY VEHICLE
4566155,UNKNOWN,9,16,1,0,Other_Unknown,SEDAN
4566464,BROOKLYN,9,6,0,0,Human_Error,SEDAN
4516897,UNKNOWN,3,11,0,1,Human_Error,SEDAN
4412530,BROOKLYN,4,17,1,0,Distraction,UNKNOWN
4515991,UNKNOWN,4,3,0,0,Aggressive_Driving,SEDAN
4462989,MANHATTAN,9,20,0,0,Human_Error,STATION WAGON/SPORT UTILITY VEHICLE
4429634,UNKNOWN,6,17,1,0,Other_Unknown,SEDAN
4430010,MANHATTAN,5,18,1,0,Other_Unknown,OTHER
4408960,BROOKLYN,4,16,1,0,Other_Unknown,SEDAN
4412989,UNKNOWN,4,17,1,0,Other_Unknown,STATION WAGON/SPORT UTILITY VEHICLE
4421575,UNKNOWN,5,20,0,1,Other_Unknown,STATION WAGON/SPORT UTILITY VEHICLE
4543058,MANHATTAN,7,3,0,1,Other_Unknown,STATION WAGON/SPORT UTILITY VEHICLE
4430148,MANHATTAN,6,15,0,0,Other_Unknown,STATION WAGON/SPORT UTILITY VEHICLE
4487886,QUEENS,12,10,0,1,Other_Unknown,SEDAN
4422150,UNKNOWN,5,3,0,1,Other_Unknown,SEDAN
4413409,QUEENS,4,17,1,0,Other_Unknown,SEDAN
4598976,UNKNOWN,1,17,1,0,Human_Error,OTHER
4413687,UNKNOWN,4,5,0,0,Human_Error,STATION WAGON/SPORT UTILITY VEHICLE
4422217,BROOKLYN,5,17,1,0,Distraction,SEDAN
4459409,QUEENS,9,15,0,1,Human_Error,SEDAN
4431336,BROOKLYN,6,15,0,0,Other_Unknown,BIKE
4430660,UNKNOWN,6,19,0,0,Other_Unknown,OTHER
4463265,MANHATTAN,10,2,0,1,Other_Unknown,SEDAN
4459707,UNKNOWN,9,16,1,0,Other_Unknown,STATION WAGON/SPORT UTILITY VEHICLE
4459302,BROOKLYN,9,7,1,0,Distraction,PICK-UP TRUCK
4514807,BROOKLYN,3,8,1,0,Human_Error,SEDAN
4490497,UNKNOWN,12,20,0,0,Distraction,SEDAN
4422685,BROOKLYN,6,19,0,0,Other_Unknown,BUS
4431991,BROOKLYN,6,10,0,0,Human_Error,SEDAN
4414069,UNKNOWN,5,14,0,0,Distraction,SEDAN
4422978,STATEN ISLAND,6,17,1,0,Distraction,STATION WAGON/SPORT UTILITY VEHICLE
4432003,UNKNOWN,6,17,1,0,Distraction,STATION WAGON/SPORT UTILITY VEHICLE
4504768,BRONX,2,16,1,0,Other_Unknown,STATION WAGON/SPORT UTILITY VEHICLE
4463814,BROOKLYN,10,21,0,1,Other_Unknown,STATION WAGON/SPORT UTILITY VEHICLE
4464198,BROOKLYN,10,15,0,1,Other_Unknown,STATION WAGON/SPORT UTILITY VEHICLE
4515442,QUEENS,3,17,1,0,Distraction,E-BIKE
4415116,UNKNOWN,5,1,0,0,Other_Unknown,STATION WAGON/SPORT UTILITY VEHICLE
4422773,UNKNOWN,6,2,0,0,Other_Unknown,STATION WAGON/SPORT UTILITY VEHICLE
4423245,BRONX,6,1,0,0,Other_Unknown,STATION WAGON/SPORT UTILITY VEHICLE
4423512,QUEENS,6,19,0,0,Other_Unknown,SEDAN
4514340,BROOKLYN,3,14,0,0,Distraction,STATION WAGON/SPORT UTILITY VEHICLE
4566551,BRONX,9,17,1,0,Other_Unknown,STATION WAGON/SPORT UTILITY VEHICLE
4566024,UNKNOWN,9,12,0,0,Other_Unknown,STATION WAGON/SPORT UTILITY VEHICLE
4493796,BRONX,1,0,0,0,Human_Error,SEDAN
4459963,MANHATTAN,9,16,1,0,Aggressive_Driving,BUS
4460013,MANHATTAN,9,21,0,0,Distraction,SEDAN
4464706,UNKNOWN,10,17,1,0,Distraction,STATION WAGON/SPORT UTILITY VEHICLE
4415882,QUEENS,5,4,0,0,Other_Unknown,BIKE
4485055,UNKNOWN,12,17,1,0,Distraction,TAXI
4456536,UNKNOWN,9,15,0,0,Aggressive_Driving,PICK-UP TRUCK
4417037,UNKNOWN,5,0,0,0,Aggressive_Driving,STATION WAGON/SPORT UTILITY VEHICLE
4416078,STATEN ISLAND,5,15,0,0,Other_Unknown,SEDAN
4407514,BRONX,4,8,1,0,Other_Unknown,BUS
4416003,BROOKLYN,5,12,0,0,Other_Unknown,SEDAN
4408138,UNKNOWN,4,16,1,0,Human_Error,SEDAN
4465730,UNKNOWN,10,6,0,0,Distraction,STATION WAGON/SPORT UTILITY VEHICLE
4465089,UNKNOWN,10,18,1,0,Aggressive_Driving,OTHER
4513888,UNKNOWN,3,10,0,1,Other_Unknown,STATION WAGON/SPORT UTILITY VEHICLE
4514233,QUEENS,3,18,1,0,Human_Error,SEDAN
4456502,BRONX,9,18,1,1,Human_Error,STATION WAGON/SPORT UTILITY VEHICLE
4426149,QUEENS,6,11,0,0,Other_Unknown,SEDAN
4426203,UNKNOWN,6,15,0,0,Distraction,SEDAN
4425476,MANHATTAN,6,5,0,0,Other_Unknown,SEDAN
4425282,BROOKLYN,6,20,0,0,Human_Error,STATION WAGON/SPORT UTILITY VEHICLE
4426095,UNKNOWN,6,10,0,0,Human_Error,OTHER
4425177,BROOKLYN,6,9,1,0,Other_Unknown,SEDAN
4417331,BROOKLYN,5,3,0,0,Other_Unknown,SEDAN
4456958,QUEENS,9,7,1,0,Distraction,SEDAN
4457826,MANHATTAN,9,16,1,0,Aggressive_Driving,SEDAN
4543412,MANHATTAN,7,9,1,0,Other_Unknown,SEDAN
4409964,UNKNOWN,4,7,1,0,Other_Unknown,OTHER
4427279,MANHATTAN,6,23,0,1,Aggressive_Driving,SEDAN
4426993,UNKNOWN,6,4,0,1,Human_Error,SEDAN
4426756,BROOKLYN,6,3,0,1,Other_Unknown,STATION WAGON/SPORT UTILITY VEHICLE
4491309,BROOKLYN,1,3,0,1,Other_Unknown,STATION WAGON/SPORT UTILITY VEHICLE
4418871,BROOKLYN,5,23,0,0,Other_Unknown,STATION WAGON/SPORT UTILITY VEHICLE
4419546,UNKNOWN,5,17,1,1,Other_Unknown,SEDAN
4410521,MANHATTAN,4,6,0,1,Distraction,OTHER
4410602,BRONX,4,0,0,0,Other_Unknown,SEDAN
4465809,UNKNOWN,10,14,0,1,Distraction,SEDAN
4492041,UNKNOWN,12,18,1,0,Distraction,SEDAN
4428112,BRONX,6,23,0,0,Distraction,SEDAN
4514575,STATEN ISLAND,3,8,1,1,Other_Unknown,STATION WAGON/SPORT UTILITY VEHICLE
4418425,UNKNOWN,5,13,0,0,Human_Error,STATION WAGON/SPORT UTILITY VEHICLE
4418712,UNKNOWN,5,17,1,0,Other_Unknown,SEDAN
4515942,UNKNOWN,4,17,1,1,Other_Unknown,SEDAN
4461999,BROOKLYN,9,14,0,0,Distraction,STATION WAGON/SPORT UTILITY VEHICLE
4492205,BROOKLYN,1,22,0,0,Other_Unknown,SEDAN
4411354,UNKNOWN,4,23,0,0,Aggressive_Driving,TAXI
4462316,UNKNOWN,9,0,0,0,Other_Unknown,SEDAN
4485183,MANHATTAN,11,22,0,1,Other_Unknown,STATION WAGON/SPORT UTILITY VEHICLE
4542010,UNKNOWN,6,18,1,0,Human_Error,SEDAN
4458408,BRONX,9,4,0,0,Other_Unknown,STATION WAGON/SPORT UTILITY VEHICLE
4457965,BROOKLYN,9,20,0,0,Other_Unknown,SEDAN
4458121,UNKNOWN,9,8,1,0,Distraction,OTHER
4420898,QUEENS,5,22,0,1,Other_Unknown,STATION WAGON/SPORT UTILITY VEHICLE
4567293,BROOKLYN,9,1,0,1,Distraction,STATION WAGON/SPORT UTILITY VEHICLE
4412395,MANHATTAN,4,15,0,0,Human_Error,OTHER
4504313,QUEENS,2,16,1,1,Distraction,SEDAN
4458935,UNKNOWN,9,21,0,1,Road_Conditions,STATION WAGON/SPORT UTILITY VEHICLE
4411511,BROOKLYN,4,17,1,0,Other_Unknown,OTHER
4462944,QUEENS,10,15,0,0,Distraction,SEDAN
4516771,UNKNOWN,4,13,0,1,Other_Unknown,SEDAN
4463832,BRONX,10,22,0,0,Distraction,SEDAN
4543331,BRONX,7,16,1,1,Human_Error,SEDAN
4412908,UNKNOWN,4,17,1,0,Other_Unknown,STATION WAGON/SPORT UTILITY VEHICLE
4421079,BROOKLYN,5,5,0,0,Other_Unknown,SEDAN
4492140,UNKNOWN,1,5,0,0,Road_Conditions,STATION WAGON/SPORT UTILITY VEHICLE
4412773,MANHATTAN,5,10,0,1,Other_Unknown,STATION WAGON/SPORT UTILITY VEHICLE
4429890,BROOKLYN,6,16,1,0,Distraction,SEDAN
4462347,UNKNOWN,9,3,0,0,Distraction,STATION WAGON/SPORT UTILITY VEHICLE
4492946,BRONX,1,0,0,0,Other_Unknown,STATION WAGON/SPORT UTILITY VEHICLE
4493151,STATEN ISLAND,1,18,1,0,Distraction,SEDAN
4516619,QUEENS,4,17,1,0,Human_Error,SEDAN
4422208,BROOKLYN,5,23,0,0,Human_Error,SEDAN
4421576,UNKNOWN,5,12,0,1,Human_Error,SEDAN
4485819,UNKNOWN,12,11,0,1,Distraction,SEDAN
4431691,BROOKLYN,6,13,0,0,Other_Unknown,STATION WAGON/SPORT UTILITY VEHICLE
4515741,UNKNOWN,4,3,0,0,Other_Unknown,SEDAN
4431124,BROOKLYN,6,19,0,0,Other_Unknown,SEDAN
4422764,MANHATTAN,5,14,0,0,Distraction,SEDAN
4517007,QUEENS,4,10,0,1,Distraction,STATION WAGON/SPORT UTILITY VEHICLE
4490556,BROOKLYN,12,19,0,0,Other_Unknown,SEDAN
4414379,STATEN ISLAND,5,22,0,0,Distraction,SEDAN
4414524,BROOKLYN,5,17,1,0,Distraction,SEDAN
4493340,BRONX,1,11,0,1,Distraction,SEDAN
4485402,UNKNOWN,12,7,1,1,Human_Error,STATION WAGON/SPORT UTILITY VEHICLE
4463837,BROOKLYN,10,15,0,1,Distraction,SEDAN
4464359,MANHATTAN,10,2,0,1,Human_Error,SEDAN
4432123,UNKNOWN,6,1,0,0,Other_Unknown,SEDAN
4514963,BRONX,3,8,1,0,Other_Unknown,STATION WAGON/SPORT UTILITY VEHICLE
4460253,MANHATTAN,9,10,0,0,Other_Unknown,SEDAN
4423291,QUEENS,6,8,1,0,Distraction,STATION WAGON/SPORT UTILITY VEHICLE
4432358,UNKNOWN,6,18,1,0,Distraction,STATION WAGON/SPORT UTILITY VEHICLE
4494357,BROOKLYN,1,20,0,0,Other_Unknown,OTHER
4494088,UNKNOWN,1,13,0,0,Distraction,STATION WAGON/SPORT UTILITY VEHICLE
4493724,QUEENS,1,10,0,0,Distraction,SEDAN
4460503,UNKNOWN,9,8,1,0,Other_Unknown,STATION WAGON/SPORT UTILITY VEHICLE
4464427,BROOKLYN,10,11,0,0,Aggressive_Driving,SEDAN
4424162,BROOKLYN,6,1,0,0,Other_Unknown,SEDAN
4416390,BROOKLYN,5,16,1,0,Human_Error,PICK-UP TRUCK
4416383,BROOKLYN,5,6,0,0,Other_Unknown,STATION WAGON/SPORT UTILITY VEHICLE
4490581,UNKNOWN,12,15,0,0,Aggressive_Driving,STATION WAGON/SPORT UTILITY VEHICLE
4424978,QUEENS,6,16,1,0,Aggressive_Driving,SEDAN
4456164,UNKNOWN,9,4,0,1,Aggressive_Driving,SEDAN
4456098,UNKNOWN,9,21,0,1,Other_Unknown,STATION WAGON/SPORT UTILITY VEHICLE
4416795,UNKNOWN,5,19,0,0,Other_Unknown,STATION WAGON/SPORT UTILITY VEHICLE
4465129,UNKNOWN,10,18,1,0,Aggressive_Driving,SEDAN
4542291,QUEENS,6,16,1,0,Human_Error,STATION WAGON/SPORT UTILITY VEHICLE
4456101,UNKNOWN,9,9,1,1,Human_Error,TAXI
4408837,BROOKLYN,4,19,0,0,Other_Unknown,SEDAN
4461206,BROOKLYN,9,7,1,1,Road_Conditions,STATION WAGON/SPORT UTILITY VEHICLE
4460842,UNKNOWN,9,15,0,1,Human_Error,SEDAN
4461535,BROOKLYN,9,19,0,0,Distraction,SEDAN
4465811,BRONX,10,17,1,0,Distraction,SEDAN
4487288,UNKNOWN,12,10,0,0,Distraction,TAXI
4465099,BRONX,10,20,0,0,Other_Unknown,OTHER
4542553,BRONX,7,4,0,0,Other_Unknown,STATION WAGON/SPORT UTILITY VEHICLE
4516008,QUEENS,3,10,0,0,Human_Error,SEDAN
4457336,BRONX,9,9,1,0,Other_Unknown,STATION WAGON/SPORT UTILITY VEHICLE
4487207,UNKNOWN,12,13,0,0,Distraction,SEDAN
4426645,BROOKLYN,6,17,1,1,Aggressive_Driving,SEDAN
4427350,BROOKLYN,5,19,0,0,Other_Unknown,STATION WAGON/SPORT UTILITY VEHICLE
4597985,UNKNOWN,1,12,0,1,Other_Unknown,BIKE
4409727,UNKNOWN,4,8,1,0,Other_Unknown,SEDAN
4491166,BRONX,1,1,0,1,Other_Unknown,STATION WAGON/SPORT UTILITY VEHICLE
4409729,QUEENS,4,9,1,0,Other_Unknown,BUS
4466049,QUEENS,10,15,0,1,Other_Unknown,STATION WAGON/SPORT UTILITY VEHICLE
4427206,QUEENS,6,21,0,0,Human_Error,STATION WAGON/SPORT UTILITY VEHICLE
4427188,BROOKLYN,6,16,1,0,Other_Unknown,STATION WAGON/SPORT UTILITY VEHICLE
4427664,MANHATTAN,6,19,0,0,Distraction,SEDAN
4457128,UNKNOWN,9,11,0,0,Other_Unknown,PICK-UP TRUCK
4427659,BROOKLYN,6,20,0,0,Other_Unknown,STATION WAGON/SPORT UTILITY VEHICLE
4408808,BROOKLYN,4,10,0,1,Other_Unknown,SEDAN
4597822,UNKNOWN,1,3,0,1,Distraction,STATION WAGON/SPORT UTILITY VEHICLE
4419198,BROOKLYN,5,19,0,1,Other_Unknown,SEDAN
4428197,QUEENS,6,7,1,0,Other_Unknown,SEDAN
4491565,UNKNOWN,1,3,0,1,Distraction,SEDAN
4411023,UNKNOWN,4,10,0,0,Human_Error,SEDAN
4427927,QUEENS,6,16,1,0,Distraction,SEDAN
4419598,BROOKLYN,5,1,0,1,Human_Error,SEDAN
4490003,QUEENS,12,14,0,0,Other_Unknown,SEDAN
4543052,UNKNOWN,6,19,0,0,DUI_Drugs,STATION WAGON/SPORT UTILITY VEHICLE
4457689,BROOKLYN,9,16,1,0,Human_Error,STATION WAGON/SPORT UTILITY VEHICLE
4428676,BRONX,6,2,0,1,Other_Unknown,SEDAN
4420939,UNKNOWN,5,16,1,1,Other_Unknown,SEDAN
4420665,BRONX,5,22,0,0,Other_Unknown,SEDAN
4412636,BROOKLYN,4,12,0,0,Other_Unknown,PICK-UP TRUCK
4516013,QUEENS,4,2,0,0,Aggressive_Driving,SEDAN
4411908,MANHATTAN,4,6,0,0,Distraction,STATION WAGON/SPORT UTILITY VEHICLE
4458406,BROOKLYN,9,4,0,1,DUI_Drugs,OTHER
4420605,BROOKLYN,5,13,0,0,Other_Unknown,SEDAN
4412610,BRONX,5,11,0,1,Aggressive_Driving,SEDAN
4429682,UNKNOWN,6,22,0,0,Other_Unknown,SEDAN
4430097,UNKNOWN,6,14,0,0,Road_Conditions,SEDAN
4420903,QUEENS,5,22,0,0,Distraction,STATION WAGON/SPORT UTILITY VEHICLE
4488430,BROOKLYN,12,0,0,1,DUI_Drugs,STATION WAGON/SPORT UTILITY VEHICLE
4492564,BROOKLYN,1,12,0,0,Distraction,PICK-UP TRUCK
4488326,UNKNOWN,12,16,1,0,Aggressive_Driving,STATION WAGON/SPORT UTILITY VEHICLE
4459336,BROOKLYN,9,8,1,1,Other_Unknown,STATION WAGON/SPORT UTILITY VEHICLE
4543664,MANHATTAN,6,17,1,0,Other_Unknown,STATION WAGON/SPORT UTILITY VEHICLE
4490549,UNKNOWN,12,8,1,0,Other_Unknown,BUS
4413464,UNKNOWN,5,5,0,0,Other_Unknown,SEDAN
4464227,BRONX,8,10,0,0,Other_Unknown,SEDAN
4522313,BRONX,4,21,0,0,Other_Unknown,SEDAN
4430631,BRONX,6,17,1,0,Aggressive_Driving,SEDAN
4490265,UNKNOWN,12,6,0,0,Human_Error,STATION WAGON/SPORT UTILITY VEHICLE
4463871,BRONX,10,19,0,1,Other_Unknown,SEDAN
4432509,MANHATTAN,6,18,1,0,Other_Unknown,STATION WAGON/SPORT UTILITY VEHICLE
4432250,QUEENS,6,9,1,0,Other_Unknown,OTHER
4460360,UNKNOWN,9,8,1,0,Other_Unknown,SEDAN
4459927,UNKNOWN,9,20,0,0,Other_Unknown,STATION WAGON/SPORT UTILITY VEHICLE
4566059,BRONX,9,9,1,0,Human_Error,SEDAN
4415265,QUEENS,5,14,0,0,Human_Error,STATION WAGON/SPORT UTILITY VEHICLE
4415002,UNKNOWN,5,9,1,0,Other_Unknown,SEDAN
4460254,BROOKLYN,7,10,0,0,Human_Error,STATION WAGON/SPORT UTILITY VEHICLE
4423455,UNKNOWN,6,7,1,0,Other_Unknown,TAXI
4422999,QUEENS,6,18,1,0,Human_Error,SEDAN
4431800,UNKNOWN,6,8,1,0,Distraction,STATION WAGON/SPORT UTILITY VEHICLE
4464115,QUEENS,10,17,1,0,Other_Unknown,STATION WAGON/SPORT UTILITY VEHICLE
4433011,MANHATTAN,6,14,0,0,Distraction,SEDAN
4432644,QUEENS,6,18,1,0,Distraction,STATION WAGON/SPORT UTILITY VEHICLE
4543967,BRONX,7,11,0,1,Other_Unknown,STATION WAGON/SPORT UTILITY VEHICLE
4542898,UNKNOWN,6,19,0,0,Other_Unknown,SEDAN
4494154,UNKNOWN,1,8,1,0,Aggressive_Driving,SEDAN
4464329,MANHATTAN,10,7,1,0,Human_Error,SEDAN
4464422,QUEENS,10,8,1,0,Other_Unknown,STATION WAGON/SPORT UTILITY VEHICLE
4464987,UNKNOWN,10,18,1,1,Aggressive_Driving,SEDAN
4516082,BROOKLYN,3,4,0,0,Human_Error,SEDAN
4516146,BRONX,4,1,0,1,Distraction,PICK-UP TRUCK
4415914,BROOKLYN,5,18,1,0,Other_Unknown,SEDAN
4490459,QUEENS,12,12,0,0,Human_Error,OTHER
4490590,UNKNOWN,12,5,0,0,Distraction,OTHER
4425379,UNKNOWN,6,21,0,0,Distraction,UNKNOWN
4425102,BROOKLYN,6,10,0,0,Distraction,OTHER
4425495,MANHATTAN,5,5,0,0,Distraction,PICK-UP TRUCK
4456607,STATEN ISLAND,7,16,1,0,Other_Unknown,STATION WAGON/SPORT UTILITY VEHICLE
4465141,UNKNOWN,10,15,0,0,Other_Unknown,SEDAN
4465608,BROOKLYN,10,18,1,0,Other_Unknown,STATION WAGON/SPORT UTILITY VEHICLE
4513565,MANHATTAN,3,13,0,1,Other_Unknown,UNKNOWN
4514160,UNKNOWN,3,9,1,0,Other_Unknown,SEDAN
4416894,BRONX,5,4,0,1,Distraction,SEDAN
4416908,QUEENS,5,17,1,1,Human_Error,STATION WAGON/SPORT UTILITY VEHICLE
4408521,UNKNOWN,4,11,0,1,Other_Unknown,STATION WAGON/SPORT UTILITY VEHICLE
4417058,BROOKLYN,5,12,0,1,Other_Unknown,STATION WAGON/SPORT UTILITY VEHICLE
4408886,UNKNOWN,4,17,1,0,Distraction,SEDAN
4542611,UNKNOWN,7,18,1,0,Other_Unknown,STATION WAGON/SPORT UTILITY VEHICLE
4543136,BROOKLYN,6,9,1,0,Other_Unknown,SEDAN
4426349,BRONX,6,22,0,0,Distraction,SEDAN
4417288,UNKNOWN,5,14,0,1,Other_Unknown,SEDAN
4409206,BRONX,4,20,0,0,Aggressive_Driving,SEDAN
4409172,MANHATTAN,4,10,0,1,Other_Unknown,TAXI
4425827,BRONX,6,20,0,0,Other_Unknown,STATION WAGON/SPORT UTILITY VEHICLE
4425945,UNKNOWN,6,14,0,0,Other_Unknown,STATION WAGON/SPORT UTILITY VEHICLE
4417289,BRONX,5,3,0,0,Other_Unknown,OTHER
4465940,QUEENS,10,12,0,0,Human_Error,SEDAN
4489345,UNKNOWN,12,13,0,0,Human_Error,SEDAN
4457160,UNKNOWN,9,15,0,0,Distraction,STATION WAGON/SPORT UTILITY VEHICLE
4416678,QUEENS,5,0,0,0,Aggressive_Driving,SEDAN
4415565,UNKNOWN,5,20,0,0,Other_Unknown,SEDAN
4490620,UNKNOWN,12,5,0,0,Distraction,SEDAN
4490887,UNKNOWN,12,6,0,0,Distraction,SEDAN
4466101,UNKNOWN,10,20,0,0,Other_Unknown,SEDAN
4465559,UNKNOWN,10,9,1,1,Other_Unknown,STATION WAGON/SPORT UTILITY VEHICLE
4461414,BROOKLYN,9,11,0,1,Other_Unknown,STATION WAGON/SPORT UTILITY VEHICLE
4461162,UNKNOWN,9,17,1,1,Human_Error,STATION WAGON/SPORT UTILITY VEHICLE
4457210,QUEENS,9,10,0,0,Distraction,STATION WAGON/SPORT UTILITY VEHICLE
4466034,BRONX,10,23,0,1,Other_Unknown,OTHER
4489385,QUEENS,12,15,0,1,Other_Unknown,SEDAN
4427337,QUEENS,6,23,0,0,Distraction,SEDAN
4489137,UNKNOWN,12,0,0,0,Other_Unknown,STATION WAGON/SPORT UTILITY VEHICLE
4491717,BRONX,1,15,0,1,Human_Error,TAXI
4487449,UNKNOWN,12,22,0,0,Human_Error,STATION WAGON/SPORT UTILITY VEHICLE
4418235,BROOKLYN,5,9,1,0,Distraction,PICK-UP TRUCK
4410135,UNKNOWN,4,19,0,1,DUI_Drugs,STATION WAGON/SPORT UTILITY VEHICLE
4418326,UNKNOWN,5,23,0,0,Distraction,SEDAN
4543153,QUEENS,7,15,0,1,Human_Error,SEDAN
4486748,BROOKLYN,12,8,1,0,Human_Error,UNKNOWN
4419012,MANHATTAN,5,20,0,0,Other_Unknown,STATION WAGON/SPORT UTILITY VEHICLE
4418174,UNKNOWN,5,11,0,0,Other_Unknown,SEDAN
4428108,MANHATTAN,6,19,0,0,Aggressive_Driving,STATION WAGON/SPORT UTILITY VEHICLE
4410030,QUEENS,4,1,0,1,Distraction,SEDAN
4410233,UNKNOWN,4,6,0,1,Human_Error,SEDAN
4514438,UNKNOWN,3,13,0,1,Other_Unknown,STATION WAGON/SPORT UTILITY VEHICLE
4486118,BRONX,12,0,0,1,Distraction,SEDAN
4488286,BRONX,12,7,1,0,Other_Unknown,STATION WAGON/SPORT UTILITY VEHICLE
4419580,BROOKLYN,5,20,0,1,Distraction,STATION WAGON/SPORT UTILITY VEHICLE
4419787,BROOKLYN,5,19,0,1,Other_Unknown,OTHER
4490027,BROOKLYN,12,14,0,0,Other_Unknown,STATION WAGON/SPORT UTILITY VEHICLE
4489921,UNKNOWN,12,20,0,1,Other_Unknown,BUS
4541922,BROOKLYN,6,13,0,0,Other_Unknown,SEDAN
4420031,QUEENS,5,19,0,0,Other_Unknown,SEDAN
4429399,MANHATTAN,6,9,1,0,Other_Unknown,SEDAN
4429415,UNKNOWN,6,14,0,0,Distraction,PICK-UP TRUCK
4419021,MANHATTAN,5,9,1,1,Human_Error,STATION WAGON/SPORT UTILITY VEHICLE
4429523,QUEENS,6,16,1,1,Distraction,SEDAN
4491012,UNKNOWN,12,16,1,0,Other_Unknown,SEDAN
4408548,BROOKLYN,4,10,0,0,Distraction,SEDAN
4490812,BROOKLYN,12,3,0,0,Human_Error,STATION WAGON/SPORT UTILITY VEHICLE
4461034,UNKNOWN,9,2,0,1,Other_Unknown,SEDAN
4408484,BROOKLYN,4,18,1,1,Other_Unknown,STATION WAGON/SPORT UTILITY VEHICLE
4415481,UNKNOWN,5,7,1,1,Vehicle_Fail,SEDAN
4416943,QUEENS,5,9,1,1,Other_Unknown,STATION WAGON/SPORT UTILITY VEHICLE
4426559,UNKNOWN,6,13,0,0,Other_Unknown,SEDAN
4426632,MANHATTAN,6,10,0,0,Other_Unknown,STATION WAGON/SPORT UTILITY VEHICLE
4461000,QUEENS,9,22,0,1,Other_Unknown,SEDAN
4425922,QUEENS,6,14,0,0,Distraction,TAXI
4426223,UNKNOWN,6,9,1,0,Other_Unknown,SEDAN
4417258,BROOKLYN,5,17,1,1,Other_Unknown,STATION WAGON/SPORT UTILITY VEHICLE
4598212,BRONX,1,17,1,1,Other_Unknown,STATION WAGON/SPORT UTILITY VEHICLE
4426038,QUEENS,6,13,0,0,Distraction,MOTORCYCLE
4425850,BRONX,6,16,1,0,Other_Unknown,SEDAN
4487818,BRONX,12,23,0,0,Distraction,SEDAN
4426027,UNKNOWN,5,18,1,0,Human_Error,SEDAN
4417468,BROOKLYN,5,9,1,0,Other_Unknown,STATION WAGON/SPORT UTILITY VEHICLE
4426478,BROOKLYN,6,18,1,1,Human_Error,SEDAN
4465091,BRONX,10,17,1,0,Other_Unknown,SEDAN
4515670,MANHATTAN,4,6,0,1,Other_Unknown,SEDAN
4411670,MANHATTAN,4,14,0,0,Human_Error,STATION WAGON/SPORT UTILITY VEHICLE
4411902,BRONX,4,13,0,0,Other_Unknown,SEDAN
4429188,BRONX,6,15,0,1,Aggressive_Driving,STATION WAGON/SPORT UTILITY VEHICLE
4429830,MANHATTAN,6,17,1,0,Human_Error,MOTORCYCLE
4411605,UNKNOWN,4,3,0,0,Aggressive_Driving,SEDAN
4411904,UNKNOWN,4,12,0,0,Human_Error,STATION WAGON/SPORT UTILITY VEHICLE
4421368,UNKNOWN,5,13,0,0,Distraction,SEDAN
4543300,BRONX,7,21,0,1,Distraction,E-BIKE
4493347,QUEENS,1,13,0,0,Other_Unknown,STATION WAGON/SPORT UTILITY VEHICLE
4459268,UNKNOWN,9,19,0,0,Other_Unknown,SEDAN
4413614,UNKNOWN,5,19,0,1,Aggressive_Driving,STATION WAGON/SPORT UTILITY VEHICLE
4492907,QUEENS,1,19,0,1,Other_Unknown,SEDAN
4485562,BROOKLYN,12,12,0,0,Distraction,STATION WAGON/SPORT UTILITY VEHICLE
4414124,BROOKLYN,4,19,0,0,Other_Unknown,STATION WAGON/SPORT UTILITY VEHICLE
4464213,UNKNOWN,9,12,0,0,Human_Error,STATION WAGON/SPORT UTILITY VEHICLE
4514246,QUEENS,3,9,1,0,Other_Unknown,SEDAN
4516481,UNKNOWN,4,12,0,0,Other_Unknown,SEDAN
4516629,QUEENS,4,21,0,0,Aggressive_Driving,SEDAN
4463386,QUEENS,10,11,0,1,Human_Error,SEDAN
4488438,MANHATTAN,12,11,0,0,Distraction,SEDAN
4490328,UNKNOWN,12,19,0,0,Distraction,STATION WAGON/SPORT UTILITY VEHICLE
4493195,QUEENS,1,14,0,1,Human_Error,SEDAN
4414185,BROOKLYN,5,8,1,0,Human_Error,SEDAN
4567328,UNKNOWN,9,0,0,1,Human_Error,SEDAN
4423386,UNKNOWN,6,19,0,0,Human_Error,SEDAN
4488211,QUEENS,12,2,0,0,Road_Conditions,BOX TRUCK
4432284,UNKNOWN,6,10,0,0,Other_Unknown,STATION WAGON/SPORT UTILITY VEHICLE
4423486,BRONX,6,0,0,0,DUI_Drugs,SEDAN
4415070,MANHATTAN,5,4,0,1,DUI_Drugs,STATION WAGON/SPORT UTILITY VEHICLE
4521628,UNKNOWN,4,17,1,1,Other_Unknown,SEDAN
4460722,BROOKLYN,9,19,0,0,Other_Unknown,STATION WAGON/SPORT UTILITY VEHICLE
4417276,BROOKLYN,5,13,0,0,Other_Unknown,STATION WAGON/SPORT UTILITY VEHICLE
4457122,UNKNOWN,9,8,1,0,Other_Unknown,SEDAN
4426379,UNKNOWN,6,2,0,1,Other_Unknown,SEDAN
4457249,QUEENS,9,13,0,0,Aggressive_Driving,STATION WAGON/SPORT UTILITY VEHICLE
4417806,BROOKLYN,5,10,0,0,Human_Error,SEDAN
4427029,BROOKLYN,6,14,0,0,Distraction,STATION WAGON/SPORT UTILITY VEHICLE
4465604,UNKNOWN,10,4,0,1,Distraction,SEDAN
4461175,UNKNOWN,9,14,0,1,Distraction,SEDAN
4489797,QUEENS,12,15,0,0,Aggressive_Driving,BIKE
4409826,MANHATTAN,4,12,0,0,Distraction,SEDAN
4427463,UNKNOWN,6,20,0,0,Human_Error,STATION WAGON/SPORT UTILITY VEHICLE
4409317,UNKNOWN,4,10,0,0,Aggressive_Driving,SEDAN
4462358,QUEENS,9,13,0,0,Human_Error,STATION WAGON/SPORT UTILITY VEHICLE
4409921,BRONX,4,13,0,0,Distraction,SEDAN
4457110,QUEENS,9,6,0,0,Aggressive_Driving,STATION WAGON/SPORT UTILITY VEHICLE
4457777,MANHATTAN,9,20,0,0,Distraction,SEDAN
4542998,QUEENS,7,23,0,1,Other_Unknown,SEDAN
4410059,BRONX,4,12,0,1,Other_Unknown,SEDAN
4410649,UNKNOWN,4,4,0,1,Other_Unknown,SEDAN
4419290,UNKNOWN,5,17,1,0,Distraction,STATION WAGON/SPORT UTILITY VEHICLE
4462067,MANHATTAN,9,17,1,0,Distraction,OTHER
4419938,UNKNOWN,5,1,0,1,Distraction,STATION WAGON/SPORT UTILITY VEHICLE
4488151,UNKNOWN,12,16,1,1,Human_Error,SEDAN
4428403,UNKNOWN,6,6,0,0,DUI_Drugs,STATION WAGON/SPORT UTILITY VEHICLE
4427722,UNKNOWN,6,11,0,0,Aggressive_Driving,STATION WAGON/SPORT UTILITY VEHICLE
4411069,UNKNOWN,4,10,0,0,Other_Unknown,OTHER
4419706,BRONX,5,23,0,1,Distraction,SEDAN
4428612,UNKNOWN,5,18,1,0,Other_Unknown,SEDAN
4429433,QUEENS,6,14,0,1,Human_Error,TAXI
4428790,QUEENS,6,20,0,1,Distraction,STATION WAGON/SPORT UTILITY VEHICLE
4503967,BRONX,2,12,0,1,Distraction,SEDAN
4412805,BROOKLYN,4,17,1,0,Other_Unknown,SEDAN
4411776,UNKNOWN,4,14,0,0,Distraction,STATION WAGON/SPORT UTILITY VEHICLE
4462948,UNKNOWN,9,13,0,0,Distraction,SEDAN
4462311,BROOKLYN,9,13,0,0,Human_Error,PICK-UP TRUCK
4412709,UNKNOWN,4,9,1,0,Human_Error,SEDAN
4462356,QUEENS,9,1,0,0,Other_Unknown,SEDAN
4412522,BROOKLYN,4,8,1,0,Other_Unknown,STATION WAGON/SPORT UTILITY VEHICLE
4516202,QUEENS,4,10,0,0,Distraction,BOX TRUCK
4462841,MANHATTAN,9,18,1,0,Distraction,STATION WAGON/SPORT UTILITY VEHICLE
4412394,UNKNOWN,5,21,0,1,Aggressive_Driving,STATION WAGON/SPORT UTILITY VEHICLE
4492239,BROOKLYN,1,14,0,0,Human_Error,STATION WAGON/SPORT UTILITY VEHICLE
4420814,MANHATTAN,5,20,0,0,Distraction,SEDAN
4413254,QUEENS,5,2,0,1,Road_Conditions,SEDAN
4493016,BROOKLYN,1,0,0,0,Other_Unknown,SEDAN
4492508,BROOKLYN,1,23,0,0,Distraction,STATION WAGON/SPORT UTILITY VEHICLE
4422138,UNKNOWN,5,14,0,0,Aggressive_Driving,STATION WAGON/SPORT UTILITY VEHICLE
4413209,BRONX,5,19,0,0,Other_Unknown,STATION WAGON/SPORT UTILITY VEHICLE
4413819,BROOKLYN,4,20,0,0,Other_Unknown,SEDAN
4493549,BROOKLYN,1,6,0,1,Human_Error,SEDAN
4488090,BROOKLYN,12,21,0,1,Distraction,SEDAN
4422454,UNKNOWN,5,10,0,0,Other_Unknown,SEDAN
4413298,QUEENS,5,8,1,0,Vehicle_Fail,SEDAN
4515358,BRONX,4,9,1,0,Other_Unknown,SEDAN
4430330,QUEENS,6,0,0,0,Distraction,STATION WAGON/SPORT UTILITY VEHICLE
4503988,QUEENS,2,18,1,1,Human_Error,SEDAN
4459938,BROOKLYN,9,5,0,0,Other_Unknown,STATION WAGON/SPORT UTILITY VEHICLE
4459439,BRONX,9,19,0,0,Other_Unknown,STATION WAGON/SPORT UTILITY VEHICLE
4459818,BROOKLYN,7,0,0,0,Distraction,OTHER
4459945,BROOKLYN,7,22,0,0,Distraction,SEDAN
4463772,QUEENS,10,7,1,1,Distraction,PICK-UP TRUCK
4493082,UNKNOWN,1,5,0,1,Aggressive_Driving,STATION WAGON/SPORT UTILITY VEHICLE
4517003,BRONX,4,13,0,0,Other_Unknown,STATION WAGON/SPORT UTILITY VEHICLE
4514677,MANHATTAN,3,8,1,0,Aggressive_Driving,STATION WAGON/SPORT UTILITY VEHICLE
4543771,BROOKLYN,7,9,1,1,Distraction,SEDAN
4414750,BRONX,5,0,0,0,Other_Unknown,STATION WAGON/SPORT UTILITY VEHICLE
4566920,UNKNOWN,9,12,0,0,Other_Unknown,SEDAN
4463909,QUEENS,10,22,0,1,Distraction,STATION WAGON/SPORT UTILITY VEHICLE
4464604,QUEENS,9,2,0,0,DUI_Drugs,SEDAN
4488732,MANHATTAN,12,18,1,0,Other_Unknown,STATION WAGON/SPORT UTILITY VEHICLE
4423838,BRONX,6,17,1,0,Human_Error,STATION WAGON/SPORT UTILITY VEHICLE
4432019,BROOKLYN,6,17,1,0,Other_Unknown,STATION WAGON/SPORT UTILITY VEHICLE
4414676,MANHATTAN,5,12,0,1,Distraction,SEDAN
4423702,BROOKLYN,6,11,0,0,Distraction,SEDAN
4566928,BROOKLYN,9,16,1,0,Other_Unknown,SEDAN
4488719,UNKNOWN,12,13,0,0,Other_Unknown,SEDAN
4459632,UNKNOWN,9,0,0,0,Aggressive_Driving,SEDAN
4543638,UNKNOWN,7,9,1,0,Human_Error,OTHER
4485984,BRONX,12,18,1,0,Other_Unknown,STATION WAGON/SPORT UTILITY VEHICLE
4424733,QUEENS,6,15,0,1,Human_Error,PICK-UP TRUCK
4425324,BROOKLYN,6,4,0,1,DUI_Drugs,STATION WAGON/SPORT UTILITY VEHICLE
4416550,BROOKLYN,5,21,0,0,Other_Unknown,SEDAN
4416495,QUEENS,5,11,0,0,Other_Unknown,SEDAN
4408271,UNKNOWN,4,9,1,0,Human_Error,STATION WAGON/SPORT UTILITY VEHICLE
4407714,QUEENS,4,0,0,0,Aggressive_Driving,SEDAN
4415917,BROOKLYN,5,19,0,0,Other_Unknown,STATION WAGON/SPORT UTILITY VEHICLE
